OrderID,LineNumber,ClientID,ProductKey,DateCommande,Quantite,PrixUnitaire,Remise,Region,Statut,Canal
CMD00001,1,CL0086,PR0056,2025-06-18,4,37.83,0,Bretagne,Livrée,Boutique
CMD00002,1,CL0017,PR0008,2025-11-24,3,43.75,0.14,Occitanie,Livrée,En ligne
CMD00002,2,CL0017,PR0047,2025-11-24,1,18.00,0.13,Occitanie,Livrée,En ligne
CMD00002,3,CL0017,PR0015,2025-11-24,2,23.82,0,Occitanie,Annulée,En ligne
CMD00002,4,CL0017,PR0013,2025-11-24,4,26.09,0,Occitanie,Livrée,Mobile
CMD00003,1,CL0041,PR0027,2024-12-15,2,26.37,0,Île-de-France,Annulée,Mobile
CMD00003,2,CL0041,PR0004,2024-12-15,3,40.05,0,Île-de-France,Livrée,Boutique
CMD00003,3,CL0041,PR0040,2024-12-15,3,25.90,0,Île-de-France,Livrée,Mobile
CMD00004,1,CL0154,PR0014,2024-02-07,4,27.27,0,Bretagne,Livrée,En ligne
CMD00004,2,CL0154,PR0042,2024-02-07,3,38.11,0,Bretagne,Annulée,En ligne
CMD00005,1,CL0168,PR0026,2025-10-14,1,19.21,0,Bretagne,Annulée,Boutique
CMD00005,2,CL0168,PR0016,2025-10-14,5,30.71,0,Bretagne,Annulée,Mobile
CMD00005,3,CL0168,PR0001,2025-10-14,5,25.87,0,Bretagne,Livrée,Mobile
CMD00006,1,CL0164,PR0011,2024-08-27,5,37.96,0,Est,Livrée,Boutique
CMD00006,2,CL0164,PR0015,2024-08-27,2,20.42,0,Est,Annulée,Mobile
CMD00007,1,CL0094,PR0004,2025-08-20,4,20.34,0.02,Nord,Livrée,En ligne
CMD00008,1,CL0020,PR0025,2025-04-24,3,5.27,0,Bretagne,En cours,En ligne
CMD00008,2,CL0020,PR0011,2025-04-24,4,46.20,0.14,Bretagne,Livrée,En ligne
CMD00009,1,CL0183,PR0055,2024-08-17,4,44.10,0.02,Sud,Livrée,Boutique
CMD00009,2,CL0183,PR0035,2024-08-17,2,14.81,0,Sud,En cours,Boutique
CMD00010,1,CL0053,PR0056,2025-06-12,2,15.69,0,Île-de-France,Livrée,Boutique
CMD00011,1,CL0068,PR0039,2024-11-10,3,15.18,0,Est,En cours,Boutique
CMD00011,2,CL0068,PR0017,2024-11-10,2,8.45,0,Est,Livrée,En ligne
CMD00011,3,CL0068,PR0012,2024-11-10,2,34.67,0,Est,Livrée,En ligne
CMD00011,4,CL0068,PR0019,2024-11-10,1,12.45,0,Est,Livrée,En ligne
CMD00012,1,CL0136,PR0049,2024-06-19,3,15.89,0,Bretagne,Livrée,Boutique
CMD00012,2,CL0136,PR0040,2024-06-19,2,42.16,0,Bretagne,Livrée,Boutique
CMD00012,3,CL0136,PR0057,2024-06-19,2,25.77,0,Bretagne,En cours,Boutique
CMD00012,4,CL0136,PR0002,2024-06-19,2,31.95,0,Bretagne,Annulée,Mobile
CMD00013,1,CL0167,PR0021,2025-08-12,5,19.61,0,Auvergne-Rhône-Alpes,Livrée,En ligne
CMD00013,2,CL0167,PR0017,2025-08-12,4,39.21,0,Auvergne-Rhône-Alpes,Annulée,En ligne
CMD00013,3,CL0167,PR0019,2025-08-12,2,16.27,0,Auvergne-Rhône-Alpes,Livrée,Mobile
CMD00013,4,CL0167,PR0039,2025-08-12,5,37.23,0,Auvergne-Rhône-Alpes,Livrée,Mobile
CMD00014,1,CL0159,PR0007,2024-02-01,4,6.73,0,Auvergne-Rhône-Alpes,Livrée,Mobile
CMD00014,2,CL0159,PR0041,2024-02-01,4,15.68,0,Auvergne-Rhône-Alpes,Livrée,En ligne
CMD00014,3,CL0159,PR0027,2024-02-01,2,35.20,0.08,Auvergne-Rhône-Alpes,En cours,Mobile
CMD00014,4,CL0159,PR0060,2024-02-01,2,37.92,0,Auvergne-Rhône-Alpes,Livrée,Mobile
CMD00015,1,CL0144,PR0011,2025-11-02,5,8.11,0,Est,Annulée,Boutique
CMD00016,1,CL0190,PR0044,2024-07-27,2,6.29,0,Île-de-France,Annulée,Boutique
CMD00016,2,CL0190,PR0046,2024-07-27,3,33.89,0.06,Île-de-France,Livrée,Boutique
CMD00016,3,CL0190,PR0014,2024-07-27,3,43.34,0,Île-de-France,Livrée,En ligne
CMD00016,4,CL0190,PR0009,2024-07-27,2,3.77,0.29,Île-de-France,Livrée,Mobile
CMD00017,1,CL0118,PR0008,2024-12-26,3,46.57,0,Nord,Livrée,Mobile
CMD00018,1,CL0078,PR0027,2025-12-06,1,24.18,0,Auvergne-Rhône-Alpes,Livrée,Boutique
CMD00019,1,CL0159,PR0038,2025-11-16,4,43.93,0,Auvergne-Rhône-Alpes,Livrée,Mobile
CMD00019,2,CL0159,PR0021,2025-11-16,3,5.13,0.08,Auvergne-Rhône-Alpes,Livrée,Boutique
CMD00020,1,CL0190,PR0011,2025-05-06,1,36.14,0,Île-de-France,Livrée,Boutique
CMD00021,1,CL0163,PR0015,2025-08-18,5,17.99,0.13,Est,Annulée,Mobile
CMD00021,2,CL0163,PR0003,2025-08-18,3,17.04,0.00,Est,Livrée,Boutique
CMD00021,3,CL0163,PR0005,2025-08-18,2,15.99,0.03,Est,Livrée,Boutique
CMD00022,1,CL0064,PR0017,2024-02-06,4,13.12,0,Est,Livrée,En ligne
CMD00022,2,CL0064,PR0027,2024-02-06,5,3.52,0.23,Est,Annulée,Mobile
CMD00023,1,CL0115,PR0031,2025-06-27,3,44.13,0,Auvergne-Rhône-Alpes,Livrée,Mobile
CMD00023,2,CL0115,PR0020,2025-06-27,4,20.29,0,Auvergne-Rhône-Alpes,Livrée,Mobile
CMD00024,1,CL0113,PR0032,2024-08-09,1,33.87,0,Occitanie,Livrée,En ligne
CMD00024,2,CL0113,PR0053,2024-08-09,1,43.88,0,Occitanie,En cours,Boutique
CMD00024,3,CL0113,PR0006,2024-08-09,2,22.64,0,Occitanie,En cours,En ligne
CMD00024,4,CL0113,PR0035,2024-08-09,2,29.14,0,Occitanie,Annulée,Boutique
CMD00025,1,CL0097,PR0006,2025-08-25,1,28.86,0.02,Île-de-France,Livrée,En ligne
CMD00026,1,CL0104,PR0041,2024-04-19,5,14.20,0,Île-de-France,Livrée,Boutique
CMD00026,2,CL0104,PR0046,2024-04-19,4,8.32,0,Île-de-France,Livrée,En ligne
CMD00026,3,CL0104,PR0017,2024-04-19,5,28.98,0.20,Île-de-France,Livrée,En ligne
CMD00027,1,CL0191,PR0014,2024-03-03,3,6.55,0,Est,Livrée,Boutique
CMD00027,2,CL0191,PR0059,2024-03-03,1,36.40,0,Est,Livrée,Boutique
CMD00027,3,CL0191,PR0004,2024-03-03,1,14.36,0,Est,Annulée,Mobile
CMD00027,4,CL0191,PR0032,2024-03-03,1,31.83,0,Est,Livrée,Mobile
CMD00028,1,CL0166,PR0033,2024-03-20,3,29.36,0,Sud,Livrée,Boutique
CMD00028,2,CL0166,PR0029,2024-03-20,3,42.33,0,Sud,Annulée,En ligne
CMD00028,3,CL0166,PR0043,2024-03-20,3,12.59,0,Sud,Livrée,Mobile
CMD00029,1,CL0065,PR0059,2025-01-14,4,26.38,0,Occitanie,Annulée,En ligne
CMD00029,2,CL0065,PR0023,2025-01-14,3,13.99,0,Occitanie,En cours,Mobile
CMD00029,3,CL0065,PR0020,2025-01-14,4,5.87,0,Occitanie,Annulée,En ligne
CMD00029,4,CL0065,PR0035,2025-01-14,1,35.09,0,Occitanie,Livrée,Boutique
CMD00030,1,CL0010,PR0031,2025-03-20,4,42.89,0,Nord,En cours,En ligne
CMD00031,1,CL0104,PR0036,2024-02-26,2,5.25,0,Île-de-France,Livrée,En ligne
CMD00031,2,CL0104,PR0044,2024-02-26,1,23.76,0,Île-de-France,Livrée,Mobile
CMD00031,3,CL0104,PR0058,2024-02-26,4,29.85,0.06,Île-de-France,Annulée,Mobile
CMD00032,1,CL0089,PR0003,2025-07-08,1,19.48,0,Occitanie,Livrée,En ligne
CMD00032,2,CL0089,PR0027,2025-07-08,4,33.51,0,Occitanie,Livrée,Mobile
CMD00032,3,CL0089,PR0006,2025-07-08,3,17.08,0,Occitanie,En cours,Mobile
CMD00033,1,CL0131,PR0060,2024-08-21,4,3.34,0,Auvergne-Rhône-Alpes,Annulée,Boutique
CMD00034,1,CL0093,PR0001,2025-02-01,3,22.79,0,Auvergne-Rhône-Alpes,Livrée,Mobile
CMD00035,1,CL0088,PR0058,2025-03-27,1,16.74,0,Ouest,Livrée,En ligne
CMD00036,1,CL0001,PR0026,2024-11-09,2,30.77,0,Île-de-France,Annulée,En ligne
CMD00036,2,CL0001,PR0004,2024-11-09,5,33.80,0,Île-de-France,Livrée,Mobile
CMD00037,1,CL0009,PR0046,2025-05-18,2,26.24,0,Est,Livrée,Boutique
CMD00037,2,CL0009,PR0029,2025-05-18,2,21.40,0,Est,Livrée,Boutique
CMD00037,3,CL0009,PR0053,2025-05-18,1,33.03,0.18,Est,Livrée,Boutique
CMD00038,1,CL0136,PR0010,2025-03-10,3,2.59,0,Bretagne,Annulée,En ligne
CMD00039,1,CL0140,PR0054,2025-07-22,3,14.04,0,Ouest,Livrée,Mobile
CMD00039,2,CL0140,PR0019,2025-07-22,5,24.30,0,Ouest,Livrée,Boutique
CMD00040,1,CL0200,PR0004,2025-12-19,1,41.75,0,Bretagne,Livrée,Boutique
CMD00040,2,CL0200,PR0009,2025-12-19,2,38.98,0,Bretagne,En cours,Mobile
CMD00040,3,CL0200,PR0029,2025-12-19,3,45.28,0,Bretagne,Livrée,Boutique
CMD00040,4,CL0200,PR0048,2025-12-19,5,33.95,0.21,Bretagne,En cours,Boutique
CMD00041,1,CL0093,PR0008,2025-12-27,1,6.20,0.14,Auvergne-Rhône-Alpes,Livrée,En ligne
CMD00041,2,CL0093,PR0039,2025-12-27,3,16.18,0.14,Auvergne-Rhône-Alpes,Livrée,Mobile
CMD00041,3,CL0093,PR0035,2025-12-27,5,38.05,0.24,Auvergne-Rhône-Alpes,Livrée,Boutique
CMD00042,1,CL0107,PR0009,2024-07-27,3,7.02,0.13,Auvergne-Rhône-Alpes,Annulée,En ligne
CMD00042,2,CL0107,PR0011,2024-07-27,5,39.76,0.13,Auvergne-Rhône-Alpes,Livrée,En ligne
CMD00042,3,CL0107,PR0044,2024-07-27,1,37.73,0,Auvergne-Rhône-Alpes,Annulée,Boutique
CMD00043,1,CL0198,PR0044,2024-10-15,3,25.39,0,Sud,En cours,Mobile
CMD00043,2,CL0198,PR0048,2024-10-15,2,20.93,0,Sud,Livrée,Boutique
CMD00043,3,CL0198,PR0018,2024-10-15,2,19.60,0,Sud,Livrée,Mobile
CMD00043,4,CL0198,PR0010,2024-10-15,2,29.36,0,Sud,Livrée,En ligne
CMD00044,1,CL0039,PR0029,2024-03-12,2,20.85,0,Auvergne-Rhône-Alpes,En cours,En ligne
CMD00044,2,CL0039,PR0046,2024-03-12,2,6.20,0,Auvergne-Rhône-Alpes,Livrée,Boutique
CMD00045,1,CL0080,PR0054,2025-06-25,4,29.29,0,Est,Livrée,Mobile
CMD00045,2,CL0080,PR0009,2025-06-25,1,14.71,0,Est,Livrée,En ligne
CMD00045,3,CL0080,PR0011,2025-06-25,5,30.57,0,Est,Livrée,Mobile
CMD00046,1,CL0199,PR0042,2025-10-12,5,32.06,0,Île-de-France,En cours,Boutique
CMD00047,1,CL0196,PR0050,2024-09-20,3,42.99,0,Auvergne-Rhône-Alpes,Livrée,En ligne
CMD00047,2,CL0196,PR0049,2024-09-20,1,17.08,0,Auvergne-Rhône-Alpes,En cours,En ligne
CMD00048,1,CL0134,PR0005,2024-06-23,1,5.48,0,Ouest,Livrée,Boutique
CMD00048,2,CL0134,PR0024,2024-06-23,5,3.42,0,Ouest,Livrée,Mobile
CMD00048,3,CL0134,PR0035,2024-06-23,3,46.14,0,Ouest,Annulée,En ligne
CMD00048,4,CL0134,PR0043,2024-06-23,2,6.72,0,Ouest,Livrée,En ligne
CMD00049,1,CL0023,PR0017,2024-03-28,1,33.98,0,Nord,Annulée,Mobile
CMD00049,2,CL0023,PR0010,2024-03-28,5,20.48,0,Nord,Livrée,Mobile
CMD00049,3,CL0023,PR0036,2024-03-28,4,46.50,0.04,Nord,Livrée,Mobile
CMD00049,4,CL0023,PR0013,2024-03-28,2,29.27,0,Nord,Livrée,Boutique
CMD00050,1,CL0113,PR0024,2024-10-16,5,40.76,0,Occitanie,En cours,Mobile
CMD00050,2,CL0113,PR0018,2024-10-16,5,10.80,0,Occitanie,Livrée,Boutique
CMD00050,3,CL0113,PR0027,2024-10-16,3,45.23,0.19,Occitanie,Livrée,En ligne
CMD00050,4,CL0113,PR0012,2024-10-16,2,15.33,0,Occitanie,En cours,Boutique
CMD00051,1,CL0160,PR0035,2024-12-04,3,4.53,0.02,Bretagne,Livrée,Mobile
CMD00052,1,CL0186,PR0008,2025-01-01,5,24.62,0,Sud,Annulée,Mobile
CMD00052,2,CL0186,PR0049,2025-01-01,3,20.10,0,Sud,Annulée,Boutique
CMD00053,1,CL0127,PR0014,2025-01-09,3,35.34,0,Est,En cours,En ligne
CMD00053,2,CL0127,PR0014,2025-01-09,4,8.01,0,Est,En cours,Mobile
CMD00053,3,CL0127,PR0010,2025-01-09,4,29.73,0,Est,Livrée,Mobile
CMD00054,1,CL0059,PR0013,2025-07-16,3,12.68,0,Est,Livrée,En ligne
CMD00054,2,CL0059,PR0033,2025-07-16,2,43.47,0,Est,Annulée,Boutique
CMD00055,1,CL0126,PR0014,2025-04-11,1,33.54,0,Occitanie,En cours,En ligne
CMD00055,2,CL0126,PR0004,2025-04-11,2,41.35,0,Occitanie,Livrée,Mobile
CMD00056,1,CL0149,PR0045,2024-09-06,2,34.12,0,Est,Livrée,En ligne
CMD00056,2,CL0149,PR0050,2024-09-06,1,19.11,0,Est,En cours,Boutique
CMD00056,3,CL0149,PR0055,2024-09-06,1,23.91,0.22,Est,En cours,Mobile
CMD00057,1,CL0033,PR0016,2024-01-13,2,13.24,0,Auvergne-Rhône-Alpes,Livrée,Boutique
CMD00057,2,CL0033,PR0032,2024-01-13,4,21.39,0.17,Auvergne-Rhône-Alpes,Annulée,Boutique
CMD00057,3,CL0033,PR0011,2024-01-13,4,21.14,0,Auvergne-Rhône-Alpes,En cours,Mobile
CMD00058,1,CL0070,PR0056,2025-06-01,2,16.54,0,Sud,En cours,En ligne
CMD00059,1,CL0198,PR0014,2024-09-16,2,45.65,0,Sud,Annulée,Mobile
CMD00059,2,CL0198,PR0016,2024-09-16,2,39.55,0,Sud,En cours,Boutique
CMD00059,3,CL0198,PR0031,2024-09-16,1,33.07,0,Sud,En cours,Mobile
CMD00059,4,CL0198,PR0015,2024-09-16,2,22.43,0,Sud,En cours,Mobile
CMD00060,1,CL0067,PR0007,2025-10-23,4,27.85,0,Ouest,En cours,Mobile
CMD00060,2,CL0067,PR0010,2025-10-23,5,30.99,0,Ouest,Livrée,Boutique
CMD00060,3,CL0067,PR0036,2025-10-23,5,11.19,0,Ouest,Livrée,En ligne
CMD00061,1,CL0131,PR0001,2024-04-18,3,36.48,0,Auvergne-Rhône-Alpes,Annulée,En ligne
CMD00061,2,CL0131,PR0028,2024-04-18,1,29.43,0,Auvergne-Rhône-Alpes,Livrée,En ligne
CMD00061,3,CL0131,PR0020,2024-04-18,4,35.93,0,Auvergne-Rhône-Alpes,Livrée,Boutique
CMD00061,4,CL0131,PR0015,2024-04-18,2,8.29,0,Auvergne-Rhône-Alpes,Livrée,En ligne
CMD00062,1,CL0049,PR0001,2025-09-17,3,46.77,0,Auvergne-Rhône-Alpes,Livrée,En ligne
CMD00062,2,CL0049,PR0044,2025-09-17,4,3.63,0,Auvergne-Rhône-Alpes,En cours,En ligne
CMD00063,1,CL0132,PR0015,2024-12-02,4,14.06,0,Auvergne-Rhône-Alpes,Livrée,Boutique
CMD00064,1,CL0188,PR0053,2025-02-22,5,25.00,0,Bretagne,Livrée,En ligne
CMD00064,2,CL0188,PR0007,2025-02-22,3,17.17,0,Bretagne,Livrée,Boutique
CMD00064,3,CL0188,PR0020,2025-02-22,1,40.08,0,Bretagne,Livrée,En ligne
CMD00065,1,CL0042,PR0028,2024-06-02,4,31.71,0,Bretagne,Annulée,Boutique
CMD00065,2,CL0042,PR0060,2024-06-02,2,9.08,0,Bretagne,Livrée,Boutique
CMD00066,1,CL0082,PR0023,2025-05-18,3,44.62,0,Bretagne,Livrée,Mobile
CMD00066,2,CL0082,PR0032,2025-05-18,1,41.92,0,Bretagne,Livrée,Boutique
CMD00066,3,CL0082,PR0043,2025-05-18,5,23.01,0.11,Bretagne,Livrée,Mobile
CMD00067,1,CL0019,PR0053,2025-12-23,1,10.83,0,Est,Livrée,Mobile
CMD00068,1,CL0054,PR0020,2024-08-16,5,19.20,0.13,Est,Annulée,En ligne
CMD00068,2,CL0054,PR0001,2024-08-16,3,20.31,0,Est,Livrée,Boutique
CMD00068,3,CL0054,PR0040,2024-08-16,2,43.86,0,Est,Livrée,Boutique
CMD00069,1,CL0149,PR0041,2024-07-08,1,4.33,0,Est,Livrée,Mobile
CMD00069,2,CL0149,PR0056,2024-07-08,3,40.58,0,Est,Livrée,En ligne
CMD00070,1,CL0198,PR0048,2024-08-01,5,5.55,0,Sud,En cours,Mobile
CMD00070,2,CL0198,PR0019,2024-08-01,3,37.66,0,Sud,Annulée,En ligne
CMD00070,3,CL0198,PR0008,2024-08-01,5,18.57,0.12,Sud,Annulée,Boutique
CMD00070,4,CL0198,PR0058,2024-08-01,3,35.14,0.25,Sud,Livrée,En ligne
CMD00071,1,CL0152,PR0013,2025-07-03,2,25.57,0.06,Auvergne-Rhône-Alpes,Annulée,En ligne
CMD00071,2,CL0152,PR0046,2025-07-03,5,26.51,0.18,Auvergne-Rhône-Alpes,Livrée,En ligne
CMD00072,1,CL0134,PR0008,2024-08-17,1,5.19,0,Ouest,Livrée,En ligne
CMD00072,2,CL0134,PR0029,2024-08-17,3,38.36,0,Ouest,Livrée,Mobile
CMD00073,1,CL0124,PR0002,2024-12-02,5,24.55,0,Est,Livrée,En ligne
CMD00074,1,CL0169,PR0007,2024-05-23,4,7.21,0,Bretagne,Livrée,Mobile
CMD00074,2,CL0169,PR0055,2024-05-23,4,18.97,0,Bretagne,Livrée,Mobile
CMD00074,3,CL0169,PR0041,2024-05-23,2,3.00,0,Bretagne,Livrée,Boutique
CMD00074,4,CL0169,PR0033,2024-05-23,1,25.77,0,Bretagne,En cours,En ligne
CMD00075,1,CL0145,PR0050,2025-02-19,2,14.88,0.11,Nord,Livrée,En ligne
CMD00076,1,CL0031,PR0033,2025-01-06,5,14.95,0,Île-de-France,Livrée,En ligne
CMD00077,1,CL0107,PR0059,2025-03-21,2,27.31,0,Auvergne-Rhône-Alpes,Livrée,Boutique
CMD00078,1,CL0127,PR0012,2024-10-06,1,6.36,0,Est,En cours,En ligne
CMD00078,2,CL0127,PR0025,2024-10-06,4,28.79,0,Est,Annulée,Mobile
CMD00078,3,CL0127,PR0020,2024-10-06,1,24.05,0,Est,Livrée,En ligne
CMD00078,4,CL0127,PR0004,2024-10-06,1,36.30,0,Est,Livrée,Boutique
CMD00079,1,CL0138,PR0021,2024-10-10,1,23.33,0,Île-de-France,Livrée,Boutique
CMD00080,1,CL0198,PR0043,2025-12-27,2,45.27,0,Sud,Annulée,En ligne
CMD00080,2,CL0198,PR0012,2025-12-27,1,6.76,0,Sud,Livrée,Mobile
CMD00080,3,CL0198,PR0025,2025-12-27,3,22.32,0,Sud,Livrée,En ligne
CMD00081,1,CL0017,PR0049,2025-04-10,1,20.28,0,Occitanie,Livrée,En ligne
CMD00081,2,CL0017,PR0015,2025-04-10,1,21.43,0,Occitanie,Annulée,Mobile
CMD00082,1,CL0065,PR0015,2024-03-07,3,19.84,0,Occitanie,Annulée,Mobile
CMD00083,1,CL0148,PR0035,2024-12-26,1,33.04,0,Auvergne-Rhône-Alpes,En cours,Mobile
CMD00083,2,CL0148,PR0013,2024-12-26,2,11.69,0,Auvergne-Rhône-Alpes,Livrée,En ligne
CMD00083,3,CL0148,PR0034,2024-12-26,4,34.40,0,Auvergne-Rhône-Alpes,Livrée,Mobile
CMD00083,4,CL0148,PR0039,2024-12-26,5,18.33,0,Auvergne-Rhône-Alpes,Annulée,Boutique
CMD00084,1,CL0176,PR0035,2025-01-18,3,19.14,0,Occitanie,Annulée,En ligne
CMD00084,2,CL0176,PR0027,2025-01-18,4,2.71,0.03,Occitanie,Livrée,En ligne
CMD00084,3,CL0176,PR0043,2025-01-18,1,43.02,0.09,Occitanie,Livrée,En ligne
CMD00084,4,CL0176,PR0029,2025-01-18,5,11.20,0,Occitanie,Livrée,Mobile
CMD00085,1,CL0193,PR0038,2025-02-19,5,15.99,0,Ouest,Livrée,En ligne
CMD00085,2,CL0193,PR0005,2025-02-19,1,32.04,0,Ouest,Livrée,Boutique
CMD00086,1,CL0176,PR0052,2025-05-03,4,17.32,0,Occitanie,Livrée,Boutique
CMD00086,2,CL0176,PR0002,2025-05-03,5,40.18,0,Occitanie,Livrée,Mobile
CMD00086,3,CL0176,PR0036,2025-05-03,3,43.13,0.20,Occitanie,Livrée,Boutique
CMD00087,1,CL0079,PR0039,2024-12-02,3,46.25,0.23,Île-de-France,Annulée,Boutique
CMD00087,2,CL0079,PR0016,2024-12-02,5,41.88,0,Île-de-France,En cours,En ligne
CMD00088,1,CL0092,PR0053,2024-12-18,5,14.90,0,Ouest,Livrée,En ligne
CMD00088,2,CL0092,PR0047,2024-12-18,5,22.17,0,Ouest,Livrée,En ligne
CMD00089,1,CL0108,PR0039,2024-01-09,4,35.82,0,Auvergne-Rhône-Alpes,En cours,En ligne
CMD00089,2,CL0108,PR0022,2024-01-09,5,28.33,0.02,Auvergne-Rhône-Alpes,Annulée,Mobile
CMD00089,3,CL0108,PR0009,2024-01-09,3,44.08,0.10,Auvergne-Rhône-Alpes,Livrée,Boutique
CMD00089,4,CL0108,PR0039,2024-01-09,3,27.18,0,Auvergne-Rhône-Alpes,Annulée,Boutique
CMD00090,1,CL0019,PR0037,2024-07-16,2,43.03,0.00,Est,Livrée,Mobile
CMD00090,2,CL0019,PR0008,2024-07-16,5,9.39,0,Est,Livrée,Boutique
CMD00090,3,CL0019,PR0007,2024-07-16,4,11.78,0,Est,En cours,En ligne
CMD00091,1,CL0130,PR0027,2024-10-13,3,43.73,0,Auvergne-Rhône-Alpes,Livrée,Boutique
CMD00091,2,CL0130,PR0022,2024-10-13,2,22.63,0.14,Auvergne-Rhône-Alpes,En cours,En ligne
CMD00092,1,CL0009,PR0058,2025-04-15,2,34.26,0,Est,En cours,Mobile
CMD00093,1,CL0073,PR0027,2025-04-14,3,39.42,0.03,Nord,Livrée,En ligne
CMD00093,2,CL0073,PR0004,2025-04-14,3,27.22,0.23,Nord,En cours,Boutique
CMD00093,3,CL0073,PR0049,2025-04-14,1,20.76,0,Nord,Livrée,Boutique
CMD00094,1,CL0012,PR0038,2024-01-02,5,21.58,0.05,Auvergne-Rhône-Alpes,En cours,Mobile
CMD00094,2,CL0012,PR0049,2024-01-02,2,38.58,0,Auvergne-Rhône-Alpes,Livrée,Boutique
CMD00095,1,CL0095,PR0015,2025-08-14,4,38.11,0,Île-de-France,En cours,En ligne
CMD00095,2,CL0095,PR0043,2025-08-14,2,30.39,0,Île-de-France,Livrée,Mobile
CMD00095,3,CL0095,PR0053,2025-08-14,1,16.72,0,Île-de-France,Livrée,Boutique
CMD00095,4,CL0095,PR0056,2025-08-14,4,36.97,0,Île-de-France,Annulée,Mobile
CMD00096,1,CL0145,PR0055,2025-10-17,3,44.66,0,Nord,En cours,Mobile
CMD00096,2,CL0145,PR0047,2025-10-17,3,11.27,0,Nord,Livrée,En ligne
CMD00096,3,CL0145,PR0028,2025-10-17,4,33.14,0,Nord,Livrée,En ligne
CMD00097,1,CL0159,PR0032,2024-03-04,2,34.96,0,Auvergne-Rhône-Alpes,Livrée,Mobile
CMD00097,2,CL0159,PR0006,2024-03-04,5,16.15,0.25,Auvergne-Rhône-Alpes,Livrée,En ligne
CMD00097,3,CL0159,PR0001,2024-03-04,2,38.46,0,Auvergne-Rhône-Alpes,Livrée,Boutique
CMD00097,4,CL0159,PR0048,2024-03-04,1,16.18,0,Auvergne-Rhône-Alpes,Livrée,Boutique
CMD00098,1,CL0010,PR0045,2025-08-15,4,3.26,0.22,Nord,En cours,Mobile
CMD00098,2,CL0010,PR0049,2025-08-15,5,14.02,0,Nord,En cours,Mobile
CMD00099,1,CL0035,PR0042,2024-09-19,3,15.26,0,Sud,Livrée,Boutique
CMD00100,1,CL0030,PR0003,2025-07-27,2,16.56,0,Est,Annulée,Mobile
CMD00100,2,CL0030,PR0012,2025-07-27,2,18.32,0.00,Est,Annulée,En ligne
CMD00100,3,CL0030,PR0041,2025-07-27,5,4.83,0,Est,Livrée,En ligne
CMD00101,1,CL0103,PR0041,2024-08-09,5,25.42,0.09,Est,Livrée,En ligne
CMD00101,2,CL0103,PR0044,2024-08-09,2,40.42,0,Est,Livrée,Mobile
CMD00102,1,CL0199,PR0049,2025-06-14,5,43.15,0,Île-de-France,Annulée,En ligne
CMD00102,2,CL0199,PR0049,2025-06-14,2,42.47,0,Île-de-France,Annulée,Boutique
CMD00102,3,CL0199,PR0035,2025-06-14,2,17.58,0,Île-de-France,Livrée,Boutique
CMD00103,1,CL0095,PR0005,2025-11-05,3,4.40,0.25,Île-de-France,Livrée,En ligne
CMD00103,2,CL0095,PR0054,2025-11-05,3,23.91,0,Île-de-France,Livrée,Mobile
CMD00104,1,CL0046,PR0058,2025-08-03,3,10.80,0,Île-de-France,Annulée,Boutique
CMD00104,2,CL0046,PR0005,2025-08-03,1,15.95,0,Île-de-France,Annulée,Mobile
CMD00105,1,CL0064,PR0051,2025-11-28,4,29.57,0,Est,Livrée,Boutique
CMD00105,2,CL0064,PR0020,2025-11-28,5,8.28,0,Est,Livrée,En ligne
CMD00105,3,CL0064,PR0049,2025-11-28,3,2.66,0,Est,Livrée,Mobile
CMD00106,1,CL0060,PR0009,2025-11-21,3,38.77,0,Auvergne-Rhône-Alpes,Annulée,Boutique
CMD00106,2,CL0060,PR0016,2025-11-21,2,32.47,0,Auvergne-Rhône-Alpes,Livrée,Boutique
CMD00106,3,CL0060,PR0029,2025-11-21,5,44.53,0,Auvergne-Rhône-Alpes,Livrée,Mobile
CMD00106,4,CL0060,PR0034,2025-11-21,1,10.12,0.05,Auvergne-Rhône-Alpes,Annulée,Boutique
CMD00107,1,CL0067,PR0031,2024-04-26,2,38.42,0,Ouest,En cours,En ligne
CMD00108,1,CL0054,PR0020,2024-07-10,5,18.10,0.29,Est,En cours,Boutique
CMD00108,2,CL0054,PR0057,2024-07-10,4,29.37,0,Est,Livrée,Boutique
CMD00109,1,CL0041,PR0028,2025-11-18,1,25.87,0,Île-de-France,En cours,Mobile
CMD00110,1,CL0014,PR0043,2024-09-11,5,14.87,0,Occitanie,Livrée,En ligne
CMD00110,2,CL0014,PR0024,2024-09-11,3,15.19,0,Occitanie,Annulée,En ligne
CMD00110,3,CL0014,PR0054,2024-09-11,1,45.14,0,Occitanie,Livrée,Mobile
CMD00111,1,CL0086,PR0026,2025-09-17,2,32.43,0,Bretagne,Livrée,Boutique
CMD00111,2,CL0086,PR0042,2025-09-17,1,40.29,0,Bretagne,Livrée,Mobile
CMD00112,1,CL0096,PR0020,2025-10-24,3,42.98,0,Nord,Livrée,Mobile
CMD00112,2,CL0096,PR0011,2025-10-24,1,44.61,0.11,Nord,Livrée,Mobile
CMD00112,3,CL0096,PR0015,2025-10-24,1,3.04,0,Nord,Livrée,En ligne
CMD00113,1,CL0145,PR0021,2024-02-27,2,25.09,0,Nord,Livrée,En ligne
CMD00113,2,CL0145,PR0047,2024-02-27,5,9.43,0.30,Nord,En cours,Mobile
CMD00114,1,CL0192,PR0025,2025-01-11,1,25.16,0,Occitanie,Livrée,Mobile
CMD00115,1,CL0122,PR0007,2025-06-11,3,28.18,0,Ouest,En cours,Boutique
CMD00116,1,CL0025,PR0043,2025-11-26,1,16.02,0.20,Occitanie,Livrée,Mobile
CMD00116,2,CL0025,PR0054,2025-11-26,2,3.49,0.25,Occitanie,En cours,Mobile
CMD00116,3,CL0025,PR0003,2025-11-26,4,21.14,0,Occitanie,Annulée,Mobile
CMD00116,4,CL0025,PR0055,2025-11-26,1,44.67,0.07,Occitanie,Livrée,Mobile
CMD00117,1,CL0188,PR0004,2024-01-01,1,36.85,0,Bretagne,Livrée,Mobile
CMD00117,2,CL0188,PR0018,2024-01-01,2,13.54,0,Bretagne,Livrée,Boutique
CMD00117,3,CL0188,PR0019,2024-01-01,1,22.24,0.00,Bretagne,Livrée,Boutique
CMD00117,4,CL0188,PR0009,2024-01-01,5,44.87,0.03,Bretagne,Annulée,Boutique
CMD00118,1,CL0130,PR0053,2024-06-08,2,46.62,0,Auvergne-Rhône-Alpes,Livrée,Mobile
CMD00118,2,CL0130,PR0048,2024-06-08,1,44.22,0,Auvergne-Rhône-Alpes,Livrée,Mobile
CMD00118,3,CL0130,PR0051,2024-06-08,2,29.17,0,Auvergne-Rhône-Alpes,Livrée,En ligne
CMD00119,1,CL0069,PR0025,2024-12-01,3,40.21,0,Sud,Annulée,Boutique
CMD00119,2,CL0069,PR0008,2024-12-01,3,33.41,0,Sud,Livrée,Mobile
CMD00119,3,CL0069,PR0048,2024-12-01,3,37.95,0,Sud,Livrée,Boutique
CMD00119,4,CL0069,PR0028,2024-12-01,5,37.01,0.26,Sud,Livrée,Boutique
CMD00120,1,CL0012,PR0038,2025-12-11,1,32.42,0,Auvergne-Rhône-Alpes,Livrée,En ligne
CMD00120,2,CL0012,PR0026,2025-12-11,1,23.54,0,Auvergne-Rhône-Alpes,Livrée,Mobile
CMD00121,1,CL0176,PR0047,2025-03-28,2,7.20,0,Occitanie,En cours,Boutique
CMD00121,2,CL0176,PR0020,2025-03-28,5,4.27,0,Occitanie,Livrée,Boutique
CMD00122,1,CL0016,PR0058,2025-01-06,2,35.80,0,Ouest,En cours,Boutique
CMD00122,2,CL0016,PR0026,2025-01-06,2,36.68,0.22,Ouest,Livrée,Mobile
CMD00122,3,CL0016,PR0050,2025-01-06,3,4.71,0,Ouest,Livrée,En ligne
CMD00122,4,CL0016,PR0029,2025-01-06,5,5.35,0,Ouest,Livrée,Mobile
CMD00123,1,CL0103,PR0051,2025-06-05,3,40.03,0,Est,Livrée,Boutique
CMD00123,2,CL0103,PR0012,2025-06-05,4,18.75,0,Est,Livrée,En ligne
CMD00123,3,CL0103,PR0013,2025-06-05,4,15.12,0,Est,Annulée,Boutique
CMD00124,1,CL0169,PR0052,2024-11-15,5,7.59,0,Bretagne,Livrée,Boutique
CMD00124,2,CL0169,PR0039,2024-11-15,4,31.43,0,Bretagne,En cours,Mobile
CMD00125,1,CL0084,PR0011,2025-09-03,5,35.69,0,Île-de-France,Livrée,En ligne
CMD00125,2,CL0084,PR0057,2025-09-03,1,30.76,0,Île-de-France,Livrée,Boutique
CMD00125,3,CL0084,PR0032,2025-09-03,3,21.54,0.29,Île-de-France,Livrée,Mobile
CMD00126,1,CL0194,PR0058,2024-04-11,4,2.14,0,Île-de-France,Livrée,Boutique
CMD00126,2,CL0194,PR0024,2024-04-11,5,3.28,0,Île-de-France,Livrée,Mobile
CMD00127,1,CL0183,PR0057,2024-05-28,2,37.59,0,Sud,Livrée,Mobile
CMD00127,2,CL0183,PR0044,2024-05-28,5,20.58,0,Sud,Livrée,Boutique
CMD00128,1,CL0125,PR0049,2024-04-25,4,18.88,0,Ouest,Livrée,En ligne
CMD00129,1,CL0020,PR0024,2024-11-11,3,43.22,0,Bretagne,Livrée,Mobile
CMD00129,2,CL0020,PR0004,2024-11-11,5,16.54,0,Bretagne,Annulée,En ligne
CMD00129,3,CL0020,PR0040,2024-11-11,2,6.50,0,Bretagne,Livrée,En ligne
CMD00130,1,CL0015,PR0049,2025-01-23,4,22.98,0,Ouest,En cours,En ligne
CMD00130,2,CL0015,PR0004,2025-01-23,1,38.47,0,Ouest,Annulée,En ligne
CMD00131,1,CL0146,PR0040,2024-06-07,3,12.15,0.07,Nord,Livrée,En ligne
CMD00131,2,CL0146,PR0046,2024-06-07,3,32.28,0,Nord,Livrée,En ligne
CMD00131,3,CL0146,PR0047,2024-06-07,5,4.81,0,Nord,Livrée,En ligne
CMD00131,4,CL0146,PR0047,2024-06-07,1,42.18,0,Nord,Livrée,Boutique
CMD00132,1,CL0165,PR0021,2025-08-11,1,2.05,0,Occitanie,Livrée,En ligne
CMD00132,2,CL0165,PR0011,2025-08-11,4,19.96,0.30,Occitanie,Livrée,Boutique
CMD00132,3,CL0165,PR0025,2025-08-11,2,19.42,0.17,Occitanie,Livrée,Boutique
CMD00132,4,CL0165,PR0029,2025-08-11,3,20.80,0,Occitanie,Livrée,Boutique
CMD00133,1,CL0077,PR0024,2025-09-07,2,12.71,0,Ouest,Livrée,Boutique
CMD00133,2,CL0077,PR0005,2025-09-07,2,29.69,0.29,Ouest,Livrée,Boutique
CMD00134,1,CL0070,PR0046,2025-01-03,2,38.62,0,Sud,Livrée,Mobile
CMD00134,2,CL0070,PR0022,2025-01-03,5,28.63,0,Sud,En cours,En ligne
CMD00134,3,CL0070,PR0006,2025-01-03,5,22.64,0,Sud,En cours,Mobile
CMD00135,1,CL0074,PR0011,2025-06-20,4,37.90,0,Auvergne-Rhône-Alpes,Livrée,En ligne
CMD00135,2,CL0074,PR0004,2025-06-20,5,14.70,0,Auvergne-Rhône-Alpes,Livrée,Mobile
CMD00135,3,CL0074,PR0046,2025-06-20,1,32.13,0,Auvergne-Rhône-Alpes,Livrée,En ligne
CMD00136,1,CL0109,PR0049,2025-04-02,5,34.53,0,Occitanie,Livrée,Mobile
CMD00136,2,CL0109,PR0031,2025-04-02,3,25.28,0,Occitanie,Annulée,Mobile
CMD00136,3,CL0109,PR0040,2025-04-02,2,34.29,0,Occitanie,Annulée,Mobile
CMD00137,1,CL0173,PR0031,2025-05-01,3,32.06,0.13,Ouest,En cours,En ligne
CMD00137,2,CL0173,PR0020,2025-05-01,5,4.26,0,Ouest,Livrée,Mobile
CMD00138,1,CL0097,PR0022,2025-09-18,3,27.26,0,Île-de-France,Annulée,Mobile
CMD00138,2,CL0097,PR0004,2025-09-18,3,24.72,0.25,Île-de-France,Livrée,Mobile
CMD00138,3,CL0097,PR0058,2025-09-18,1,34.93,0,Île-de-France,Livrée,Boutique
CMD00138,4,CL0097,PR0054,2025-09-18,3,17.42,0,Île-de-France,Livrée,Boutique
CMD00139,1,CL0179,PR0011,2024-03-12,5,34.39,0,Nord,Annulée,En ligne
CMD00139,2,CL0179,PR0015,2024-03-12,4,45.77,0,Nord,Livrée,Mobile
CMD00139,3,CL0179,PR0009,2024-03-12,4,27.57,0,Nord,Livrée,Mobile
CMD00140,1,CL0161,PR0042,2025-06-28,4,3.46,0,Sud,Livrée,Mobile
CMD00140,2,CL0161,PR0041,2025-06-28,2,7.97,0,Sud,Livrée,Boutique
CMD00140,3,CL0161,PR0034,2025-06-28,4,36.74,0,Sud,Livrée,Mobile
CMD00141,1,CL0087,PR0028,2024-06-01,2,42.57,0,Ouest,Annulée,En ligne
CMD00141,2,CL0087,PR0026,2024-06-01,4,30.67,0.24,Ouest,Annulée,En ligne
CMD00141,3,CL0087,PR0030,2024-06-01,1,2.23,0,Ouest,Livrée,Mobile
CMD00141,4,CL0087,PR0032,2024-06-01,4,15.50,0.11,Ouest,Livrée,En ligne
CMD00142,1,CL0026,PR0019,2025-03-04,5,46.19,0,Nord,Livrée,En ligne
CMD00143,1,CL0153,PR0038,2024-07-22,3,22.42,0,Sud,Annulée,En ligne
CMD00143,2,CL0153,PR0010,2024-07-22,3,5.97,0,Sud,Livrée,En ligne
CMD00143,3,CL0153,PR0001,2024-07-22,5,25.18,0.29,Sud,Livrée,Boutique
CMD00143,4,CL0153,PR0011,2024-07-22,1,2.08,0,Sud,Livrée,En ligne
CMD00144,1,CL0181,PR0034,2025-03-07,5,21.45,0,Bretagne,Livrée,Boutique
CMD00145,1,CL0135,PR0056,2025-05-20,1,36.45,0,Auvergne-Rhône-Alpes,Livrée,Boutique
CMD00145,2,CL0135,PR0016,2025-05-20,5,45.90,0.26,Auvergne-Rhône-Alpes,Annulée,En ligne
CMD00145,3,CL0135,PR0016,2025-05-20,5,29.05,0,Auvergne-Rhône-Alpes,Annulée,Mobile
CMD00146,1,CL0071,PR0041,2024-02-06,1,32.35,0,Sud,Livrée,Boutique
CMD00146,2,CL0071,PR0018,2024-02-06,5,46.62,0,Sud,En cours,Boutique
CMD00146,3,CL0071,PR0031,2024-02-06,2,2.11,0,Sud,Annulée,Mobile
CMD00147,1,CL0014,PR0033,2024-04-22,1,25.51,0,Occitanie,Livrée,Mobile
CMD00147,2,CL0014,PR0046,2024-04-22,1,11.87,0,Occitanie,Livrée,Boutique
CMD00147,3,CL0014,PR0027,2024-04-22,1,2.38,0,Occitanie,Annulée,Mobile
CMD00148,1,CL0108,PR0047,2024-01-23,5,11.07,0,Auvergne-Rhône-Alpes,Livrée,Mobile
CMD00148,2,CL0108,PR0020,2024-01-23,2,17.95,0.00,Auvergne-Rhône-Alpes,Livrée,Boutique
CMD00149,1,CL0153,PR0048,2025-09-03,2,45.43,0.25,Sud,En cours,Mobile
CMD00149,2,CL0153,PR0020,2025-09-03,5,4.91,0,Sud,Livrée,Mobile
CMD00149,3,CL0153,PR0025,2025-09-03,1,3.87,0,Sud,Livrée,Boutique
CMD00150,1,CL0139,PR0035,2025-06-08,3,11.99,0,Bretagne,Livrée,Mobile
CMD00151,1,CL0022,PR0034,2025-07-26,2,12.70,0.24,Occitanie,En cours,En ligne
CMD00151,2,CL0022,PR0014,2025-07-26,5,39.30,0,Occitanie,En cours,Boutique
CMD00151,3,CL0022,PR0055,2025-07-26,4,45.04,0,Occitanie,Annulée,En ligne
CMD00151,4,CL0022,PR0048,2025-07-26,3,43.70,0,Occitanie,Annulée,Mobile
CMD00152,1,CL0146,PR0054,2025-09-23,2,20.20,0,Nord,Annulée,Mobile
CMD00153,1,CL0117,PR0023,2024-10-03,5,27.82,0.22,Auvergne-Rhône-Alpes,En cours,En ligne
CMD00153,2,CL0117,PR0035,2024-10-03,4,14.10,0,Auvergne-Rhône-Alpes,Livrée,Mobile
CMD00154,1,CL0199,PR0005,2025-03-19,3,20.00,0.13,Île-de-France,En cours,Boutique
CMD00155,1,CL0110,PR0032,2025-01-25,2,32.47,0.27,Nord,En cours,En ligne
CMD00155,2,CL0110,PR0007,2025-01-25,2,37.43,0,Nord,En cours,Boutique
CMD00156,1,CL0152,PR0057,2025-09-22,1,38.26,0,Auvergne-Rhône-Alpes,Livrée,En ligne
CMD00156,2,CL0152,PR0045,2025-09-22,5,28.73,0.16,Auvergne-Rhône-Alpes,Livrée,En ligne
CMD00157,1,CL0197,PR0053,2024-05-12,5,22.43,0,Île-de-France,Livrée,Boutique
CMD00158,1,CL0014,PR0045,2024-04-02,4,37.84,0,Occitanie,Annulée,Boutique
CMD00158,2,CL0014,PR0035,2024-04-02,4,41.80,0,Occitanie,Livrée,Mobile
CMD00159,1,CL0190,PR0022,2025-07-08,5,21.30,0,Île-de-France,Annulée,En ligne
CMD00159,2,CL0190,PR0024,2025-07-08,2,25.98,0,Île-de-France,Livrée,En ligne
CMD00159,3,CL0190,PR0009,2025-07-08,2,11.00,0,Île-de-France,Livrée,Mobile
CMD00160,1,CL0072,PR0055,2025-10-20,2,33.82,0,Île-de-France,Annulée,Mobile
CMD00160,2,CL0072,PR0003,2025-10-20,1,37.14,0.12,Île-de-France,Livrée,Mobile
CMD00160,3,CL0072,PR0049,2025-10-20,1,36.95,0.20,Île-de-France,Annulée,Mobile
CMD00160,4,CL0072,PR0026,2025-10-20,5,32.88,0,Île-de-France,En cours,En ligne
CMD00161,1,CL0009,PR0006,2024-12-10,5,14.09,0,Est,Livrée,En ligne
CMD00161,2,CL0009,PR0034,2024-12-10,5,42.75,0,Est,En cours,En ligne
CMD00161,3,CL0009,PR0054,2024-12-10,3,10.35,0.09,Est,Livrée,En ligne
CMD00162,1,CL0072,PR0041,2024-10-04,1,9.27,0,Île-de-France,Livrée,Boutique
CMD00162,2,CL0072,PR0008,2024-10-04,1,29.83,0,Île-de-France,Livrée,Boutique
CMD00162,3,CL0072,PR0045,2024-10-04,2,10.05,0,Île-de-France,Livrée,Boutique
CMD00163,1,CL0119,PR0029,2025-08-11,1,20.89,0,Auvergne-Rhône-Alpes,Annulée,En ligne
CMD00164,1,CL0182,PR0050,2025-01-17,3,17.05,0.12,Auvergne-Rhône-Alpes,Livrée,Boutique
CMD00164,2,CL0182,PR0041,2025-01-17,4,20.65,0,Auvergne-Rhône-Alpes,Livrée,Mobile
CMD00165,1,CL0134,PR0011,2024-10-07,5,30.34,0,Ouest,Annulée,En ligne
CMD00165,2,CL0134,PR0036,2024-10-07,4,19.04,0,Ouest,En cours,Boutique
CMD00166,1,CL0114,PR0051,2025-10-19,3,38.38,0,Occitanie,Livrée,En ligne
CMD00166,2,CL0114,PR0060,2025-10-19,5,21.82,0,Occitanie,Livrée,Mobile
CMD00166,3,CL0114,PR0002,2025-10-19,5,38.62,0,Occitanie,Livrée,En ligne
CMD00167,1,CL0053,PR0060,2024-12-08,5,4.30,0,Île-de-France,Livrée,En ligne
CMD00167,2,CL0053,PR0020,2024-12-08,1,4.65,0,Île-de-France,Livrée,Boutique
CMD00168,1,CL0081,PR0025,2025-04-20,5,22.33,0,Ouest,Livrée,Boutique
CMD00168,2,CL0081,PR0056,2025-04-20,4,5.32,0,Ouest,Livrée,Mobile
CMD00169,1,CL0127,PR0053,2025-07-20,4,41.92,0,Est,Annulée,En ligne
CMD00169,2,CL0127,PR0016,2025-07-20,2,25.22,0,Est,Annulée,Boutique
CMD00170,1,CL0001,PR0019,2025-01-06,3,31.39,0,Île-de-France,Livrée,Mobile
CMD00170,2,CL0001,PR0031,2025-01-06,2,13.36,0,Île-de-France,En cours,Boutique
CMD00170,3,CL0001,PR0020,2025-01-06,1,8.75,0,Île-de-France,Livrée,Mobile
CMD00170,4,CL0001,PR0008,2025-01-06,5,35.59,0,Île-de-France,En cours,Mobile
CMD00171,1,CL0179,PR0033,2024-06-16,4,23.88,0.24,Nord,Livrée,Mobile
CMD00171,2,CL0179,PR0058,2024-06-16,2,23.16,0,Nord,Livrée,Mobile
CMD00171,3,CL0179,PR0054,2024-06-16,3,32.10,0,Nord,En cours,Mobile
CMD00172,1,CL0167,PR0040,2025-10-06,5,39.97,0,Auvergne-Rhône-Alpes,Livrée,Boutique
CMD00172,2,CL0167,PR0016,2025-10-06,2,38.47,0,Auvergne-Rhône-Alpes,Livrée,Mobile
CMD00173,1,CL0161,PR0022,2025-05-11,2,46.52,0,Sud,Livrée,Mobile
CMD00173,2,CL0161,PR0052,2025-05-11,1,26.26,0,Sud,Annulée,Mobile
CMD00173,3,CL0161,PR0008,2025-05-11,2,14.72,0,Sud,En cours,Boutique
CMD00174,1,CL0166,PR0057,2025-02-08,3,3.81,0,Sud,Livrée,En ligne
CMD00174,2,CL0166,PR0028,2025-02-08,1,25.55,0,Sud,Annulée,Mobile
CMD00175,1,CL0058,PR0002,2024-02-22,4,29.36,0,Bretagne,En cours,Mobile
CMD00175,2,CL0058,PR0010,2024-02-22,1,7.35,0,Bretagne,Livrée,Boutique
CMD00175,3,CL0058,PR0023,2024-02-22,4,18.93,0,Bretagne,Livrée,Mobile
CMD00176,1,CL0020,PR0027,2025-07-09,5,15.93,0,Bretagne,Livrée,En ligne
CMD00177,1,CL0167,PR0048,2024-05-11,4,40.33,0,Auvergne-Rhône-Alpes,Livrée,En ligne
CMD00177,2,CL0167,PR0016,2024-05-11,1,15.70,0,Auvergne-Rhône-Alpes,Livrée,Boutique
CMD00177,3,CL0167,PR0055,2024-05-11,5,18.36,0.01,Auvergne-Rhône-Alpes,En cours,Boutique
CMD00177,4,CL0167,PR0049,2024-05-11,3,32.20,0,Auvergne-Rhône-Alpes,Livrée,En ligne
CMD00178,1,CL0156,PR0007,2024-12-20,5,19.49,0,Auvergne-Rhône-Alpes,Livrée,Boutique
CMD00178,2,CL0156,PR0010,2024-12-20,1,19.59,0,Auvergne-Rhône-Alpes,En cours,Boutique
CMD00178,3,CL0156,PR0008,2024-12-20,3,3.66,0,Auvergne-Rhône-Alpes,Livrée,Boutique
CMD00178,4,CL0156,PR0006,2024-12-20,2,37.07,0,Auvergne-Rhône-Alpes,Livrée,Mobile
CMD00179,1,CL0056,PR0055,2024-11-04,2,45.45,0,Occitanie,Annulée,Boutique
CMD00180,1,CL0050,PR0045,2024-10-18,1,15.42,0,Sud,Livrée,Boutique
CMD00180,2,CL0050,PR0059,2024-10-18,1,34.81,0,Sud,Livrée,Boutique
CMD00180,3,CL0050,PR0055,2024-10-18,4,34.37,0,Sud,En cours,Mobile
CMD00181,1,CL0196,PR0006,2025-04-15,5,30.38,0,Auvergne-Rhône-Alpes,Annulée,Boutique
CMD00181,2,CL0196,PR0013,2025-04-15,3,11.10,0,Auvergne-Rhône-Alpes,Livrée,Mobile
CMD00181,3,CL0196,PR0034,2025-04-15,1,14.84,0,Auvergne-Rhône-Alpes,Livrée,Mobile
CMD00181,4,CL0196,PR0054,2025-04-15,1,6.39,0,Auvergne-Rhône-Alpes,En cours,Mobile
CMD00182,1,CL0188,PR0036,2024-01-28,5,46.69,0,Bretagne,Livrée,Mobile
CMD00182,2,CL0188,PR0018,2024-01-28,5,5.11,0,Bretagne,Annulée,Boutique
CMD00183,1,CL0184,PR0050,2025-04-21,2,46.89,0,Auvergne-Rhône-Alpes,Livrée,En ligne
CMD00183,2,CL0184,PR0048,2025-04-21,5,9.75,0.30,Auvergne-Rhône-Alpes,Livrée,Mobile
CMD00183,3,CL0184,PR0023,2025-04-21,5,42.25,0.25,Auvergne-Rhône-Alpes,En cours,Boutique
CMD00183,4,CL0184,PR0025,2025-04-21,3,42.65,0.26,Auvergne-Rhône-Alpes,Livrée,En ligne
CMD00184,1,CL0112,PR0001,2025-05-09,2,30.58,0,Ouest,Livrée,Boutique
CMD00184,2,CL0112,PR0056,2025-05-09,2,14.59,0,Ouest,En cours,Mobile
CMD00184,3,CL0112,PR0012,2025-05-09,1,6.13,0.07,Ouest,Livrée,Mobile
CMD00184,4,CL0112,PR0004,2025-05-09,5,21.77,0.06,Ouest,Livrée,Mobile
CMD00185,1,CL0160,PR0011,2024-09-26,4,45.30,0,Bretagne,Livrée,Boutique
CMD00186,1,CL0198,PR0028,2025-07-20,2,21.42,0,Sud,Annulée,Mobile
CMD00186,2,CL0198,PR0058,2025-07-20,3,5.87,0.14,Sud,Livrée,Mobile
CMD00186,3,CL0198,PR0021,2025-07-20,3,31.42,0.14,Sud,Livrée,Mobile
CMD00186,4,CL0198,PR0003,2025-07-20,4,34.67,0.08,Sud,Livrée,En ligne
CMD00187,1,CL0142,PR0024,2025-04-14,4,4.30,0,Ouest,Annulée,En ligne
CMD00187,2,CL0142,PR0047,2025-04-14,1,42.48,0.07,Ouest,Livrée,En ligne
CMD00187,3,CL0142,PR0034,2025-04-14,3,2.88,0,Ouest,Annulée,Boutique
CMD00188,1,CL0114,PR0008,2025-08-23,4,39.20,0,Occitanie,Livrée,Mobile
CMD00189,1,CL0196,PR0009,2025-05-23,5,30.40,0.12,Auvergne-Rhône-Alpes,Livrée,Mobile
CMD00190,1,CL0103,PR0037,2024-09-11,1,15.14,0,Est,Livrée,Boutique
CMD00190,2,CL0103,PR0006,2024-09-11,4,4.39,0.24,Est,Livrée,En ligne
CMD00190,3,CL0103,PR0053,2024-09-11,3,20.95,0,Est,Livrée,Boutique
CMD00190,4,CL0103,PR0010,2024-09-11,3,25.05,0,Est,Livrée,Boutique
CMD00191,1,CL0126,PR0029,2024-05-22,1,29.97,0,Occitanie,Annulée,En ligne
CMD00191,2,CL0126,PR0035,2024-05-22,5,12.21,0,Occitanie,Livrée,En ligne
CMD00191,3,CL0126,PR0006,2024-05-22,3,12.47,0,Occitanie,Livrée,Boutique
CMD00191,4,CL0126,PR0011,2024-05-22,3,32.40,0.13,Occitanie,Livrée,Boutique
CMD00192,1,CL0140,PR0050,2024-10-15,3,33.37,0,Ouest,Livrée,En ligne
CMD00192,2,CL0140,PR0009,2024-10-15,5,22.64,0,Ouest,Livrée,Mobile
CMD00193,1,CL0053,PR0005,2024-08-10,5,17.06,0,Île-de-France,Livrée,Mobile
CMD00193,2,CL0053,PR0041,2024-08-10,5,26.03,0,Île-de-France,En cours,En ligne
CMD00193,3,CL0053,PR0021,2024-08-10,3,44.52,0,Île-de-France,En cours,Mobile
CMD00194,1,CL0116,PR0048,2024-05-15,5,21.86,0,Bretagne,En cours,Boutique
CMD00194,2,CL0116,PR0022,2024-05-15,3,30.46,0,Bretagne,Livrée,Boutique
CMD00194,3,CL0116,PR0044,2024-05-15,4,38.59,0.26,Bretagne,Annulée,Mobile
CMD00194,4,CL0116,PR0010,2024-05-15,5,30.55,0,Bretagne,Annulée,En ligne
CMD00195,1,CL0005,PR0027,2025-06-19,2,25.33,0.13,Île-de-France,En cours,En ligne
CMD00196,1,CL0012,PR0001,2024-09-06,1,24.68,0,Auvergne-Rhône-Alpes,Annulée,Mobile
CMD00196,2,CL0012,PR0051,2024-09-06,3,27.95,0,Auvergne-Rhône-Alpes,Livrée,Mobile
CMD00196,3,CL0012,PR0031,2024-09-06,3,2.20,0,Auvergne-Rhône-Alpes,Livrée,En ligne
CMD00197,1,CL0045,PR0060,2025-07-15,4,38.01,0,Sud,Annulée,En ligne
CMD00197,2,CL0045,PR0031,2025-07-15,4,42.85,0,Sud,En cours,Boutique
CMD00198,1,CL0077,PR0009,2025-09-05,3,30.53,0.25,Ouest,Livrée,Boutique
CMD00199,1,CL0061,PR0034,2024-11-16,1,6.79,0,Auvergne-Rhône-Alpes,Livrée,En ligne
CMD00199,2,CL0061,PR0013,2024-11-16,1,43.97,0,Auvergne-Rhône-Alpes,Livrée,Boutique
CMD00199,3,CL0061,PR0011,2024-11-16,3,16.40,0,Auvergne-Rhône-Alpes,Livrée,En ligne
CMD00199,4,CL0061,PR0008,2024-11-16,4,20.20,0,Auvergne-Rhône-Alpes,En cours,Boutique
CMD00200,1,CL0072,PR0023,2024-04-24,2,30.64,0,Île-de-France,Livrée,Boutique
CMD00200,2,CL0072,PR0024,2024-04-24,3,9.50,0,Île-de-France,Annulée,Boutique
CMD00200,3,CL0072,PR0033,2024-04-24,1,11.68,0,Île-de-France,Livrée,En ligne
CMD00200,4,CL0072,PR0045,2024-04-24,2,9.89,0,Île-de-France,Livrée,En ligne
CMD00201,1,CL0106,PR0050,2025-03-26,1,17.93,0,Auvergne-Rhône-Alpes,Livrée,Mobile
CMD00201,2,CL0106,PR0029,2025-03-26,3,39.91,0.27,Auvergne-Rhône-Alpes,Livrée,Boutique
CMD00202,1,CL0128,PR0020,2024-04-24,3,21.01,0,Auvergne-Rhône-Alpes,Livrée,En ligne
CMD00202,2,CL0128,PR0050,2024-04-24,5,2.25,0,Auvergne-Rhône-Alpes,En cours,En ligne
CMD00203,1,CL0190,PR0024,2025-09-19,3,31.19,0,Île-de-France,En cours,En ligne
CMD00203,2,CL0190,PR0046,2025-09-19,4,39.08,0,Île-de-France,Livrée,Mobile
CMD00204,1,CL0138,PR0005,2025-06-17,4,23.05,0,Île-de-France,En cours,Mobile
CMD00204,2,CL0138,PR0050,2025-06-17,2,14.73,0.00,Île-de-France,En cours,Boutique
CMD00204,3,CL0138,PR0045,2025-06-17,5,15.25,0,Île-de-France,Livrée,Mobile
CMD00205,1,CL0068,PR0003,2025-02-20,1,32.94,0,Est,Livrée,En ligne
CMD00205,2,CL0068,PR0043,2025-02-20,1,20.33,0.25,Est,Livrée,Mobile
CMD00206,1,CL0052,PR0043,2025-12-01,4,26.36,0,Nord,Livrée,Mobile
CMD00206,2,CL0052,PR0048,2025-12-01,3,34.91,0,Nord,Livrée,Mobile
CMD00206,3,CL0052,PR0004,2025-12-01,3,8.17,0,Nord,Livrée,Mobile
CMD00207,1,CL0197,PR0033,2025-05-22,2,7.14,0,Île-de-France,En cours,En ligne
CMD00208,1,CL0064,PR0059,2024-07-19,1,19.84,0,Est,Livrée,Mobile
CMD00209,1,CL0040,PR0011,2024-09-21,4,21.12,0.12,Occitanie,Livrée,En ligne
CMD00209,2,CL0040,PR0057,2024-09-21,2,15.12,0,Occitanie,Livrée,Mobile
CMD00209,3,CL0040,PR0059,2024-09-21,3,30.58,0,Occitanie,Livrée,Boutique
CMD00210,1,CL0074,PR0047,2025-03-21,3,37.91,0,Auvergne-Rhône-Alpes,Livrée,En ligne
CMD00210,2,CL0074,PR0014,2025-03-21,5,41.90,0,Auvergne-Rhône-Alpes,Livrée,En ligne
CMD00210,3,CL0074,PR0016,2025-03-21,1,5.70,0,Auvergne-Rhône-Alpes,En cours,Mobile
CMD00211,1,CL0081,PR0015,2024-07-01,4,31.45,0,Ouest,Livrée,Mobile
CMD00211,2,CL0081,PR0060,2024-07-01,1,34.23,0.11,Ouest,Livrée,Mobile
CMD00211,3,CL0081,PR0045,2024-07-01,3,24.67,0,Ouest,Livrée,Mobile
CMD00211,4,CL0081,PR0030,2024-07-01,5,25.19,0,Ouest,Livrée,En ligne
CMD00212,1,CL0182,PR0022,2024-03-06,3,45.90,0.23,Auvergne-Rhône-Alpes,Livrée,En ligne
CMD00213,1,CL0127,PR0050,2024-01-23,3,29.99,0,Est,Livrée,Boutique
CMD00213,2,CL0127,PR0044,2024-01-23,5,45.46,0,Est,Annulée,En ligne
CMD00213,3,CL0127,PR0029,2024-01-23,2,8.32,0,Est,Livrée,Boutique
CMD00214,1,CL0159,PR0023,2025-11-02,4,6.93,0,Auvergne-Rhône-Alpes,En cours,Boutique
CMD00214,2,CL0159,PR0026,2025-11-02,3,16.22,0,Auvergne-Rhône-Alpes,Annulée,Boutique
CMD00214,3,CL0159,PR0022,2025-11-02,5,9.86,0.13,Auvergne-Rhône-Alpes,Annulée,Mobile
CMD00214,4,CL0159,PR0026,2025-11-02,1,24.46,0,Auvergne-Rhône-Alpes,Livrée,En ligne
CMD00215,1,CL0177,PR0009,2024-05-16,2,5.79,0,Sud,Annulée,En ligne
CMD00215,2,CL0177,PR0019,2024-05-16,4,18.92,0.30,Sud,Livrée,Mobile
CMD00215,3,CL0177,PR0015,2024-05-16,5,27.38,0,Sud,Livrée,Boutique
CMD00216,1,CL0125,PR0057,2024-07-15,3,7.24,0,Ouest,Livrée,En ligne
CMD00216,2,CL0125,PR0018,2024-07-15,2,22.52,0,Ouest,Livrée,Boutique
CMD00216,3,CL0125,PR0024,2024-07-15,4,17.87,0,Ouest,Annulée,En ligne
CMD00217,1,CL0107,PR0046,2024-11-27,1,40.72,0,Auvergne-Rhône-Alpes,Annulée,Mobile
CMD00217,2,CL0107,PR0040,2024-11-27,3,29.47,0,Auvergne-Rhône-Alpes,Livrée,Mobile
CMD00217,3,CL0107,PR0028,2024-11-27,5,7.39,0,Auvergne-Rhône-Alpes,Livrée,Boutique
CMD00218,1,CL0120,PR0040,2025-03-23,2,14.96,0,Sud,Livrée,En ligne
CMD00218,2,CL0120,PR0024,2025-03-23,4,8.37,0,Sud,Livrée,En ligne
CMD00219,1,CL0080,PR0019,2025-10-05,1,33.26,0,Est,Livrée,En ligne
CMD00220,1,CL0073,PR0042,2024-10-15,3,32.09,0,Nord,Livrée,En ligne
CMD00220,2,CL0073,PR0031,2024-10-15,3,23.43,0,Nord,Annulée,Boutique
CMD00221,1,CL0007,PR0051,2025-10-26,3,5.00,0.28,Est,En cours,Mobile
CMD00221,2,CL0007,PR0031,2025-10-26,1,28.81,0,Est,Livrée,Mobile
CMD00221,3,CL0007,PR0060,2025-10-26,2,46.11,0,Est,Livrée,Boutique
CMD00222,1,CL0008,PR0006,2024-08-12,4,43.83,0,Occitanie,Livrée,En ligne
CMD00223,1,CL0175,PR0036,2025-11-04,3,8.66,0,Ouest,Livrée,En ligne
CMD00223,2,CL0175,PR0014,2025-11-04,5,33.65,0,Ouest,Livrée,En ligne
CMD00223,3,CL0175,PR0003,2025-11-04,5,17.03,0,Ouest,Livrée,En ligne
CMD00223,4,CL0175,PR0002,2025-11-04,5,24.24,0,Ouest,En cours,En ligne
CMD00224,1,CL0199,PR0043,2024-02-27,1,44.90,0,Île-de-France,Annulée,En ligne
CMD00224,2,CL0199,PR0003,2024-02-27,3,45.49,0,Île-de-France,En cours,En ligne
CMD00225,1,CL0041,PR0005,2024-12-20,3,32.78,0,Île-de-France,Livrée,En ligne
CMD00225,2,CL0041,PR0023,2024-12-20,1,13.37,0,Île-de-France,Livrée,Boutique
CMD00226,1,CL0110,PR0008,2025-01-05,4,16.13,0,Nord,Annulée,En ligne
CMD00226,2,CL0110,PR0034,2025-01-05,5,27.09,0.25,Nord,Livrée,Mobile
CMD00226,3,CL0110,PR0035,2025-01-05,4,10.83,0,Nord,Livrée,Boutique
CMD00227,1,CL0109,PR0026,2024-11-10,2,31.46,0,Occitanie,Livrée,En ligne
CMD00227,2,CL0109,PR0025,2024-11-10,1,39.49,0,Occitanie,Annulée,En ligne
CMD00228,1,CL0071,PR0031,2024-01-24,3,15.38,0.28,Sud,En cours,Mobile
CMD00228,2,CL0071,PR0004,2024-01-24,2,44.65,0,Sud,Livrée,Boutique
CMD00228,3,CL0071,PR0025,2024-01-24,1,17.35,0,Sud,Livrée,En ligne
CMD00229,1,CL0106,PR0012,2024-02-24,4,36.12,0,Auvergne-Rhône-Alpes,Livrée,Boutique
CMD00229,2,CL0106,PR0028,2024-02-24,3,25.05,0,Auvergne-Rhône-Alpes,Livrée,En ligne
CMD00229,3,CL0106,PR0004,2024-02-24,2,38.12,0,Auvergne-Rhône-Alpes,Livrée,Mobile
CMD00230,1,CL0181,PR0024,2024-03-22,5,31.51,0,Bretagne,Livrée,Boutique
CMD00231,1,CL0055,PR0029,2025-02-28,4,11.49,0,Est,Livrée,En ligne
CMD00231,2,CL0055,PR0015,2025-02-28,2,15.31,0,Est,Livrée,En ligne
CMD00231,3,CL0055,PR0017,2025-02-28,2,33.98,0,Est,En cours,Mobile
CMD00232,1,CL0189,PR0014,2025-03-23,4,20.12,0,Sud,Livrée,Mobile
CMD00233,1,CL0183,PR0042,2024-03-07,4,37.98,0,Sud,Livrée,En ligne
CMD00233,2,CL0183,PR0019,2024-03-07,2,30.55,0,Sud,Annulée,Mobile
CMD00233,3,CL0183,PR0056,2024-03-07,3,35.95,0,Sud,En cours,Boutique
CMD00234,1,CL0166,PR0021,2025-04-24,3,8.26,0,Sud,Annulée,Mobile
CMD00234,2,CL0166,PR0034,2025-04-24,3,37.84,0,Sud,Livrée,Boutique
CMD00234,3,CL0166,PR0015,2025-04-24,1,4.30,0,Sud,Livrée,En ligne
CMD00234,4,CL0166,PR0002,2025-04-24,3,9.67,0,Sud,Annulée,Boutique
CMD00235,1,CL0095,PR0009,2025-05-27,3,5.52,0,Île-de-France,Livrée,En ligne
CMD00236,1,CL0191,PR0056,2025-11-03,3,27.07,0,Est,Livrée,Mobile
CMD00236,2,CL0191,PR0050,2025-11-03,5,4.16,0,Est,Livrée,Boutique
CMD00236,3,CL0191,PR0048,2025-11-03,4,5.23,0.06,Est,Livrée,Boutique
CMD00236,4,CL0191,PR0016,2025-11-03,4,45.85,0,Est,Annulée,En ligne
CMD00237,1,CL0074,PR0009,2024-01-06,2,31.00,0,Auvergne-Rhône-Alpes,Annulée,Boutique
CMD00237,2,CL0074,PR0007,2024-01-06,5,2.11,0,Auvergne-Rhône-Alpes,En cours,En ligne
CMD00238,1,CL0122,PR0060,2024-09-10,5,4.65,0.15,Ouest,Livrée,Mobile
CMD00238,2,CL0122,PR0039,2024-09-10,1,38.28,0.15,Ouest,Livrée,Boutique
CMD00239,1,CL0122,PR0009,2025-11-12,2,30.16,0,Ouest,Livrée,Boutique
CMD00239,2,CL0122,PR0002,2025-11-12,2,19.38,0,Ouest,En cours,Boutique
CMD00239,3,CL0122,PR0026,2025-11-12,5,42.32,0.01,Ouest,Livrée,Mobile
CMD00240,1,CL0125,PR0053,2024-05-24,1,34.51,0,Ouest,Livrée,Mobile
CMD00240,2,CL0125,PR0044,2024-05-24,3,41.63,0,Ouest,Livrée,Mobile
CMD00240,3,CL0125,PR0022,2024-05-24,4,11.66,0,Ouest,Livrée,Mobile
CMD00240,4,CL0125,PR0006,2024-05-24,2,35.90,0,Ouest,En cours,En ligne
CMD00241,1,CL0149,PR0027,2024-10-23,1,8.94,0,Est,Livrée,Boutique
CMD00242,1,CL0109,PR0057,2024-09-21,2,29.35,0,Occitanie,Livrée,Mobile
CMD00242,2,CL0109,PR0060,2024-09-21,3,21.18,0,Occitanie,En cours,Boutique
CMD00242,3,CL0109,PR0006,2024-09-21,3,42.49,0,Occitanie,En cours,Boutique
CMD00243,1,CL0002,PR0037,2025-10-13,4,6.30,0,Occitanie,Livrée,Boutique
CMD00243,2,CL0002,PR0009,2025-10-13,1,44.25,0.29,Occitanie,Livrée,En ligne
CMD00243,3,CL0002,PR0038,2025-10-13,3,42.52,0.24,Occitanie,Livrée,Boutique
CMD00243,4,CL0002,PR0036,2025-10-13,3,8.57,0,Occitanie,Annulée,Mobile
CMD00244,1,CL0034,PR0025,2025-02-15,2,46.38,0,Île-de-France,Livrée,Boutique
CMD00245,1,CL0049,PR0042,2024-10-19,5,36.11,0,Auvergne-Rhône-Alpes,Livrée,En ligne
CMD00245,2,CL0049,PR0002,2024-10-19,5,11.08,0,Auvergne-Rhône-Alpes,Livrée,Mobile
CMD00245,3,CL0049,PR0019,2024-10-19,3,14.46,0,Auvergne-Rhône-Alpes,Livrée,Boutique
CMD00245,4,CL0049,PR0016,2024-10-19,3,32.49,0.14,Auvergne-Rhône-Alpes,Annulée,En ligne
CMD00246,1,CL0026,PR0022,2024-02-26,1,4.08,0,Nord,En cours,Boutique
CMD00246,2,CL0026,PR0046,2024-02-26,1,46.01,0,Nord,Livrée,En ligne
CMD00246,3,CL0026,PR0010,2024-02-26,2,37.52,0,Nord,En cours,Mobile
CMD00247,1,CL0052,PR0010,2024-08-02,3,43.92,0,Nord,Livrée,En ligne
CMD00247,2,CL0052,PR0003,2024-08-02,3,15.81,0,Nord,Livrée,Boutique
CMD00247,3,CL0052,PR0017,2024-08-02,5,44.70,0.00,Nord,Livrée,Mobile
CMD00248,1,CL0067,PR0046,2025-06-22,5,25.51,0,Ouest,Annulée,En ligne
CMD00248,2,CL0067,PR0011,2025-06-22,3,46.67,0,Ouest,Livrée,Mobile
CMD00248,3,CL0067,PR0033,2025-06-22,5,35.03,0.12,Ouest,Livrée,Mobile
CMD00249,1,CL0045,PR0048,2024-08-11,1,8.07,0,Sud,Livrée,En ligne
CMD00249,2,CL0045,PR0002,2024-08-11,2,30.71,0,Sud,En cours,Mobile
CMD00249,3,CL0045,PR0020,2024-08-11,1,7.40,0,Sud,Livrée,En ligne
CMD00250,1,CL0114,PR0037,2024-04-17,2,14.06,0,Occitanie,Livrée,En ligne
CMD00250,2,CL0114,PR0001,2024-04-17,1,19.93,0,Occitanie,Livrée,Boutique
CMD00250,3,CL0114,PR0021,2024-04-17,1,14.79,0.16,Occitanie,Livrée,Mobile
CMD00251,1,CL0015,PR0037,2025-05-26,4,44.46,0,Ouest,Livrée,Mobile
CMD00251,2,CL0015,PR0042,2025-05-26,2,41.53,0,Ouest,Livrée,Boutique
CMD00251,3,CL0015,PR0043,2025-05-26,5,7.27,0,Ouest,Annulée,Mobile
CMD00251,4,CL0015,PR0001,2025-05-26,5,32.84,0,Ouest,Annulée,En ligne
CMD00252,1,CL0067,PR0040,2025-02-12,5,28.13,0,Ouest,Livrée,En ligne
CMD00252,2,CL0067,PR0022,2025-02-12,4,10.06,0,Ouest,En cours,Boutique
CMD00252,3,CL0067,PR0057,2025-02-12,3,11.68,0.05,Ouest,Livrée,Mobile
CMD00253,1,CL0012,PR0054,2024-08-12,4,40.12,0,Auvergne-Rhône-Alpes,Livrée,Mobile
CMD00254,1,CL0068,PR0013,2025-01-05,2,35.82,0,Est,Livrée,En ligne
CMD00255,1,CL0194,PR0008,2025-09-13,1,15.20,0.26,Île-de-France,Livrée,En ligne
CMD00255,2,CL0194,PR0018,2025-09-13,2,31.30,0,Île-de-France,En cours,Mobile
CMD00255,3,CL0194,PR0017,2025-09-13,2,25.77,0,Île-de-France,En cours,Mobile
CMD00255,4,CL0194,PR0009,2025-09-13,5,25.73,0,Île-de-France,Livrée,Boutique
CMD00256,1,CL0147,PR0026,2024-12-04,2,22.44,0.17,Nord,Livrée,Mobile
CMD00256,2,CL0147,PR0046,2024-12-04,1,27.17,0,Nord,Livrée,En ligne
CMD00256,3,CL0147,PR0059,2024-12-04,5,40.02,0,Nord,Livrée,En ligne
CMD00256,4,CL0147,PR0035,2024-12-04,3,39.09,0.19,Nord,Livrée,Boutique
CMD00257,1,CL0125,PR0032,2024-12-15,2,19.31,0,Ouest,Livrée,Boutique
CMD00257,2,CL0125,PR0021,2024-12-15,4,9.64,0,Ouest,Livrée,Mobile
CMD00258,1,CL0120,PR0013,2024-05-05,3,4.39,0,Sud,Livrée,Boutique
CMD00259,1,CL0186,PR0040,2025-01-18,4,46.78,0,Sud,En cours,En ligne
CMD00260,1,CL0190,PR0019,2025-04-22,3,30.48,0,Île-de-France,Annulée,En ligne
CMD00260,2,CL0190,PR0048,2025-04-22,3,45.63,0,Île-de-France,Annulée,Boutique
CMD00261,1,CL0172,PR0003,2025-06-08,5,34.92,0,Auvergne-Rhône-Alpes,Livrée,En ligne
CMD00261,2,CL0172,PR0048,2025-06-08,3,24.54,0.19,Auvergne-Rhône-Alpes,Livrée,Boutique
CMD00261,3,CL0172,PR0041,2025-06-08,2,25.27,0,Auvergne-Rhône-Alpes,En cours,Boutique
CMD00261,4,CL0172,PR0033,2025-06-08,1,34.17,0,Auvergne-Rhône-Alpes,Livrée,En ligne
CMD00262,1,CL0074,PR0028,2024-06-07,2,18.69,0.23,Auvergne-Rhône-Alpes,Livrée,En ligne
CMD00262,2,CL0074,PR0048,2024-06-07,4,44.49,0,Auvergne-Rhône-Alpes,Annulée,Boutique
CMD00263,1,CL0194,PR0052,2025-02-14,3,19.93,0,Île-de-France,Annulée,En ligne
CMD00264,1,CL0191,PR0026,2025-06-15,2,20.90,0,Est,Livrée,Mobile
CMD00264,2,CL0191,PR0047,2025-06-15,4,10.17,0,Est,Livrée,En ligne
CMD00264,3,CL0191,PR0054,2025-06-15,5,4.17,0,Est,Livrée,En ligne
CMD00265,1,CL0043,PR0029,2024-10-11,3,13.77,0,Bretagne,Livrée,En ligne
CMD00265,2,CL0043,PR0052,2024-10-11,5,25.48,0,Bretagne,Livrée,Boutique
CMD00265,3,CL0043,PR0057,2024-10-11,2,33.42,0,Bretagne,Annulée,En ligne
CMD00266,1,CL0036,PR0001,2024-04-10,3,9.26,0,Est,Livrée,Mobile
CMD00267,1,CL0021,PR0060,2025-06-28,4,15.13,0,Île-de-France,Livrée,Mobile
CMD00268,1,CL0187,PR0028,2024-06-25,5,8.39,0,Auvergne-Rhône-Alpes,Livrée,En ligne
CMD00268,2,CL0187,PR0028,2024-06-25,3,15.18,0,Auvergne-Rhône-Alpes,Annulée,Mobile
CMD00268,3,CL0187,PR0031,2024-06-25,1,19.65,0,Auvergne-Rhône-Alpes,Livrée,Boutique
CMD00268,4,CL0187,PR0006,2024-06-25,2,42.37,0,Auvergne-Rhône-Alpes,Livrée,Boutique
CMD00269,1,CL0128,PR0035,2024-04-03,2,33.33,0,Auvergne-Rhône-Alpes,Livrée,Mobile
CMD00269,2,CL0128,PR0028,2024-04-03,2,7.36,0,Auvergne-Rhône-Alpes,Annulée,Mobile
CMD00269,3,CL0128,PR0034,2024-04-03,2,8.75,0,Auvergne-Rhône-Alpes,Livrée,Boutique
CMD00270,1,CL0019,PR0044,2024-11-17,2,34.24,0,Est,Annulée,Mobile
CMD00270,2,CL0019,PR0052,2024-11-17,4,34.32,0,Est,Annulée,Mobile
CMD00270,3,CL0019,PR0053,2024-11-17,3,44.73,0,Est,Livrée,Mobile
CMD00270,4,CL0019,PR0008,2024-11-17,2,21.78,0.09,Est,En cours,En ligne
CMD00271,1,CL0174,PR0008,2024-01-25,2,38.69,0,Bretagne,En cours,Boutique
CMD00271,2,CL0174,PR0030,2024-01-25,1,43.35,0,Bretagne,Annulée,En ligne
CMD00271,3,CL0174,PR0051,2024-01-25,4,34.20,0,Bretagne,Livrée,Boutique
CMD00271,4,CL0174,PR0009,2024-01-25,4,33.56,0,Bretagne,Livrée,Mobile
CMD00272,1,CL0162,PR0007,2025-03-11,1,39.99,0,Sud,Livrée,Boutique
CMD00272,2,CL0162,PR0045,2025-03-11,5,46.68,0.02,Sud,Annulée,Boutique
CMD00273,1,CL0044,PR0020,2024-01-10,3,26.49,0,Est,Livrée,Boutique
CMD00273,2,CL0044,PR0034,2024-01-10,5,21.98,0,Est,Livrée,En ligne
CMD00274,1,CL0161,PR0055,2024-03-14,1,17.05,0,Sud,Livrée,En ligne
CMD00274,2,CL0161,PR0049,2024-03-14,4,33.85,0,Sud,Livrée,En ligne
CMD00274,3,CL0161,PR0014,2024-03-14,4,6.66,0,Sud,Livrée,En ligne
CMD00274,4,CL0161,PR0007,2024-03-14,2,41.25,0.15,Sud,Livrée,Mobile
CMD00275,1,CL0146,PR0017,2024-03-05,4,29.07,0.29,Nord,Livrée,Boutique
CMD00275,2,CL0146,PR0031,2024-03-05,2,2.95,0,Nord,Livrée,Mobile
CMD00276,1,CL0191,PR0035,2024-05-07,2,44.48,0,Est,Livrée,En ligne
CMD00276,2,CL0191,PR0006,2024-05-07,2,10.42,0.21,Est,En cours,Boutique
CMD00277,1,CL0069,PR0021,2025-09-24,5,45.18,0.06,Sud,Annulée,Boutique
CMD00277,2,CL0069,PR0059,2025-09-24,2,41.09,0,Sud,Livrée,En ligne
CMD00278,1,CL0044,PR0034,2025-11-27,3,18.62,0,Est,Livrée,En ligne
CMD00278,2,CL0044,PR0009,2025-11-27,5,38.06,0,Est,Livrée,Mobile
CMD00278,3,CL0044,PR0058,2025-11-27,2,30.94,0,Est,Livrée,En ligne
CMD00279,1,CL0041,PR0015,2025-11-12,3,32.66,0,Île-de-France,Annulée,En ligne
CMD00279,2,CL0041,PR0021,2025-11-12,5,15.50,0,Île-de-France,Livrée,Boutique
CMD00279,3,CL0041,PR0049,2025-11-12,4,39.28,0,Île-de-France,Livrée,En ligne
CMD00279,4,CL0041,PR0050,2025-11-12,1,39.27,0,Île-de-France,Livrée,Boutique
CMD00280,1,CL0077,PR0041,2024-12-25,5,5.46,0,Ouest,Annulée,Boutique
CMD00280,2,CL0077,PR0007,2024-12-25,4,6.53,0,Ouest,Annulée,Mobile
CMD00280,3,CL0077,PR0052,2024-12-25,5,37.09,0,Ouest,Annulée,En ligne
CMD00280,4,CL0077,PR0053,2024-12-25,1,43.83,0,Ouest,Livrée,En ligne
CMD00281,1,CL0021,PR0015,2024-03-08,4,3.84,0,Île-de-France,En cours,En ligne
CMD00281,2,CL0021,PR0015,2024-03-08,4,23.78,0,Île-de-France,Annulée,En ligne
CMD00281,3,CL0021,PR0058,2024-03-08,4,27.32,0,Île-de-France,Livrée,En ligne
CMD00281,4,CL0021,PR0048,2024-03-08,1,11.93,0.19,Île-de-France,Livrée,En ligne
CMD00282,1,CL0039,PR0036,2024-10-05,3,24.00,0,Auvergne-Rhône-Alpes,Livrée,Mobile
CMD00282,2,CL0039,PR0059,2024-10-05,4,8.53,0,Auvergne-Rhône-Alpes,Livrée,En ligne
CMD00283,1,CL0097,PR0056,2025-02-03,5,40.67,0,Île-de-France,Annulée,En ligne
CMD00283,2,CL0097,PR0058,2025-02-03,4,21.08,0,Île-de-France,En cours,Boutique
CMD00283,3,CL0097,PR0030,2025-02-03,1,43.12,0,Île-de-France,En cours,En ligne
CMD00283,4,CL0097,PR0032,2025-02-03,5,28.06,0.11,Île-de-France,En cours,En ligne
CMD00284,1,CL0190,PR0027,2025-04-12,1,25.80,0,Île-de-France,Livrée,Mobile
CMD00284,2,CL0190,PR0020,2025-04-12,2,24.66,0,Île-de-France,En cours,Boutique
CMD00284,3,CL0190,PR0026,2025-04-12,2,31.63,0,Île-de-France,Livrée,Boutique
CMD00284,4,CL0190,PR0005,2025-04-12,4,21.90,0,Île-de-France,Livrée,Boutique
CMD00285,1,CL0146,PR0003,2024-07-05,5,29.78,0,Nord,Livrée,En ligne
CMD00285,2,CL0146,PR0008,2024-07-05,5,44.01,0,Nord,Livrée,En ligne
CMD00285,3,CL0146,PR0012,2024-07-05,3,26.91,0,Nord,Livrée,Boutique
CMD00285,4,CL0146,PR0013,2024-07-05,1,5.50,0,Nord,Livrée,En ligne
CMD00286,1,CL0164,PR0028,2025-04-16,2,23.45,0.04,Est,Livrée,Boutique
CMD00286,2,CL0164,PR0041,2025-04-16,3,34.72,0,Est,Livrée,Boutique
CMD00287,1,CL0024,PR0029,2024-05-28,4,10.25,0,Est,Livrée,Boutique
CMD00287,2,CL0024,PR0055,2024-05-28,5,17.97,0,Est,Livrée,Boutique
CMD00287,3,CL0024,PR0039,2024-05-28,5,32.87,0.29,Est,Livrée,En ligne
CMD00288,1,CL0121,PR0001,2025-11-24,4,20.48,0,Île-de-France,Annulée,Mobile
CMD00289,1,CL0075,PR0003,2025-09-07,3,19.41,0,Occitanie,Livrée,Boutique
CMD00290,1,CL0010,PR0012,2024-02-27,5,12.13,0.26,Nord,En cours,Mobile
CMD00290,2,CL0010,PR0002,2024-02-27,3,38.84,0.18,Nord,Annulée,En ligne
CMD00291,1,CL0189,PR0038,2024-07-24,4,5.16,0,Sud,Livrée,Mobile
CMD00291,2,CL0189,PR0032,2024-07-24,1,32.52,0,Sud,En cours,En ligne
CMD00291,3,CL0189,PR0021,2024-07-24,2,7.87,0,Sud,Livrée,Boutique
CMD00292,1,CL0121,PR0026,2025-01-27,5,41.56,0,Île-de-France,Livrée,Mobile
CMD00293,1,CL0001,PR0013,2024-08-24,3,15.33,0,Île-de-France,Livrée,Mobile
CMD00294,1,CL0128,PR0057,2025-09-16,4,29.96,0,Auvergne-Rhône-Alpes,En cours,En ligne
CMD00294,2,CL0128,PR0038,2025-09-16,3,3.60,0,Auvergne-Rhône-Alpes,Annulée,Mobile
CMD00294,3,CL0128,PR0058,2025-09-16,3,29.74,0,Auvergne-Rhône-Alpes,En cours,Boutique
CMD00295,1,CL0165,PR0060,2025-06-23,4,27.87,0,Occitanie,Livrée,Boutique
CMD00295,2,CL0165,PR0035,2025-06-23,5,21.41,0.27,Occitanie,Livrée,En ligne
CMD00296,1,CL0084,PR0053,2024-02-16,5,4.80,0,Île-de-France,Livrée,Boutique
CMD00297,1,CL0034,PR0030,2025-02-15,2,18.38,0.17,Île-de-France,Livrée,Mobile
CMD00297,2,CL0034,PR0008,2025-02-15,4,5.49,0.28,Île-de-France,Livrée,Boutique
CMD00298,1,CL0177,PR0002,2024-02-17,1,3.86,0,Sud,Livrée,Mobile
CMD00299,1,CL0168,PR0043,2024-04-20,5,14.18,0.21,Bretagne,Livrée,Boutique
CMD00299,2,CL0168,PR0005,2024-04-20,3,5.14,0,Bretagne,Livrée,Mobile
CMD00299,3,CL0168,PR0017,2024-04-20,4,32.79,0,Bretagne,Livrée,Mobile
CMD00300,1,CL0185,PR0005,2025-05-17,4,27.09,0,Auvergne-Rhône-Alpes,En cours,En ligne
CMD00300,2,CL0185,PR0058,2025-05-17,3,28.80,0,Auvergne-Rhône-Alpes,Annulée,En ligne
CMD00301,1,CL0104,PR0021,2025-06-14,2,12.28,0,Île-de-France,Livrée,Boutique
CMD00301,2,CL0104,PR0014,2025-06-14,4,18.46,0,Île-de-France,Livrée,En ligne
CMD00301,3,CL0104,PR0008,2025-06-14,1,46.70,0,Île-de-France,Livrée,En ligne
CMD00302,1,CL0176,PR0002,2024-09-14,4,18.83,0,Occitanie,Livrée,En ligne
CMD00302,2,CL0176,PR0028,2024-09-14,2,27.64,0.06,Occitanie,Livrée,Mobile
CMD00302,3,CL0176,PR0006,2024-09-14,2,17.17,0,Occitanie,Annulée,Boutique
CMD00303,1,CL0083,PR0038,2025-03-16,2,3.73,0,Bretagne,Livrée,Boutique
CMD00303,2,CL0083,PR0007,2025-03-16,4,42.94,0,Bretagne,Livrée,Mobile
CMD00304,1,CL0127,PR0033,2025-07-18,1,44.73,0,Est,Livrée,Mobile
CMD00304,2,CL0127,PR0032,2025-07-18,5,31.63,0.10,Est,Livrée,Mobile
CMD00304,3,CL0127,PR0053,2025-07-18,4,17.29,0,Est,Livrée,Mobile
CMD00304,4,CL0127,PR0044,2025-07-18,3,37.99,0.05,Est,Livrée,Boutique
CMD00305,1,CL0190,PR0029,2025-11-02,3,38.50,0,Île-de-France,Annulée,En ligne
CMD00306,1,CL0170,PR0045,2025-04-03,5,44.22,0.29,Nord,En cours,Mobile
CMD00306,2,CL0170,PR0046,2025-04-03,3,21.93,0,Nord,Livrée,En ligne
CMD00306,3,CL0170,PR0006,2025-04-03,5,18.22,0,Nord,Livrée,Boutique
CMD00307,1,CL0148,PR0035,2024-07-02,3,13.19,0,Auvergne-Rhône-Alpes,Livrée,Boutique
CMD00307,2,CL0148,PR0035,2024-07-02,4,21.12,0,Auvergne-Rhône-Alpes,Livrée,Boutique
CMD00308,1,CL0185,PR0050,2025-05-25,5,43.19,0,Auvergne-Rhône-Alpes,Livrée,En ligne
CMD00308,2,CL0185,PR0015,2025-05-25,5,12.01,0.02,Auvergne-Rhône-Alpes,Annulée,Boutique
CMD00308,3,CL0185,PR0040,2025-05-25,5,25.47,0,Auvergne-Rhône-Alpes,Annulée,Boutique
CMD00309,1,CL0082,PR0059,2025-11-15,5,29.29,0.11,Bretagne,Livrée,En ligne
CMD00309,2,CL0082,PR0029,2025-11-15,2,21.14,0,Bretagne,En cours,En ligne
CMD00309,3,CL0082,PR0053,2025-11-15,1,45.46,0,Bretagne,Livrée,Mobile
CMD00310,1,CL0094,PR0013,2025-08-15,5,14.01,0,Nord,En cours,Mobile
CMD00310,2,CL0094,PR0019,2025-08-15,2,22.44,0.28,Nord,Livrée,Mobile
CMD00310,3,CL0094,PR0035,2025-08-15,1,38.55,0,Nord,En cours,Boutique
CMD00310,4,CL0094,PR0030,2025-08-15,2,40.89,0,Nord,Livrée,Mobile
CMD00311,1,CL0054,PR0060,2025-06-25,4,33.40,0.13,Est,Livrée,En ligne
CMD00312,1,CL0131,PR0046,2024-11-23,5,7.97,0,Auvergne-Rhône-Alpes,Livrée,En ligne
CMD00312,2,CL0131,PR0024,2024-11-23,5,38.15,0,Auvergne-Rhône-Alpes,En cours,En ligne
CMD00312,3,CL0131,PR0031,2024-11-23,2,34.75,0.09,Auvergne-Rhône-Alpes,Livrée,Boutique
CMD00313,1,CL0192,PR0032,2025-12-23,3,18.82,0.01,Occitanie,Livrée,Mobile
CMD00313,2,CL0192,PR0038,2025-12-23,2,45.77,0.29,Occitanie,Annulée,En ligne
CMD00313,3,CL0192,PR0046,2025-12-23,1,12.59,0,Occitanie,Livrée,Boutique
CMD00314,1,CL0040,PR0030,2025-07-09,2,40.39,0,Occitanie,Livrée,Boutique
CMD00314,2,CL0040,PR0054,2025-07-09,5,42.27,0,Occitanie,En cours,Mobile
CMD00314,3,CL0040,PR0002,2025-07-09,1,30.85,0,Occitanie,Livrée,En ligne
CMD00314,4,CL0040,PR0032,2025-07-09,3,46.13,0.24,Occitanie,Livrée,Mobile
CMD00315,1,CL0022,PR0022,2024-04-20,1,34.78,0,Occitanie,Livrée,Boutique
CMD00315,2,CL0022,PR0015,2024-04-20,2,21.68,0,Occitanie,Livrée,En ligne
CMD00316,1,CL0171,PR0011,2024-06-01,1,4.35,0,Bretagne,Livrée,Boutique
CMD00316,2,CL0171,PR0047,2024-06-01,5,22.91,0,Bretagne,Livrée,En ligne
CMD00316,3,CL0171,PR0013,2024-06-01,3,33.61,0,Bretagne,En cours,En ligne
CMD00317,1,CL0065,PR0017,2024-05-16,5,9.69,0,Occitanie,Livrée,Mobile
CMD00317,2,CL0065,PR0026,2024-05-16,2,34.52,0,Occitanie,Livrée,En ligne
CMD00317,3,CL0065,PR0028,2024-05-16,1,41.95,0,Occitanie,Livrée,Mobile
CMD00317,4,CL0065,PR0032,2024-05-16,4,8.95,0,Occitanie,Livrée,Mobile
CMD00318,1,CL0026,PR0060,2025-05-21,5,44.91,0,Nord,Livrée,En ligne
CMD00318,2,CL0026,PR0016,2025-05-21,1,7.07,0,Nord,Livrée,En ligne
CMD00319,1,CL0069,PR0013,2025-10-21,1,31.39,0,Sud,En cours,Mobile
CMD00319,2,CL0069,PR0012,2025-10-21,1,23.19,0,Sud,Annulée,En ligne
CMD00319,3,CL0069,PR0044,2025-10-21,3,27.47,0,Sud,En cours,En ligne
CMD00319,4,CL0069,PR0003,2025-10-21,5,19.67,0.30,Sud,En cours,Mobile
CMD00320,1,CL0002,PR0034,2024-10-11,1,37.95,0,Occitanie,Livrée,Boutique
CMD00320,2,CL0002,PR0056,2024-10-11,3,35.79,0,Occitanie,Livrée,En ligne
CMD00320,3,CL0002,PR0023,2024-10-11,3,35.82,0,Occitanie,Livrée,Boutique
CMD00321,1,CL0176,PR0017,2024-12-18,2,5.88,0.02,Occitanie,Annulée,Mobile
CMD00322,1,CL0173,PR0009,2025-05-19,3,45.70,0,Ouest,Livrée,Boutique
CMD00322,2,CL0173,PR0034,2025-05-19,4,40.62,0,Ouest,En cours,En ligne
CMD00322,3,CL0173,PR0048,2025-05-19,5,17.84,0,Ouest,En cours,Mobile
CMD00322,4,CL0173,PR0052,2025-05-19,2,33.25,0,Ouest,Livrée,En ligne
CMD00323,1,CL0125,PR0039,2025-11-16,3,36.36,0.08,Ouest,Annulée,En ligne
CMD00323,2,CL0125,PR0049,2025-11-16,2,27.28,0,Ouest,Livrée,Mobile
CMD00324,1,CL0078,PR0059,2024-09-26,2,31.51,0,Auvergne-Rhône-Alpes,Livrée,En ligne
CMD00324,2,CL0078,PR0001,2024-09-26,3,29.85,0.28,Auvergne-Rhône-Alpes,En cours,Mobile
CMD00324,3,CL0078,PR0023,2024-09-26,3,21.67,0,Auvergne-Rhône-Alpes,Livrée,Mobile
CMD00324,4,CL0078,PR0015,2024-09-26,3,21.46,0,Auvergne-Rhône-Alpes,Livrée,Boutique
CMD00325,1,CL0115,PR0044,2024-06-04,4,33.94,0,Auvergne-Rhône-Alpes,Livrée,Boutique
CMD00325,2,CL0115,PR0009,2024-06-04,2,16.21,0,Auvergne-Rhône-Alpes,Livrée,Boutique
CMD00326,1,CL0096,PR0029,2024-04-25,2,4.35,0,Nord,Livrée,Boutique
CMD00326,2,CL0096,PR0048,2024-04-25,2,37.22,0,Nord,En cours,En ligne
CMD00326,3,CL0096,PR0056,2024-04-25,2,37.23,0,Nord,Annulée,Boutique
CMD00327,1,CL0181,PR0044,2025-08-08,4,29.44,0,Bretagne,Livrée,En ligne
CMD00327,2,CL0181,PR0016,2025-08-08,2,7.45,0,Bretagne,Livrée,Mobile
CMD00327,3,CL0181,PR0044,2025-08-08,1,44.75,0.13,Bretagne,Livrée,Boutique
CMD00327,4,CL0181,PR0005,2025-08-08,2,14.83,0.03,Bretagne,Livrée,En ligne
CMD00328,1,CL0165,PR0010,2024-11-20,1,42.77,0.25,Occitanie,Livrée,En ligne
CMD00328,2,CL0165,PR0012,2024-11-20,3,20.32,0.17,Occitanie,Livrée,Mobile
CMD00328,3,CL0165,PR0026,2024-11-20,5,46.01,0.30,Occitanie,Livrée,Mobile
CMD00328,4,CL0165,PR0040,2024-11-20,3,6.94,0,Occitanie,Annulée,En ligne
CMD00329,1,CL0032,PR0035,2024-11-26,4,43.63,0,Occitanie,Livrée,Mobile
CMD00330,1,CL0146,PR0001,2025-04-05,5,29.14,0,Nord,Livrée,En ligne
CMD00330,2,CL0146,PR0055,2025-04-05,5,35.66,0,Nord,Livrée,Boutique
CMD00330,3,CL0146,PR0010,2025-04-05,3,17.14,0.14,Nord,Livrée,Mobile
CMD00330,4,CL0146,PR0001,2025-04-05,3,22.53,0.09,Nord,Annulée,Boutique
CMD00331,1,CL0198,PR0043,2024-01-26,5,28.11,0,Sud,En cours,En ligne
CMD00331,2,CL0198,PR0043,2024-01-26,4,31.87,0,Sud,En cours,Boutique
CMD00331,3,CL0198,PR0059,2024-01-26,5,19.67,0,Sud,Livrée,Mobile
CMD00332,1,CL0195,PR0006,2024-09-24,1,34.91,0,Bretagne,Livrée,Boutique
CMD00332,2,CL0195,PR0014,2024-09-24,2,6.86,0.21,Bretagne,Livrée,Boutique
CMD00332,3,CL0195,PR0026,2024-09-24,4,18.76,0,Bretagne,Livrée,Mobile
CMD00332,4,CL0195,PR0054,2024-09-24,4,8.81,0,Bretagne,Livrée,Mobile
CMD00333,1,CL0141,PR0034,2025-05-09,4,25.52,0,Occitanie,En cours,Mobile
CMD00334,1,CL0183,PR0003,2025-08-26,1,37.42,0,Sud,Annulée,Boutique
CMD00335,1,CL0012,PR0008,2024-09-01,4,45.79,0,Auvergne-Rhône-Alpes,Livrée,Boutique
CMD00336,1,CL0012,PR0039,2024-11-28,4,2.50,0,Auvergne-Rhône-Alpes,Livrée,En ligne
CMD00337,1,CL0106,PR0045,2025-08-22,4,17.28,0,Auvergne-Rhône-Alpes,Livrée,En ligne
CMD00337,2,CL0106,PR0007,2025-08-22,1,3.89,0.05,Auvergne-Rhône-Alpes,Livrée,En ligne
CMD00338,1,CL0036,PR0004,2025-03-05,5,4.59,0,Est,Livrée,En ligne
CMD00338,2,CL0036,PR0026,2025-03-05,4,11.39,0.06,Est,Livrée,En ligne
CMD00338,3,CL0036,PR0023,2025-03-05,4,42.13,0.14,Est,Livrée,Boutique
CMD00338,4,CL0036,PR0003,2025-03-05,2,18.95,0,Est,En cours,Mobile
CMD00339,1,CL0006,PR0055,2024-02-16,2,38.93,0,Ouest,Livrée,En ligne
CMD00340,1,CL0121,PR0051,2025-11-11,1,26.65,0,Île-de-France,Livrée,Mobile
CMD00341,1,CL0189,PR0009,2025-12-02,3,24.49,0,Sud,Livrée,Mobile
CMD00342,1,CL0128,PR0025,2025-01-01,5,20.98,0,Auvergne-Rhône-Alpes,Livrée,En ligne
CMD00342,2,CL0128,PR0044,2025-01-01,2,29.02,0,Auvergne-Rhône-Alpes,Livrée,Boutique
CMD00342,3,CL0128,PR0024,2025-01-01,3,16.50,0,Auvergne-Rhône-Alpes,Livrée,Mobile
CMD00342,4,CL0128,PR0047,2025-01-01,3,10.29,0,Auvergne-Rhône-Alpes,Livrée,Boutique
CMD00343,1,CL0191,PR0041,2024-01-17,2,46.64,0,Est,Livrée,Boutique
CMD00344,1,CL0046,PR0011,2025-11-01,1,17.79,0,Île-de-France,Annulée,En ligne
CMD00344,2,CL0046,PR0033,2025-11-01,1,9.43,0,Île-de-France,Livrée,Mobile
CMD00345,1,CL0009,PR0038,2025-07-22,2,9.46,0,Est,Livrée,En ligne
CMD00345,2,CL0009,PR0001,2025-07-22,4,42.56,0.11,Est,Livrée,Mobile
CMD00345,3,CL0009,PR0021,2025-07-22,2,8.49,0.09,Est,Livrée,Boutique
CMD00345,4,CL0009,PR0031,2025-07-22,4,22.87,0.25,Est,Livrée,Mobile
CMD00346,1,CL0107,PR0021,2024-01-09,1,45.61,0,Auvergne-Rhône-Alpes,Annulée,En ligne
CMD00346,2,CL0107,PR0050,2024-01-09,1,44.68,0,Auvergne-Rhône-Alpes,Livrée,En ligne
CMD00347,1,CL0166,PR0031,2024-07-08,3,8.98,0,Sud,Livrée,Boutique
CMD00347,2,CL0166,PR0007,2024-07-08,5,37.15,0,Sud,Livrée,Mobile
CMD00347,3,CL0166,PR0035,2024-07-08,4,3.68,0,Sud,Annulée,Boutique
CMD00347,4,CL0166,PR0059,2024-07-08,1,10.91,0.10,Sud,Livrée,Boutique
CMD00348,1,CL0117,PR0022,2025-11-11,2,3.22,0,Auvergne-Rhône-Alpes,Livrée,Boutique
CMD00348,2,CL0117,PR0013,2025-11-11,1,30.26,0,Auvergne-Rhône-Alpes,Livrée,En ligne
CMD00348,3,CL0117,PR0055,2025-11-11,2,11.31,0,Auvergne-Rhône-Alpes,Livrée,Mobile
CMD00348,4,CL0117,PR0021,2025-11-11,3,2.81,0,Auvergne-Rhône-Alpes,Livrée,Mobile
CMD00349,1,CL0123,PR0014,2025-03-21,1,26.29,0,Est,Livrée,Mobile
CMD00350,1,CL0126,PR0051,2024-02-21,4,10.86,0,Occitanie,En cours,Boutique
CMD00350,2,CL0126,PR0050,2024-02-21,3,6.90,0,Occitanie,Annulée,Boutique
CMD00351,1,CL0042,PR0011,2024-04-17,3,39.43,0,Bretagne,Livrée,Mobile
CMD00351,2,CL0042,PR0043,2024-04-17,5,40.27,0,Bretagne,Annulée,En ligne
CMD00351,3,CL0042,PR0046,2024-04-17,1,4.37,0,Bretagne,Livrée,Mobile
CMD00351,4,CL0042,PR0045,2024-04-17,4,18.79,0,Bretagne,Livrée,Boutique
CMD00352,1,CL0186,PR0015,2024-04-02,4,7.91,0,Sud,Livrée,Mobile
CMD00352,2,CL0186,PR0010,2024-04-02,1,41.81,0,Sud,Livrée,Boutique
CMD00353,1,CL0028,PR0016,2025-11-11,3,46.23,0,Nord,En cours,En ligne
CMD00353,2,CL0028,PR0059,2025-11-11,2,45.81,0.26,Nord,Livrée,Boutique
CMD00354,1,CL0058,PR0009,2025-05-22,5,4.06,0,Bretagne,Livrée,Mobile
CMD00354,2,CL0058,PR0055,2025-05-22,3,17.24,0,Bretagne,En cours,Boutique
CMD00354,3,CL0058,PR0045,2025-05-22,4,30.82,0,Bretagne,Livrée,Boutique
CMD00354,4,CL0058,PR0054,2025-05-22,2,2.38,0,Bretagne,Livrée,En ligne
CMD00355,1,CL0024,PR0012,2025-12-24,1,20.43,0,Est,Livrée,Boutique
CMD00356,1,CL0190,PR0046,2024-03-02,1,18.48,0,Île-de-France,Livrée,Boutique
CMD00356,2,CL0190,PR0043,2024-03-02,1,7.59,0,Île-de-France,Annulée,Mobile
CMD00356,3,CL0190,PR0034,2024-03-02,4,45.17,0.18,Île-de-France,En cours,Mobile
CMD00356,4,CL0190,PR0057,2024-03-02,5,37.15,0,Île-de-France,Livrée,En ligne
CMD00357,1,CL0163,PR0022,2024-07-14,3,22.61,0,Est,Livrée,Boutique
CMD00357,2,CL0163,PR0025,2024-07-14,1,21.54,0.22,Est,Livrée,Mobile
CMD00357,3,CL0163,PR0044,2024-07-14,1,39.58,0,Est,Livrée,Boutique
CMD00357,4,CL0163,PR0042,2024-07-14,3,25.80,0,Est,Livrée,Mobile
CMD00358,1,CL0068,PR0006,2024-01-07,2,30.97,0,Est,Livrée,Boutique
CMD00359,1,CL0180,PR0015,2024-06-03,1,23.82,0,Île-de-France,Livrée,Boutique
CMD00359,2,CL0180,PR0041,2024-06-03,5,13.53,0,Île-de-France,Livrée,En ligne
CMD00359,3,CL0180,PR0027,2024-06-03,1,22.87,0.07,Île-de-France,Livrée,Boutique
CMD00360,1,CL0043,PR0018,2025-12-24,1,12.28,0.22,Bretagne,Livrée,En ligne
CMD00360,2,CL0043,PR0025,2025-12-24,5,14.43,0,Bretagne,Annulée,En ligne
CMD00360,3,CL0043,PR0057,2025-12-24,3,42.55,0,Bretagne,Livrée,Mobile
CMD00361,1,CL0200,PR0049,2025-08-08,5,41.24,0.13,Bretagne,Livrée,Boutique
CMD00362,1,CL0065,PR0040,2025-02-17,5,6.51,0.01,Occitanie,Annulée,En ligne
CMD00362,2,CL0065,PR0048,2025-02-17,1,16.19,0,Occitanie,Annulée,En ligne
CMD00363,1,CL0164,PR0033,2024-05-18,3,8.37,0,Est,En cours,En ligne
CMD00363,2,CL0164,PR0039,2024-05-18,2,30.39,0,Est,Livrée,Boutique
CMD00363,3,CL0164,PR0051,2024-05-18,3,6.63,0,Est,Annulée,Mobile
CMD00364,1,CL0161,PR0040,2025-10-25,2,40.47,0,Sud,Annulée,Boutique
CMD00364,2,CL0161,PR0059,2025-10-25,1,16.08,0.11,Sud,Livrée,Boutique
CMD00365,1,CL0055,PR0058,2025-02-22,4,16.43,0.28,Est,En cours,Boutique
CMD00365,2,CL0055,PR0017,2025-02-22,3,28.42,0,Est,Livrée,Mobile
CMD00365,3,CL0055,PR0045,2025-02-22,2,26.78,0,Est,Livrée,Boutique
CMD00366,1,CL0057,PR0031,2024-11-17,5,37.22,0,Est,Annulée,En ligne
CMD00367,1,CL0170,PR0054,2025-08-06,5,19.89,0,Nord,Livrée,Mobile
CMD00367,2,CL0170,PR0008,2025-08-06,2,25.87,0,Nord,Livrée,En ligne
CMD00367,3,CL0170,PR0006,2025-08-06,5,11.33,0.18,Nord,Livrée,En ligne
CMD00368,1,CL0091,PR0050,2025-07-02,5,37.94,0.15,Auvergne-Rhône-Alpes,Livrée,Boutique
CMD00368,2,CL0091,PR0019,2025-07-02,4,43.27,0,Auvergne-Rhône-Alpes,En cours,Boutique
CMD00369,1,CL0103,PR0038,2025-10-05,2,8.55,0,Est,Livrée,En ligne
CMD00369,2,CL0103,PR0035,2025-10-05,5,4.43,0,Est,Annulée,Mobile
CMD00370,1,CL0176,PR0039,2025-09-16,5,35.42,0,Occitanie,Livrée,En ligne
CMD00370,2,CL0176,PR0011,2025-09-16,5,12.40,0,Occitanie,Livrée,Boutique
CMD00371,1,CL0052,PR0048,2025-12-21,3,23.57,0,Nord,Livrée,Mobile
CMD00372,1,CL0168,PR0030,2024-10-19,1,7.18,0,Bretagne,Annulée,En ligne
CMD00372,2,CL0168,PR0006,2024-10-19,2,30.40,0,Bretagne,Livrée,En ligne
CMD00373,1,CL0172,PR0038,2025-09-10,5,3.07,0,Auvergne-Rhône-Alpes,Livrée,Mobile
CMD00373,2,CL0172,PR0044,2025-09-10,2,38.55,0,Auvergne-Rhône-Alpes,Annulée,En ligne
CMD00373,3,CL0172,PR0044,2025-09-10,1,10.51,0,Auvergne-Rhône-Alpes,Livrée,Mobile
CMD00373,4,CL0172,PR0034,2025-09-10,5,24.01,0,Auvergne-Rhône-Alpes,Livrée,Mobile
CMD00374,1,CL0018,PR0052,2024-11-07,2,11.85,0,Auvergne-Rhône-Alpes,Livrée,En ligne
CMD00374,2,CL0018,PR0021,2024-11-07,2,38.48,0,Auvergne-Rhône-Alpes,Livrée,Boutique
CMD00374,3,CL0018,PR0014,2024-11-07,4,41.62,0,Auvergne-Rhône-Alpes,En cours,Mobile
CMD00375,1,CL0139,PR0023,2025-04-13,5,43.12,0,Bretagne,Livrée,Boutique
CMD00375,2,CL0139,PR0007,2025-04-13,4,35.58,0,Bretagne,Livrée,Mobile
CMD00375,3,CL0139,PR0056,2025-04-13,1,16.33,0,Bretagne,Livrée,Boutique
CMD00376,1,CL0014,PR0040,2025-12-13,5,8.34,0.04,Occitanie,Livrée,Mobile
CMD00376,2,CL0014,PR0051,2025-12-13,3,10.25,0,Occitanie,Annulée,En ligne
CMD00376,3,CL0014,PR0011,2025-12-13,2,21.17,0.09,Occitanie,Annulée,Boutique
CMD00377,1,CL0100,PR0024,2025-06-27,5,2.68,0,Sud,Livrée,Boutique
CMD00377,2,CL0100,PR0033,2025-06-27,4,29.96,0,Sud,Livrée,Mobile
CMD00378,1,CL0071,PR0028,2025-05-03,3,32.69,0,Sud,Livrée,Mobile
CMD00378,2,CL0071,PR0001,2025-05-03,5,28.90,0,Sud,Annulée,Mobile
CMD00379,1,CL0129,PR0041,2025-11-27,5,36.03,0,Est,En cours,Boutique
CMD00379,2,CL0129,PR0060,2025-11-27,5,35.68,0,Est,Annulée,Mobile
CMD00379,3,CL0129,PR0051,2025-11-27,5,42.39,0,Est,Livrée,Boutique
CMD00379,4,CL0129,PR0014,2025-11-27,3,25.36,0,Est,Livrée,En ligne
CMD00380,1,CL0043,PR0056,2024-10-27,1,31.42,0,Bretagne,Livrée,Mobile
CMD00380,2,CL0043,PR0050,2024-10-27,3,18.25,0,Bretagne,En cours,En ligne
CMD00380,3,CL0043,PR0013,2024-10-27,3,5.71,0,Bretagne,Livrée,Boutique
CMD00381,1,CL0007,PR0031,2025-06-16,1,23.14,0,Est,Livrée,Boutique
CMD00381,2,CL0007,PR0039,2025-06-16,1,8.70,0,Est,Livrée,Boutique
CMD00381,3,CL0007,PR0058,2025-06-16,1,17.87,0,Est,En cours,Boutique
CMD00381,4,CL0007,PR0031,2025-06-16,2,7.59,0.17,Est,Livrée,En ligne
CMD00382,1,CL0144,PR0004,2025-05-18,1,42.06,0,Est,Livrée,En ligne
CMD00382,2,CL0144,PR0046,2025-05-18,1,23.27,0,Est,En cours,Mobile
CMD00383,1,CL0066,PR0028,2024-08-13,1,15.22,0.24,Est,Livrée,Boutique
CMD00384,1,CL0041,PR0031,2025-06-15,4,29.69,0,Île-de-France,Livrée,En ligne
CMD00384,2,CL0041,PR0044,2025-06-15,4,14.09,0,Île-de-France,Annulée,Boutique
CMD00384,3,CL0041,PR0042,2025-06-15,1,42.91,0,Île-de-France,Livrée,En ligne
CMD00384,4,CL0041,PR0017,2025-06-15,4,9.75,0,Île-de-France,Annulée,En ligne
CMD00385,1,CL0005,PR0025,2025-02-08,4,32.53,0,Île-de-France,Annulée,Boutique
CMD00385,2,CL0005,PR0052,2025-02-08,5,38.77,0,Île-de-France,Livrée,En ligne
CMD00386,1,CL0025,PR0059,2025-12-16,5,18.86,0,Occitanie,Livrée,En ligne
CMD00386,2,CL0025,PR0033,2025-12-16,4,16.33,0,Occitanie,En cours,En ligne
CMD00386,3,CL0025,PR0031,2025-12-16,1,10.99,0.18,Occitanie,En cours,En ligne
CMD00386,4,CL0025,PR0014,2025-12-16,5,6.09,0,Occitanie,Livrée,Mobile
CMD00387,1,CL0189,PR0050,2025-01-18,5,44.69,0,Sud,Livrée,Boutique
CMD00387,2,CL0189,PR0054,2025-01-18,1,38.92,0,Sud,Livrée,Boutique
CMD00387,3,CL0189,PR0055,2025-01-18,3,19.11,0,Sud,Livrée,En ligne
CMD00388,1,CL0060,PR0031,2024-08-08,3,23.11,0.21,Auvergne-Rhône-Alpes,Livrée,Mobile
CMD00388,2,CL0060,PR0058,2024-08-08,1,16.37,0.20,Auvergne-Rhône-Alpes,Livrée,En ligne
CMD00389,1,CL0008,PR0041,2024-01-10,1,12.54,0,Occitanie,Livrée,Mobile
CMD00390,1,CL0174,PR0051,2024-03-24,5,39.60,0,Bretagne,Livrée,En ligne
CMD00390,2,CL0174,PR0058,2024-03-24,3,30.78,0.17,Bretagne,Livrée,En ligne
CMD00390,3,CL0174,PR0016,2024-03-24,2,9.82,0.27,Bretagne,Livrée,Boutique
CMD00391,1,CL0193,PR0034,2025-01-10,5,11.01,0,Ouest,Livrée,En ligne
CMD00392,1,CL0066,PR0039,2024-11-13,5,21.44,0.10,Est,Livrée,En ligne
CMD00392,2,CL0066,PR0027,2024-11-13,5,8.83,0,Est,Livrée,En ligne
CMD00392,3,CL0066,PR0054,2024-11-13,5,43.70,0.15,Est,Livrée,En ligne
CMD00392,4,CL0066,PR0044,2024-11-13,2,16.28,0,Est,En cours,Mobile
CMD00393,1,CL0075,PR0003,2024-11-20,2,34.62,0,Occitanie,Livrée,En ligne
CMD00393,2,CL0075,PR0030,2024-11-20,1,2.96,0,Occitanie,Livrée,Boutique
CMD00393,3,CL0075,PR0024,2024-11-20,3,3.00,0,Occitanie,Livrée,Mobile
CMD00393,4,CL0075,PR0022,2024-11-20,1,2.11,0.17,Occitanie,En cours,Boutique
CMD00394,1,CL0068,PR0047,2024-04-19,5,46.39,0.24,Est,Livrée,Boutique
CMD00394,2,CL0068,PR0049,2024-04-19,1,9.25,0,Est,Livrée,Boutique
CMD00395,1,CL0185,PR0002,2025-05-03,3,24.40,0,Auvergne-Rhône-Alpes,Livrée,Mobile
CMD00396,1,CL0136,PR0010,2024-06-21,1,22.50,0.12,Bretagne,Livrée,En ligne
CMD00396,2,CL0136,PR0045,2024-06-21,5,25.36,0.02,Bretagne,Livrée,Boutique
CMD00397,1,CL0109,PR0043,2025-07-17,5,25.90,0,Occitanie,Livrée,En ligne
CMD00397,2,CL0109,PR0028,2025-07-17,4,36.49,0,Occitanie,Livrée,En ligne
CMD00397,3,CL0109,PR0005,2025-07-17,5,39.31,0,Occitanie,Livrée,Mobile
CMD00397,4,CL0109,PR0024,2025-07-17,3,19.91,0,Occitanie,Livrée,Mobile
CMD00398,1,CL0116,PR0032,2024-11-16,5,18.87,0.27,Bretagne,Livrée,Mobile
CMD00398,2,CL0116,PR0057,2024-11-16,5,38.02,0,Bretagne,Livrée,Boutique
CMD00398,3,CL0116,PR0020,2024-11-16,5,8.41,0.03,Bretagne,En cours,En ligne
CMD00398,4,CL0116,PR0026,2024-11-16,2,21.04,0.16,Bretagne,En cours,En ligne
CMD00399,1,CL0061,PR0004,2025-06-13,1,2.37,0,Auvergne-Rhône-Alpes,Annulée,En ligne
CMD00399,2,CL0061,PR0007,2025-06-13,2,10.64,0,Auvergne-Rhône-Alpes,Annulée,Boutique
CMD00399,3,CL0061,PR0025,2025-06-13,1,42.29,0,Auvergne-Rhône-Alpes,Livrée,En ligne
CMD00400,1,CL0021,PR0008,2024-09-04,5,16.71,0.19,Île-de-France,En cours,En ligne
CMD00401,1,CL0188,PR0015,2025-05-12,2,20.76,0.13,Bretagne,Livrée,En ligne
CMD00401,2,CL0188,PR0057,2025-05-12,1,18.79,0,Bretagne,Livrée,Mobile
CMD00402,1,CL0058,PR0013,2024-05-20,5,37.25,0,Bretagne,Livrée,En ligne
CMD00402,2,CL0058,PR0047,2024-05-20,3,12.95,0,Bretagne,Annulée,Boutique
CMD00402,3,CL0058,PR0007,2024-05-20,2,12.19,0.28,Bretagne,En cours,En ligne
CMD00403,1,CL0033,PR0039,2024-01-09,1,28.96,0,Auvergne-Rhône-Alpes,Livrée,Boutique
CMD00404,1,CL0145,PR0027,2024-02-06,1,38.85,0,Nord,Annulée,Mobile
CMD00404,2,CL0145,PR0015,2024-02-06,4,2.45,0.27,Nord,Annulée,Mobile
CMD00404,3,CL0145,PR0055,2024-02-06,2,31.45,0,Nord,Livrée,Boutique
CMD00405,1,CL0007,PR0031,2024-01-28,5,42.17,0,Est,Livrée,Boutique
CMD00405,2,CL0007,PR0052,2024-01-28,2,35.35,0.03,Est,Livrée,Mobile
CMD00405,3,CL0007,PR0056,2024-01-28,4,25.90,0,Est,Livrée,En ligne
CMD00405,4,CL0007,PR0053,2024-01-28,2,32.76,0,Est,En cours,En ligne
CMD00406,1,CL0023,PR0007,2025-10-11,1,31.64,0,Nord,En cours,Boutique
CMD00406,2,CL0023,PR0030,2025-10-11,2,8.35,0,Nord,En cours,En ligne
CMD00406,3,CL0023,PR0013,2025-10-11,3,12.62,0,Nord,Livrée,En ligne
CMD00407,1,CL0127,PR0007,2025-09-02,2,25.84,0,Est,Livrée,Boutique
CMD00408,1,CL0119,PR0020,2024-03-27,4,44.77,0,Auvergne-Rhône-Alpes,Livrée,En ligne
CMD00408,2,CL0119,PR0045,2024-03-27,3,21.50,0,Auvergne-Rhône-Alpes,Livrée,En ligne
CMD00408,3,CL0119,PR0029,2024-03-27,1,5.61,0,Auvergne-Rhône-Alpes,Livrée,Mobile
CMD00408,4,CL0119,PR0019,2024-03-27,5,8.27,0,Auvergne-Rhône-Alpes,Livrée,En ligne
CMD00409,1,CL0146,PR0007,2024-06-18,1,13.56,0,Nord,En cours,Mobile
CMD00409,2,CL0146,PR0014,2024-06-18,2,31.44,0,Nord,Livrée,En ligne
CMD00409,3,CL0146,PR0027,2024-06-18,5,31.03,0,Nord,Livrée,En ligne
CMD00410,1,CL0068,PR0006,2025-09-08,5,30.71,0.03,Est,Livrée,Mobile
CMD00410,2,CL0068,PR0015,2025-09-08,5,5.26,0,Est,Livrée,En ligne
CMD00410,3,CL0068,PR0047,2025-09-08,5,42.07,0,Est,Livrée,En ligne
CMD00411,1,CL0028,PR0042,2024-03-26,1,15.25,0,Nord,Livrée,Boutique
CMD00411,2,CL0028,PR0059,2024-03-26,5,45.98,0,Nord,Livrée,En ligne
CMD00412,1,CL0029,PR0045,2024-03-09,2,34.89,0.08,Île-de-France,Livrée,Mobile
CMD00412,2,CL0029,PR0051,2024-03-09,5,13.58,0,Île-de-France,Livrée,Boutique
CMD00412,3,CL0029,PR0020,2024-03-09,5,4.18,0,Île-de-France,Livrée,Boutique
CMD00412,4,CL0029,PR0020,2024-03-09,2,4.23,0,Île-de-France,Livrée,Mobile
CMD00413,1,CL0057,PR0027,2025-12-16,2,17.22,0,Est,En cours,En ligne
CMD00413,2,CL0057,PR0002,2025-12-16,5,34.26,0,Est,Livrée,Boutique
CMD00414,1,CL0033,PR0034,2024-09-26,4,44.02,0,Auvergne-Rhône-Alpes,Annulée,Mobile
CMD00415,1,CL0045,PR0011,2025-10-17,5,29.79,0.10,Sud,En cours,En ligne
CMD00415,2,CL0045,PR0001,2025-10-17,4,30.43,0,Sud,Annulée,En ligne
CMD00415,3,CL0045,PR0043,2025-10-17,4,39.21,0,Sud,Livrée,En ligne
CMD00415,4,CL0045,PR0007,2025-10-17,1,7.21,0,Sud,Annulée,Boutique
CMD00416,1,CL0134,PR0035,2025-08-03,3,10.46,0,Ouest,Livrée,Boutique
CMD00417,1,CL0033,PR0014,2025-05-03,4,30.59,0,Auvergne-Rhône-Alpes,Livrée,En ligne
CMD00417,2,CL0033,PR0008,2025-05-03,2,17.86,0.25,Auvergne-Rhône-Alpes,Livrée,En ligne
CMD00418,1,CL0180,PR0021,2024-07-06,4,38.98,0,Île-de-France,Livrée,En ligne
CMD00418,2,CL0180,PR0055,2024-07-06,3,9.25,0,Île-de-France,Livrée,En ligne
CMD00418,3,CL0180,PR0012,2024-07-06,5,17.26,0,Île-de-France,Livrée,Mobile
CMD00418,4,CL0180,PR0035,2024-07-06,1,43.21,0,Île-de-France,En cours,Boutique
CMD00419,1,CL0187,PR0009,2025-02-24,5,22.05,0.04,Auvergne-Rhône-Alpes,Livrée,En ligne
CMD00419,2,CL0187,PR0049,2025-02-24,4,19.01,0,Auvergne-Rhône-Alpes,Annulée,Boutique
CMD00419,3,CL0187,PR0003,2025-02-24,2,10.44,0,Auvergne-Rhône-Alpes,Livrée,En ligne
CMD00420,1,CL0171,PR0023,2024-09-09,3,27.35,0.28,Bretagne,En cours,Boutique
CMD00420,2,CL0171,PR0037,2024-09-09,5,14.44,0,Bretagne,En cours,Mobile
CMD00420,3,CL0171,PR0024,2024-09-09,5,17.86,0,Bretagne,Livrée,Mobile
CMD00420,4,CL0171,PR0052,2024-09-09,4,19.77,0,Bretagne,Livrée,Boutique
CMD00421,1,CL0079,PR0027,2024-12-07,4,26.05,0,Île-de-France,Livrée,En ligne
CMD00422,1,CL0098,PR0027,2024-02-23,2,21.40,0.25,Ouest,Livrée,Mobile
CMD00423,1,CL0101,PR0035,2024-06-25,3,10.03,0,Île-de-France,Livrée,Mobile
CMD00424,1,CL0101,PR0057,2025-09-10,4,7.12,0,Île-de-France,En cours,Mobile
CMD00424,2,CL0101,PR0054,2025-09-10,3,29.80,0,Île-de-France,Livrée,Mobile
CMD00424,3,CL0101,PR0058,2025-09-10,3,44.26,0,Île-de-France,Annulée,Mobile
CMD00425,1,CL0079,PR0042,2025-05-21,2,44.74,0,Île-de-France,En cours,Boutique
CMD00425,2,CL0079,PR0042,2025-05-21,3,37.10,0,Île-de-France,Livrée,En ligne
CMD00426,1,CL0025,PR0059,2024-05-02,3,46.82,0,Occitanie,Livrée,Boutique
CMD00427,1,CL0026,PR0005,2024-07-07,4,25.02,0.24,Nord,Livrée,Boutique
CMD00427,2,CL0026,PR0043,2024-07-07,2,18.43,0,Nord,En cours,Mobile
CMD00427,3,CL0026,PR0057,2024-07-07,2,12.96,0.29,Nord,Livrée,Mobile
CMD00428,1,CL0095,PR0025,2024-07-05,1,27.07,0,Île-de-France,Livrée,En ligne
CMD00429,1,CL0165,PR0040,2024-03-07,3,43.01,0,Occitanie,Livrée,Boutique
CMD00430,1,CL0122,PR0015,2025-11-19,3,19.27,0.27,Ouest,Livrée,Mobile
CMD00430,2,CL0122,PR0049,2025-11-19,1,24.84,0,Ouest,Livrée,Mobile
CMD00430,3,CL0122,PR0030,2025-11-19,4,45.36,0,Ouest,Livrée,En ligne
CMD00430,4,CL0122,PR0026,2025-11-19,2,38.54,0,Ouest,Annulée,Mobile
CMD00431,1,CL0016,PR0045,2024-05-24,3,10.36,0,Ouest,Annulée,Mobile
CMD00431,2,CL0016,PR0060,2024-05-24,2,16.75,0,Ouest,Livrée,Mobile
CMD00431,3,CL0016,PR0027,2024-05-24,3,22.40,0,Ouest,Livrée,Mobile
CMD00432,1,CL0152,PR0005,2024-08-03,2,41.52,0.22,Auvergne-Rhône-Alpes,En cours,En ligne
CMD00432,2,CL0152,PR0060,2024-08-03,2,5.12,0,Auvergne-Rhône-Alpes,Livrée,Boutique
CMD00433,1,CL0190,PR0011,2025-10-04,3,2.16,0,Île-de-France,Annulée,En ligne
CMD00433,2,CL0190,PR0025,2025-10-04,4,17.38,0,Île-de-France,Annulée,Mobile
CMD00434,1,CL0120,PR0051,2024-06-16,1,6.43,0.13,Sud,En cours,Mobile
CMD00434,2,CL0120,PR0041,2024-06-16,3,24.49,0.05,Sud,Livrée,Boutique
CMD00435,1,CL0071,PR0040,2025-12-17,5,32.34,0.29,Sud,Livrée,En ligne
CMD00435,2,CL0071,PR0016,2025-12-17,1,4.23,0,Sud,Livrée,Boutique
CMD00436,1,CL0051,PR0020,2025-09-22,3,40.51,0,Auvergne-Rhône-Alpes,Annulée,En ligne
CMD00436,2,CL0051,PR0037,2025-09-22,4,4.95,0,Auvergne-Rhône-Alpes,Livrée,En ligne
CMD00436,3,CL0051,PR0047,2025-09-22,5,3.55,0,Auvergne-Rhône-Alpes,Livrée,Mobile
CMD00436,4,CL0051,PR0060,2025-09-22,2,37.60,0,Auvergne-Rhône-Alpes,En cours,Boutique
CMD00437,1,CL0172,PR0041,2025-06-05,5,21.45,0,Auvergne-Rhône-Alpes,Livrée,Mobile
CMD00438,1,CL0041,PR0011,2024-12-28,5,18.13,0,Île-de-France,Livrée,Mobile
CMD00439,1,CL0169,PR0007,2024-01-16,2,26.15,0,Bretagne,Livrée,Mobile
CMD00440,1,CL0024,PR0004,2025-04-20,5,14.61,0,Est,Livrée,En ligne
CMD00440,2,CL0024,PR0025,2025-04-20,2,10.73,0,Est,Livrée,Boutique
CMD00440,3,CL0024,PR0032,2025-04-20,4,3.97,0,Est,Annulée,Mobile
CMD00441,1,CL0187,PR0021,2024-01-25,5,2.91,0.19,Auvergne-Rhône-Alpes,Annulée,Boutique
CMD00441,2,CL0187,PR0056,2024-01-25,3,9.05,0,Auvergne-Rhône-Alpes,Livrée,Boutique
CMD00441,3,CL0187,PR0051,2024-01-25,1,42.90,0,Auvergne-Rhône-Alpes,Livrée,Boutique
CMD00441,4,CL0187,PR0032,2024-01-25,3,46.45,0,Auvergne-Rhône-Alpes,Livrée,Boutique
CMD00442,1,CL0186,PR0006,2025-11-13,1,27.01,0,Sud,Livrée,En ligne
CMD00442,2,CL0186,PR0054,2025-11-13,4,12.15,0,Sud,Livrée,En ligne
CMD00442,3,CL0186,PR0022,2025-11-13,3,35.80,0,Sud,Livrée,Boutique
CMD00442,4,CL0186,PR0008,2025-11-13,4,16.90,0,Sud,Livrée,En ligne
CMD00443,1,CL0174,PR0002,2024-09-19,5,43.37,0,Bretagne,Livrée,En ligne
CMD00444,1,CL0144,PR0042,2024-02-01,3,35.87,0,Est,Livrée,Mobile
CMD00444,2,CL0144,PR0016,2024-02-01,3,31.76,0.29,Est,Livrée,En ligne
CMD00444,3,CL0144,PR0041,2024-02-01,4,35.86,0,Est,En cours,En ligne
CMD00444,4,CL0144,PR0033,2024-02-01,2,40.65,0,Est,Livrée,En ligne
CMD00445,1,CL0007,PR0047,2024-05-07,3,11.51,0,Est,En cours,En ligne
CMD00445,2,CL0007,PR0011,2024-05-07,4,32.27,0.04,Est,Livrée,Mobile
CMD00445,3,CL0007,PR0007,2024-05-07,1,42.23,0,Est,Annulée,En ligne
CMD00445,4,CL0007,PR0019,2024-05-07,1,13.43,0.20,Est,En cours,Mobile
CMD00446,1,CL0121,PR0012,2024-03-02,3,22.24,0,Île-de-France,Livrée,Boutique
CMD00447,1,CL0022,PR0022,2025-02-14,3,45.76,0,Occitanie,Annulée,En ligne
CMD00447,2,CL0022,PR0046,2025-02-14,1,2.73,0,Occitanie,Livrée,Mobile
CMD00447,3,CL0022,PR0011,2025-02-14,2,19.46,0,Occitanie,Annulée,Boutique
CMD00448,1,CL0125,PR0013,2025-03-03,2,46.84,0,Ouest,Livrée,Mobile
CMD00449,1,CL0130,PR0045,2025-01-04,4,35.01,0,Auvergne-Rhône-Alpes,Annulée,Mobile
CMD00449,2,CL0130,PR0058,2025-01-04,2,34.74,0,Auvergne-Rhône-Alpes,Livrée,Boutique
CMD00449,3,CL0130,PR0011,2025-01-04,5,42.59,0,Auvergne-Rhône-Alpes,Livrée,Boutique
CMD00450,1,CL0054,PR0045,2025-06-09,3,36.32,0,Est,Annulée,Mobile
CMD00450,2,CL0054,PR0040,2025-06-09,2,29.64,0,Est,Livrée,Mobile
CMD00450,3,CL0054,PR0034,2025-06-09,3,35.11,0,Est,Livrée,Boutique
CMD00450,4,CL0054,PR0055,2025-06-09,5,9.11,0,Est,En cours,Boutique
CMD00451,1,CL0127,PR0053,2024-03-19,4,2.08,0.14,Est,En cours,En ligne
CMD00451,2,CL0127,PR0042,2024-03-19,4,8.32,0,Est,Livrée,Boutique
CMD00451,3,CL0127,PR0055,2024-03-19,4,35.35,0,Est,Livrée,Mobile
CMD00452,1,CL0064,PR0028,2024-03-09,5,32.04,0,Est,Livrée,Mobile
CMD00452,2,CL0064,PR0012,2024-03-09,3,13.82,0,Est,Livrée,Mobile
CMD00453,1,CL0021,PR0053,2025-03-17,1,29.21,0.02,Île-de-France,Livrée,Boutique
CMD00454,1,CL0012,PR0037,2025-09-17,5,46.72,0,Auvergne-Rhône-Alpes,Livrée,Boutique
CMD00455,1,CL0026,PR0026,2025-10-08,2,21.54,0,Nord,Livrée,Boutique
CMD00455,2,CL0026,PR0021,2025-10-08,2,27.72,0,Nord,Annulée,En ligne
CMD00455,3,CL0026,PR0028,2025-10-08,1,42.54,0,Nord,Livrée,Mobile
CMD00455,4,CL0026,PR0032,2025-10-08,5,28.94,0,Nord,En cours,En ligne
CMD00456,1,CL0129,PR0030,2024-11-16,5,20.63,0,Est,Livrée,Boutique
CMD00456,2,CL0129,PR0006,2024-11-16,4,15.85,0,Est,En cours,Mobile
CMD00456,3,CL0129,PR0017,2024-11-16,5,26.10,0,Est,Livrée,Boutique
CMD00457,1,CL0125,PR0030,2025-09-27,1,45.14,0.14,Ouest,En cours,Boutique
CMD00457,2,CL0125,PR0020,2025-09-27,2,32.72,0,Ouest,Livrée,Boutique
CMD00457,3,CL0125,PR0051,2025-09-27,5,18.64,0.10,Ouest,Annulée,Mobile
CMD00457,4,CL0125,PR0050,2025-09-27,2,11.37,0,Ouest,Annulée,En ligne
CMD00458,1,CL0078,PR0042,2024-09-17,2,5.71,0,Auvergne-Rhône-Alpes,Livrée,Boutique
CMD00458,2,CL0078,PR0034,2024-09-17,3,35.85,0,Auvergne-Rhône-Alpes,Livrée,En ligne
CMD00458,3,CL0078,PR0026,2024-09-17,4,26.87,0,Auvergne-Rhône-Alpes,Livrée,Boutique
CMD00458,4,CL0078,PR0048,2024-09-17,4,13.37,0,Auvergne-Rhône-Alpes,Livrée,Boutique
CMD00459,1,CL0012,PR0056,2025-12-05,4,19.83,0.26,Auvergne-Rhône-Alpes,Livrée,Mobile
CMD00459,2,CL0012,PR0027,2025-12-05,5,19.58,0.12,Auvergne-Rhône-Alpes,Livrée,En ligne
CMD00460,1,CL0183,PR0033,2024-01-08,3,17.90,0,Sud,En cours,En ligne
CMD00461,1,CL0012,PR0005,2025-03-11,2,9.44,0,Auvergne-Rhône-Alpes,Livrée,Mobile
CMD00461,2,CL0012,PR0004,2025-03-11,5,11.80,0,Auvergne-Rhône-Alpes,Livrée,En ligne
CMD00461,3,CL0012,PR0024,2025-03-11,3,19.83,0,Auvergne-Rhône-Alpes,Livrée,Mobile
CMD00462,1,CL0045,PR0040,2025-11-03,4,11.67,0,Sud,Livrée,En ligne
CMD00462,2,CL0045,PR0020,2025-11-03,2,32.41,0.02,Sud,Livrée,Mobile
CMD00462,3,CL0045,PR0025,2025-11-03,5,44.81,0,Sud,En cours,Mobile
CMD00463,1,CL0089,PR0058,2024-10-18,5,43.02,0,Occitanie,Livrée,Mobile
CMD00463,2,CL0089,PR0035,2024-10-18,1,15.94,0,Occitanie,Livrée,En ligne
CMD00463,3,CL0089,PR0005,2024-10-18,4,38.46,0,Occitanie,Livrée,Boutique
CMD00463,4,CL0089,PR0018,2024-10-18,2,34.24,0,Occitanie,Annulée,Boutique
CMD00464,1,CL0042,PR0050,2025-01-03,5,12.21,0,Bretagne,Livrée,En ligne
CMD00464,2,CL0042,PR0008,2025-01-03,4,16.35,0,Bretagne,Livrée,En ligne
CMD00464,3,CL0042,PR0027,2025-01-03,3,10.42,0,Bretagne,Livrée,Boutique
CMD00465,1,CL0108,PR0031,2024-03-18,4,20.43,0,Auvergne-Rhône-Alpes,Livrée,Boutique
CMD00465,2,CL0108,PR0044,2024-03-18,4,5.97,0,Auvergne-Rhône-Alpes,Livrée,Mobile
CMD00466,1,CL0075,PR0006,2025-01-03,3,10.09,0,Occitanie,Livrée,En ligne
CMD00466,2,CL0075,PR0031,2025-01-03,2,13.44,0,Occitanie,Livrée,Mobile
CMD00466,3,CL0075,PR0022,2025-01-03,2,12.89,0,Occitanie,Livrée,En ligne
CMD00466,4,CL0075,PR0041,2025-01-03,1,33.64,0,Occitanie,Livrée,Boutique
CMD00467,1,CL0112,PR0023,2024-01-23,5,39.34,0,Ouest,Livrée,Boutique
CMD00468,1,CL0155,PR0031,2025-11-03,4,36.98,0.26,Nord,Livrée,En ligne
CMD00469,1,CL0166,PR0004,2024-06-03,5,16.78,0.17,Sud,Annulée,En ligne
CMD00470,1,CL0072,PR0046,2024-04-04,4,6.71,0,Île-de-France,Livrée,Mobile
CMD00470,2,CL0072,PR0019,2024-04-04,4,7.70,0,Île-de-France,En cours,Mobile
CMD00471,1,CL0164,PR0045,2025-07-13,2,19.46,0.24,Est,Livrée,Mobile
CMD00471,2,CL0164,PR0016,2025-07-13,5,11.11,0.09,Est,Annulée,Boutique
CMD00472,1,CL0184,PR0004,2025-01-19,5,3.59,0,Auvergne-Rhône-Alpes,Livrée,Mobile
CMD00472,2,CL0184,PR0043,2025-01-19,4,5.08,0,Auvergne-Rhône-Alpes,Livrée,En ligne
CMD00473,1,CL0012,PR0036,2025-03-06,4,2.09,0,Auvergne-Rhône-Alpes,Livrée,En ligne
CMD00474,1,CL0085,PR0036,2024-05-25,5,8.13,0,Sud,Livrée,En ligne
CMD00474,2,CL0085,PR0016,2024-05-25,1,23.60,0.12,Sud,Livrée,Mobile
CMD00474,3,CL0085,PR0010,2024-05-25,1,6.19,0,Sud,Annulée,Boutique
CMD00474,4,CL0085,PR0052,2024-05-25,3,31.85,0.12,Sud,Livrée,Mobile
CMD00475,1,CL0048,PR0020,2025-07-02,4,21.20,0,Auvergne-Rhône-Alpes,Livrée,Mobile
CMD00475,2,CL0048,PR0058,2025-07-02,3,39.64,0.06,Auvergne-Rhône-Alpes,Livrée,Boutique
CMD00476,1,CL0076,PR0057,2025-05-02,5,10.26,0,Sud,Livrée,Boutique
CMD00477,1,CL0003,PR0044,2025-09-06,5,34.29,0,Est,En cours,Boutique
CMD00478,1,CL0006,PR0030,2025-02-17,3,28.19,0,Ouest,Livrée,Mobile
CMD00478,2,CL0006,PR0029,2025-02-17,1,2.05,0,Ouest,Livrée,Mobile
CMD00478,3,CL0006,PR0041,2025-02-17,3,16.18,0,Ouest,Livrée,En ligne
CMD00479,1,CL0073,PR0060,2025-09-27,1,34.47,0,Nord,Livrée,En ligne
CMD00479,2,CL0073,PR0001,2025-09-27,2,14.37,0,Nord,Livrée,Boutique
CMD00479,3,CL0073,PR0007,2025-09-27,3,45.34,0,Nord,En cours,Mobile
CMD00479,4,CL0073,PR0048,2025-09-27,1,2.62,0,Nord,Livrée,En ligne
CMD00480,1,CL0190,PR0004,2024-02-11,2,29.55,0.25,Île-de-France,En cours,En ligne
CMD00480,2,CL0190,PR0057,2024-02-11,2,35.62,0,Île-de-France,Livrée,Mobile
CMD00481,1,CL0132,PR0038,2024-04-10,5,4.62,0,Auvergne-Rhône-Alpes,Livrée,Mobile
CMD00481,2,CL0132,PR0001,2024-04-10,1,9.75,0,Auvergne-Rhône-Alpes,Livrée,Boutique
CMD00482,1,CL0148,PR0016,2024-09-10,1,18.53,0.20,Auvergne-Rhône-Alpes,Livrée,Boutique
CMD00482,2,CL0148,PR0060,2024-09-10,1,10.65,0.15,Auvergne-Rhône-Alpes,Annulée,En ligne
CMD00482,3,CL0148,PR0050,2024-09-10,4,17.44,0.05,Auvergne-Rhône-Alpes,Livrée,En ligne
CMD00483,1,CL0079,PR0012,2025-05-07,1,25.12,0,Île-de-France,En cours,Mobile
CMD00483,2,CL0079,PR0050,2025-05-07,1,10.46,0.11,Île-de-France,Livrée,Boutique
CMD00484,1,CL0006,PR0011,2024-02-26,1,34.39,0,Ouest,Annulée,En ligne
CMD00484,2,CL0006,PR0010,2024-02-26,5,33.27,0.21,Ouest,Livrée,En ligne
CMD00484,3,CL0006,PR0020,2024-02-26,1,4.37,0,Ouest,Livrée,Boutique
CMD00484,4,CL0006,PR0030,2024-02-26,5,25.95,0,Ouest,Annulée,Boutique
CMD00485,1,CL0080,PR0031,2024-07-01,2,7.30,0,Est,En cours,Mobile
CMD00486,1,CL0077,PR0015,2024-02-05,4,23.06,0,Ouest,Annulée,En ligne
CMD00486,2,CL0077,PR0007,2024-02-05,4,12.69,0,Ouest,Livrée,Boutique
CMD00486,3,CL0077,PR0018,2024-02-05,5,5.95,0,Ouest,Livrée,Mobile
CMD00487,1,CL0175,PR0003,2025-05-25,1,25.44,0,Ouest,Livrée,Mobile
CMD00487,2,CL0175,PR0004,2025-05-25,4,40.71,0,Ouest,Annulée,En ligne
CMD00487,3,CL0175,PR0009,2025-05-25,1,27.05,0,Ouest,Livrée,Mobile
CMD00488,1,CL0092,PR0054,2025-01-21,1,40.14,0.07,Ouest,Annulée,Mobile
CMD00488,2,CL0092,PR0042,2025-01-21,2,10.89,0,Ouest,Livrée,En ligne
CMD00489,1,CL0193,PR0009,2025-07-13,1,12.16,0,Ouest,Livrée,Boutique
CMD00490,1,CL0086,PR0044,2025-06-24,5,28.31,0,Bretagne,En cours,En ligne
CMD00490,2,CL0086,PR0013,2025-06-24,1,19.45,0.12,Bretagne,Annulée,Boutique
CMD00490,3,CL0086,PR0028,2025-06-24,3,20.83,0.30,Bretagne,Annulée,Mobile
CMD00491,1,CL0037,PR0029,2024-11-17,1,7.40,0.06,Île-de-France,Livrée,Boutique
CMD00491,2,CL0037,PR0039,2024-11-17,3,21.47,0,Île-de-France,Annulée,En ligne
CMD00491,3,CL0037,PR0006,2024-11-17,4,14.96,0,Île-de-France,En cours,En ligne
CMD00492,1,CL0189,PR0028,2025-06-08,3,3.36,0,Sud,Annulée,Boutique
CMD00493,1,CL0106,PR0004,2025-10-21,1,37.94,0,Auvergne-Rhône-Alpes,Livrée,En ligne
CMD00493,2,CL0106,PR0043,2025-10-21,3,11.75,0.19,Auvergne-Rhône-Alpes,Livrée,Boutique
CMD00493,3,CL0106,PR0047,2025-10-21,2,26.92,0,Auvergne-Rhône-Alpes,Livrée,Boutique
CMD00493,4,CL0106,PR0004,2025-10-21,1,13.74,0,Auvergne-Rhône-Alpes,Livrée,Mobile
CMD00494,1,CL0163,PR0054,2024-12-07,5,10.87,0,Est,Livrée,Mobile
CMD00494,2,CL0163,PR0031,2024-12-07,4,32.30,0,Est,Livrée,En ligne
CMD00495,1,CL0155,PR0024,2024-10-28,5,10.97,0.15,Nord,Livrée,En ligne
CMD00495,2,CL0155,PR0041,2024-10-28,1,19.48,0,Nord,Livrée,Boutique
CMD00495,3,CL0155,PR0034,2024-10-28,1,40.54,0,Nord,Livrée,Mobile
CMD00495,4,CL0155,PR0048,2024-10-28,1,30.23,0,Nord,Livrée,Boutique
CMD00496,1,CL0051,PR0060,2025-07-27,1,14.60,0,Auvergne-Rhône-Alpes,Livrée,Boutique
CMD00496,2,CL0051,PR0057,2025-07-27,2,15.05,0.16,Auvergne-Rhône-Alpes,Livrée,Boutique
CMD00497,1,CL0012,PR0041,2025-09-28,3,16.62,0,Auvergne-Rhône-Alpes,En cours,En ligne
CMD00497,2,CL0012,PR0032,2025-09-28,4,25.20,0,Auvergne-Rhône-Alpes,Annulée,En ligne
CMD00498,1,CL0187,PR0027,2025-10-22,1,46.85,0,Auvergne-Rhône-Alpes,Livrée,Boutique
CMD00498,2,CL0187,PR0019,2025-10-22,3,16.34,0,Auvergne-Rhône-Alpes,En cours,En ligne
CMD00499,1,CL0152,PR0008,2024-07-26,5,9.45,0,Auvergne-Rhône-Alpes,Livrée,Mobile
CMD00499,2,CL0152,PR0028,2024-07-26,4,46.22,0,Auvergne-Rhône-Alpes,Livrée,Boutique
CMD00500,1,CL0198,PR0007,2025-06-09,1,44.38,0,Sud,Annulée,En ligne
CMD00500,2,CL0198,PR0030,2025-06-09,2,19.14,0.08,Sud,Annulée,Mobile
CMD00500,3,CL0198,PR0047,2025-06-09,2,7.69,0,Sud,Annulée,En ligne
CMD00501,1,CL0083,PR0029,2024-10-09,1,5.72,0,Bretagne,Annulée,En ligne
CMD00501,2,CL0083,PR0060,2024-10-09,1,37.40,0.21,Bretagne,Livrée,En ligne
CMD00501,3,CL0083,PR0053,2024-10-09,2,40.29,0,Bretagne,En cours,Mobile
CMD00502,1,CL0048,PR0023,2025-06-16,4,7.01,0,Auvergne-Rhône-Alpes,Annulée,En ligne
CMD00502,2,CL0048,PR0002,2025-06-16,4,34.71,0,Auvergne-Rhône-Alpes,En cours,En ligne
CMD00503,1,CL0101,PR0001,2024-01-24,2,21.70,0,Île-de-France,Livrée,Boutique
CMD00503,2,CL0101,PR0038,2024-01-24,2,32.36,0,Île-de-France,En cours,Boutique
CMD00504,1,CL0182,PR0032,2025-08-11,2,3.23,0,Auvergne-Rhône-Alpes,En cours,En ligne
CMD00505,1,CL0018,PR0004,2024-12-18,2,40.41,0,Auvergne-Rhône-Alpes,Livrée,En ligne
CMD00505,2,CL0018,PR0025,2024-12-18,3,27.77,0,Auvergne-Rhône-Alpes,Annulée,Mobile
CMD00505,3,CL0018,PR0001,2024-12-18,2,41.98,0,Auvergne-Rhône-Alpes,Livrée,Mobile
CMD00506,1,CL0045,PR0018,2024-07-22,4,2.24,0,Sud,Annulée,Mobile
CMD00506,2,CL0045,PR0022,2024-07-22,5,24.80,0.28,Sud,Livrée,En ligne
CMD00507,1,CL0095,PR0025,2024-06-26,5,46.68,0.20,Île-de-France,Livrée,En ligne
CMD00507,2,CL0095,PR0036,2024-06-26,3,45.74,0,Île-de-France,En cours,Mobile
CMD00507,3,CL0095,PR0052,2024-06-26,4,33.33,0,Île-de-France,Livrée,Boutique
CMD00508,1,CL0109,PR0060,2025-01-23,5,34.38,0,Occitanie,Livrée,Mobile
CMD00508,2,CL0109,PR0018,2025-01-23,5,36.82,0,Occitanie,Annulée,Boutique
CMD00508,3,CL0109,PR0054,2025-01-23,1,8.61,0.03,Occitanie,En cours,Boutique
CMD00508,4,CL0109,PR0032,2025-01-23,1,30.81,0,Occitanie,En cours,Boutique
CMD00509,1,CL0132,PR0023,2024-11-23,4,46.14,0,Auvergne-Rhône-Alpes,En cours,Mobile
CMD00509,2,CL0132,PR0046,2024-11-23,5,24.78,0,Auvergne-Rhône-Alpes,Livrée,Mobile
CMD00509,3,CL0132,PR0060,2024-11-23,3,44.21,0,Auvergne-Rhône-Alpes,En cours,En ligne
CMD00509,4,CL0132,PR0037,2024-11-23,1,20.48,0,Auvergne-Rhône-Alpes,Livrée,En ligne
CMD00510,1,CL0028,PR0043,2025-08-03,4,9.16,0,Nord,En cours,Mobile
CMD00511,1,CL0109,PR0030,2024-03-25,5,41.26,0,Occitanie,En cours,En ligne
CMD00511,2,CL0109,PR0004,2024-03-25,4,25.79,0,Occitanie,Livrée,En ligne
CMD00511,3,CL0109,PR0057,2024-03-25,2,14.46,0.16,Occitanie,En cours,Boutique
CMD00512,1,CL0068,PR0017,2025-04-26,1,15.72,0.01,Est,Annulée,Mobile
CMD00513,1,CL0044,PR0047,2024-11-10,1,28.70,0,Est,Livrée,Boutique
CMD00514,1,CL0189,PR0035,2024-09-01,1,36.89,0,Sud,Livrée,En ligne
CMD00514,2,CL0189,PR0027,2024-09-01,4,23.80,0,Sud,Annulée,Mobile
CMD00514,3,CL0189,PR0050,2024-09-01,3,41.96,0,Sud,Livrée,En ligne
CMD00514,4,CL0189,PR0014,2024-09-01,4,14.61,0,Sud,Livrée,En ligne
CMD00515,1,CL0001,PR0055,2025-02-03,2,27.82,0,Île-de-France,Annulée,En ligne
CMD00515,2,CL0001,PR0047,2025-02-03,3,6.22,0,Île-de-France,Annulée,En ligne
CMD00516,1,CL0075,PR0024,2024-12-05,2,30.99,0,Occitanie,Livrée,Mobile
CMD00517,1,CL0090,PR0060,2025-09-13,4,12.75,0,Occitanie,Livrée,En ligne
CMD00517,2,CL0090,PR0002,2025-09-13,4,16.21,0,Occitanie,Annulée,Mobile
CMD00517,3,CL0090,PR0042,2025-09-13,2,34.45,0,Occitanie,Annulée,En ligne
CMD00518,1,CL0095,PR0052,2025-05-02,1,8.00,0.04,Île-de-France,Livrée,En ligne
CMD00518,2,CL0095,PR0043,2025-05-02,2,35.22,0,Île-de-France,Livrée,Mobile
CMD00518,3,CL0095,PR0059,2025-05-02,4,25.77,0,Île-de-France,En cours,En ligne
CMD00519,1,CL0024,PR0036,2024-11-06,4,33.65,0,Est,Livrée,En ligne
CMD00519,2,CL0024,PR0012,2024-11-06,5,17.02,0,Est,Livrée,En ligne
CMD00519,3,CL0024,PR0013,2024-11-06,2,35.85,0,Est,En cours,Boutique
CMD00520,1,CL0095,PR0025,2025-06-18,5,34.32,0,Île-de-France,Livrée,Mobile
CMD00520,2,CL0095,PR0026,2025-06-18,3,29.85,0,Île-de-France,Annulée,En ligne
CMD00520,3,CL0095,PR0039,2025-06-18,2,3.71,0,Île-de-France,Livrée,Mobile
CMD00521,1,CL0052,PR0057,2024-03-13,4,22.81,0,Nord,Annulée,Mobile
CMD00521,2,CL0052,PR0036,2024-03-13,4,40.66,0,Nord,Livrée,En ligne
CMD00521,3,CL0052,PR0005,2024-03-13,4,46.10,0,Nord,En cours,Mobile
CMD00521,4,CL0052,PR0021,2024-03-13,4,14.13,0,Nord,Livrée,En ligne
CMD00522,1,CL0049,PR0045,2025-08-22,2,34.96,0,Auvergne-Rhône-Alpes,Livrée,Boutique
CMD00522,2,CL0049,PR0050,2025-08-22,2,10.65,0,Auvergne-Rhône-Alpes,Livrée,Boutique
CMD00522,3,CL0049,PR0033,2025-08-22,1,18.38,0,Auvergne-Rhône-Alpes,En cours,En ligne
CMD00523,1,CL0121,PR0005,2025-10-03,2,28.95,0,Île-de-France,En cours,Boutique
CMD00523,2,CL0121,PR0017,2025-10-03,2,31.69,0,Île-de-France,Livrée,Boutique
CMD00523,3,CL0121,PR0024,2025-10-03,3,33.20,0,Île-de-France,En cours,Boutique
CMD00523,4,CL0121,PR0045,2025-10-03,4,5.61,0.25,Île-de-France,Livrée,Boutique
CMD00524,1,CL0082,PR0027,2025-12-20,2,6.70,0,Bretagne,Livrée,Boutique
CMD00525,1,CL0125,PR0015,2025-08-20,4,38.68,0,Ouest,Livrée,En ligne
CMD00525,2,CL0125,PR0005,2025-08-20,4,18.37,0.13,Ouest,Livrée,Boutique
CMD00526,1,CL0040,PR0036,2024-01-20,5,17.79,0.01,Occitanie,Livrée,En ligne
CMD00526,2,CL0040,PR0016,2024-01-20,4,9.11,0,Occitanie,Livrée,Boutique
CMD00526,3,CL0040,PR0051,2024-01-20,3,26.94,0,Occitanie,Livrée,Boutique
CMD00527,1,CL0108,PR0058,2024-01-05,3,32.15,0,Auvergne-Rhône-Alpes,Livrée,Mobile
CMD00527,2,CL0108,PR0014,2024-01-05,4,19.89,0,Auvergne-Rhône-Alpes,Livrée,Mobile
CMD00528,1,CL0053,PR0050,2024-03-23,3,19.08,0,Île-de-France,Annulée,Mobile
CMD00529,1,CL0054,PR0027,2025-02-19,4,4.31,0,Est,Annulée,Mobile
CMD00529,2,CL0054,PR0033,2025-02-19,2,27.75,0.18,Est,En cours,Mobile
CMD00529,3,CL0054,PR0035,2025-02-19,4,30.59,0,Est,Livrée,Boutique
CMD00529,4,CL0054,PR0057,2025-02-19,4,2.79,0,Est,Annulée,En ligne
CMD00530,1,CL0136,PR0023,2025-08-16,3,9.70,0,Bretagne,Livrée,Boutique
CMD00530,2,CL0136,PR0036,2025-08-16,5,4.40,0,Bretagne,Annulée,Mobile
CMD00530,3,CL0136,PR0004,2025-08-16,5,43.65,0,Bretagne,Livrée,Mobile
CMD00530,4,CL0136,PR0003,2025-08-16,3,10.00,0,Bretagne,En cours,En ligne
CMD00531,1,CL0093,PR0002,2024-03-20,5,38.82,0,Auvergne-Rhône-Alpes,Annulée,Mobile
CMD00531,2,CL0093,PR0037,2024-03-20,2,40.55,0,Auvergne-Rhône-Alpes,Annulée,Mobile
CMD00531,3,CL0093,PR0002,2024-03-20,3,17.45,0,Auvergne-Rhône-Alpes,Livrée,Boutique
CMD00532,1,CL0001,PR0001,2025-12-15,5,10.81,0,Île-de-France,Livrée,Mobile
CMD00532,2,CL0001,PR0057,2025-12-15,4,20.37,0,Île-de-France,Livrée,Mobile
CMD00533,1,CL0142,PR0016,2025-06-22,3,22.53,0,Ouest,En cours,En ligne
CMD00533,2,CL0142,PR0004,2025-06-22,1,33.84,0,Ouest,Livrée,En ligne
CMD00533,3,CL0142,PR0055,2025-06-22,1,9.39,0,Ouest,Livrée,Boutique
CMD00533,4,CL0142,PR0060,2025-06-22,2,14.81,0,Ouest,Livrée,Mobile
CMD00534,1,CL0059,PR0022,2024-12-05,1,15.98,0.07,Est,Livrée,Mobile
CMD00535,1,CL0099,PR0013,2024-09-25,3,20.96,0,Est,En cours,En ligne
CMD00536,1,CL0139,PR0028,2024-01-07,4,10.71,0,Bretagne,En cours,Mobile
CMD00536,2,CL0139,PR0020,2024-01-07,2,45.38,0,Bretagne,Livrée,En ligne
CMD00536,3,CL0139,PR0049,2024-01-07,1,6.25,0.02,Bretagne,Livrée,En ligne
CMD00536,4,CL0139,PR0058,2024-01-07,2,16.62,0,Bretagne,Annulée,Mobile
CMD00537,1,CL0137,PR0004,2024-01-08,2,40.02,0,Bretagne,En cours,Boutique
CMD00538,1,CL0179,PR0046,2025-01-27,5,28.16,0,Nord,Livrée,Mobile
CMD00539,1,CL0192,PR0025,2025-02-21,5,15.85,0.08,Occitanie,Livrée,Mobile
CMD00539,2,CL0192,PR0053,2025-02-21,3,20.48,0,Occitanie,Livrée,Boutique
CMD00539,3,CL0192,PR0056,2025-02-21,2,34.35,0.13,Occitanie,Livrée,En ligne
CMD00540,1,CL0191,PR0009,2025-05-01,3,3.91,0,Est,Livrée,Mobile
CMD00541,1,CL0108,PR0037,2025-07-15,2,33.59,0,Auvergne-Rhône-Alpes,Livrée,Boutique
CMD00542,1,CL0060,PR0058,2024-06-27,4,36.52,0,Auvergne-Rhône-Alpes,Livrée,Boutique
CMD00542,2,CL0060,PR0001,2024-06-27,5,30.53,0,Auvergne-Rhône-Alpes,Livrée,Mobile
CMD00542,3,CL0060,PR0041,2024-06-27,4,27.54,0,Auvergne-Rhône-Alpes,Livrée,Boutique
CMD00543,1,CL0038,PR0003,2024-04-04,3,5.26,0.06,Bretagne,Livrée,Boutique
CMD00543,2,CL0038,PR0008,2024-04-04,4,27.68,0,Bretagne,Livrée,Boutique
CMD00544,1,CL0142,PR0027,2024-01-27,5,34.68,0,Ouest,Livrée,Boutique
CMD00544,2,CL0142,PR0053,2024-01-27,1,27.03,0.12,Ouest,Livrée,Mobile
CMD00544,3,CL0142,PR0043,2024-01-27,2,43.83,0,Ouest,Livrée,Boutique
CMD00545,1,CL0147,PR0042,2025-10-18,4,39.64,0.08,Nord,Livrée,En ligne
CMD00545,2,CL0147,PR0023,2025-10-18,2,37.17,0,Nord,En cours,Mobile
CMD00545,3,CL0147,PR0037,2025-10-18,1,21.89,0,Nord,Livrée,Boutique
CMD00546,1,CL0051,PR0048,2024-12-28,4,23.29,0,Auvergne-Rhône-Alpes,Livrée,Boutique
CMD00546,2,CL0051,PR0013,2024-12-28,5,5.95,0,Auvergne-Rhône-Alpes,Livrée,Boutique
CMD00547,1,CL0011,PR0024,2025-08-18,1,11.80,0,Auvergne-Rhône-Alpes,En cours,Boutique
CMD00548,1,CL0044,PR0005,2024-04-14,4,46.53,0,Est,Annulée,Mobile
CMD00548,2,CL0044,PR0030,2024-04-14,2,13.20,0.01,Est,Livrée,En ligne
CMD00549,1,CL0029,PR0012,2025-03-08,2,35.79,0,Île-de-France,Livrée,Boutique
CMD00549,2,CL0029,PR0002,2025-03-08,1,41.12,0,Île-de-France,Livrée,Mobile
CMD00549,3,CL0029,PR0006,2025-03-08,5,12.82,0,Île-de-France,Livrée,En ligne
CMD00550,1,CL0164,PR0050,2024-04-09,5,13.59,0.14,Est,Livrée,Mobile
CMD00550,2,CL0164,PR0030,2024-04-09,2,3.12,0,Est,Annulée,En ligne
CMD00550,3,CL0164,PR0009,2024-04-09,1,8.49,0,Est,Livrée,En ligne
CMD00551,1,CL0052,PR0031,2025-12-21,3,45.38,0,Nord,Livrée,En ligne
CMD00551,2,CL0052,PR0012,2025-12-21,2,23.26,0,Nord,Livrée,Mobile
CMD00551,3,CL0052,PR0038,2025-12-21,3,6.49,0.15,Nord,Annulée,Boutique
CMD00551,4,CL0052,PR0054,2025-12-21,1,18.86,0,Nord,Livrée,Boutique
CMD00552,1,CL0175,PR0056,2025-03-16,3,31.46,0,Ouest,Livrée,Boutique
CMD00552,2,CL0175,PR0058,2025-03-16,5,19.85,0,Ouest,Annulée,En ligne
CMD00552,3,CL0175,PR0030,2025-03-16,4,6.67,0,Ouest,Annulée,Mobile
CMD00553,1,CL0184,PR0040,2025-06-03,4,6.39,0,Auvergne-Rhône-Alpes,Livrée,Boutique
CMD00553,2,CL0184,PR0006,2025-06-03,2,5.73,0,Auvergne-Rhône-Alpes,Livrée,Boutique
CMD00554,1,CL0091,PR0036,2024-06-20,2,35.48,0,Auvergne-Rhône-Alpes,Annulée,Mobile
CMD00555,1,CL0013,PR0043,2024-06-24,4,2.73,0,Bretagne,En cours,En ligne
CMD00555,2,CL0013,PR0042,2024-06-24,1,6.41,0,Bretagne,En cours,Boutique
CMD00556,1,CL0130,PR0014,2025-02-24,5,45.34,0,Auvergne-Rhône-Alpes,En cours,En ligne
CMD00556,2,CL0130,PR0036,2025-02-24,1,29.71,0.17,Auvergne-Rhône-Alpes,En cours,En ligne
CMD00556,3,CL0130,PR0030,2025-02-24,5,11.44,0,Auvergne-Rhône-Alpes,Livrée,Boutique
CMD00556,4,CL0130,PR0009,2025-02-24,5,24.76,0,Auvergne-Rhône-Alpes,Livrée,Mobile
CMD00557,1,CL0190,PR0050,2024-01-20,1,19.63,0,Île-de-France,Livrée,Boutique
CMD00557,2,CL0190,PR0010,2024-01-20,3,17.38,0,Île-de-France,Livrée,Boutique
CMD00558,1,CL0092,PR0011,2024-10-03,4,4.76,0,Ouest,Livrée,Mobile
CMD00558,2,CL0092,PR0017,2024-10-03,4,2.63,0,Ouest,Annulée,Boutique
CMD00558,3,CL0092,PR0035,2024-10-03,2,8.68,0,Ouest,En cours,Mobile
CMD00558,4,CL0092,PR0036,2024-10-03,5,7.34,0.05,Ouest,En cours,En ligne
CMD00559,1,CL0095,PR0047,2025-02-18,1,27.47,0,Île-de-France,Livrée,Boutique
CMD00560,1,CL0186,PR0060,2024-10-08,3,31.53,0.02,Sud,Livrée,Boutique
CMD00560,2,CL0186,PR0034,2024-10-08,2,8.82,0,Sud,Annulée,Mobile
CMD00561,1,CL0012,PR0059,2024-11-17,2,40.18,0,Auvergne-Rhône-Alpes,Livrée,Boutique
CMD00561,2,CL0012,PR0006,2024-11-17,4,15.64,0,Auvergne-Rhône-Alpes,Livrée,Mobile
CMD00561,3,CL0012,PR0033,2024-11-17,3,35.65,0,Auvergne-Rhône-Alpes,Livrée,Mobile
CMD00561,4,CL0012,PR0032,2024-11-17,2,25.07,0,Auvergne-Rhône-Alpes,Livrée,Mobile
CMD00562,1,CL0168,PR0020,2024-06-28,4,35.90,0,Bretagne,Annulée,Mobile
CMD00563,1,CL0140,PR0023,2025-12-27,3,46.57,0,Ouest,Livrée,Mobile
CMD00564,1,CL0054,PR0023,2024-03-27,1,39.99,0,Est,Livrée,En ligne
CMD00564,2,CL0054,PR0001,2024-03-27,5,35.64,0,Est,Livrée,En ligne
CMD00564,3,CL0054,PR0009,2024-03-27,4,11.12,0,Est,Livrée,Boutique
CMD00564,4,CL0054,PR0053,2024-03-27,1,29.92,0,Est,Livrée,Boutique
CMD00565,1,CL0133,PR0018,2025-08-09,2,46.08,0,Nord,Livrée,Boutique
CMD00565,2,CL0133,PR0057,2025-08-09,1,20.30,0,Nord,Annulée,Mobile
CMD00566,1,CL0025,PR0036,2025-04-12,3,37.91,0,Occitanie,Livrée,Mobile
CMD00566,2,CL0025,PR0036,2025-04-12,2,33.51,0,Occitanie,Livrée,Boutique
CMD00566,3,CL0025,PR0002,2025-04-12,3,8.36,0.30,Occitanie,Livrée,Boutique
CMD00567,1,CL0005,PR0038,2024-07-02,1,38.75,0,Île-de-France,En cours,Boutique
CMD00567,2,CL0005,PR0010,2024-07-02,3,11.09,0,Île-de-France,Livrée,Mobile
CMD00568,1,CL0087,PR0024,2025-05-19,3,23.20,0,Ouest,Livrée,Mobile
CMD00568,2,CL0087,PR0014,2025-05-19,4,9.57,0,Ouest,Livrée,Mobile
CMD00568,3,CL0087,PR0060,2025-05-19,4,12.57,0.15,Ouest,Livrée,En ligne
CMD00569,1,CL0077,PR0025,2025-08-13,1,28.13,0,Ouest,Livrée,Boutique
CMD00569,2,CL0077,PR0003,2025-08-13,3,2.87,0,Ouest,En cours,Mobile
CMD00569,3,CL0077,PR0029,2025-08-13,2,2.79,0,Ouest,Livrée,En ligne
CMD00570,1,CL0088,PR0045,2025-12-05,1,30.45,0,Ouest,Livrée,En ligne
CMD00570,2,CL0088,PR0017,2025-12-05,4,22.55,0.29,Ouest,En cours,En ligne
CMD00570,3,CL0088,PR0021,2025-12-05,4,13.73,0,Ouest,Livrée,Mobile
CMD00571,1,CL0042,PR0037,2025-05-06,3,14.59,0,Bretagne,Livrée,Mobile
CMD00572,1,CL0092,PR0059,2025-03-09,3,4.14,0,Ouest,Livrée,Mobile
CMD00572,2,CL0092,PR0032,2025-03-09,2,4.27,0.30,Ouest,Annulée,Boutique
CMD00572,3,CL0092,PR0013,2025-03-09,5,22.04,0,Ouest,Livrée,Boutique
CMD00573,1,CL0194,PR0047,2025-09-21,1,22.79,0,Île-de-France,Livrée,Mobile
CMD00573,2,CL0194,PR0015,2025-09-21,4,13.29,0,Île-de-France,Livrée,Boutique
CMD00574,1,CL0118,PR0029,2025-05-20,5,22.61,0,Nord,En cours,En ligne
CMD00574,2,CL0118,PR0059,2025-05-20,1,26.52,0,Nord,Livrée,Boutique
CMD00574,3,CL0118,PR0015,2025-05-20,2,10.64,0,Nord,Livrée,Mobile
CMD00574,4,CL0118,PR0015,2025-05-20,3,21.32,0,Nord,Livrée,Boutique
CMD00575,1,CL0130,PR0025,2024-05-27,1,18.49,0,Auvergne-Rhône-Alpes,Annulée,En ligne
CMD00576,1,CL0034,PR0059,2024-09-09,5,20.84,0,Île-de-France,Livrée,En ligne
CMD00577,1,CL0122,PR0002,2025-07-15,4,16.59,0.17,Ouest,Livrée,En ligne
CMD00577,2,CL0122,PR0014,2025-07-15,4,6.74,0,Ouest,Livrée,Boutique
CMD00577,3,CL0122,PR0015,2025-07-15,1,35.18,0,Ouest,En cours,Boutique
CMD00577,4,CL0122,PR0004,2025-07-15,5,29.15,0,Ouest,Livrée,En ligne
CMD00578,1,CL0141,PR0017,2025-10-25,3,45.45,0,Occitanie,Livrée,En ligne
CMD00578,2,CL0141,PR0006,2025-10-25,3,2.67,0,Occitanie,En cours,Boutique
CMD00578,3,CL0141,PR0036,2025-10-25,4,26.42,0,Occitanie,Livrée,Mobile
CMD00579,1,CL0091,PR0051,2024-09-26,3,2.35,0,Auvergne-Rhône-Alpes,Livrée,Boutique
CMD00579,2,CL0091,PR0028,2024-09-26,4,5.56,0,Auvergne-Rhône-Alpes,Livrée,Boutique
CMD00579,3,CL0091,PR0058,2024-09-26,4,8.38,0,Auvergne-Rhône-Alpes,Livrée,Boutique
CMD00580,1,CL0124,PR0009,2025-01-22,5,19.17,0.02,Est,Livrée,En ligne
CMD00580,2,CL0124,PR0034,2025-01-22,2,22.40,0,Est,Livrée,Mobile
CMD00580,3,CL0124,PR0014,2025-01-22,2,19.65,0.14,Est,Livrée,En ligne
CMD00581,1,CL0080,PR0034,2024-08-08,4,37.86,0.27,Est,Annulée,Mobile
CMD00581,2,CL0080,PR0017,2024-08-08,2,14.96,0,Est,Annulée,En ligne
CMD00582,1,CL0124,PR0029,2025-03-04,5,44.90,0,Est,Livrée,Mobile
CMD00582,2,CL0124,PR0029,2025-03-04,2,25.96,0,Est,Livrée,Mobile
CMD00582,3,CL0124,PR0021,2025-03-04,4,36.30,0,Est,Livrée,Boutique
CMD00583,1,CL0026,PR0003,2024-08-23,4,10.70,0,Nord,Annulée,En ligne
CMD00583,2,CL0026,PR0011,2024-08-23,2,16.82,0,Nord,Annulée,Mobile
CMD00583,3,CL0026,PR0008,2024-08-23,5,29.13,0,Nord,En cours,Boutique
CMD00584,1,CL0022,PR0046,2024-04-04,2,29.27,0,Occitanie,Livrée,Boutique
CMD00585,1,CL0131,PR0002,2024-03-16,3,15.53,0,Auvergne-Rhône-Alpes,Livrée,Mobile
CMD00586,1,CL0176,PR0054,2025-12-19,2,17.23,0,Occitanie,Livrée,Boutique
CMD00587,1,CL0083,PR0010,2024-12-02,4,46.08,0,Bretagne,Livrée,Mobile
CMD00587,2,CL0083,PR0033,2024-12-02,5,12.80,0.15,Bretagne,En cours,Mobile
CMD00587,3,CL0083,PR0050,2024-12-02,2,38.13,0.16,Bretagne,Livrée,Boutique
CMD00587,4,CL0083,PR0001,2024-12-02,4,24.23,0,Bretagne,Livrée,En ligne
CMD00588,1,CL0172,PR0006,2025-01-17,4,6.11,0,Auvergne-Rhône-Alpes,Livrée,Mobile
CMD00588,2,CL0172,PR0016,2025-01-17,5,19.75,0,Auvergne-Rhône-Alpes,En cours,Boutique
CMD00589,1,CL0184,PR0044,2024-06-01,2,7.02,0.18,Auvergne-Rhône-Alpes,Livrée,Boutique
CMD00589,2,CL0184,PR0053,2024-06-01,1,40.38,0,Auvergne-Rhône-Alpes,Livrée,Boutique
CMD00589,3,CL0184,PR0005,2024-06-01,4,40.87,0,Auvergne-Rhône-Alpes,Annulée,En ligne
CMD00590,1,CL0129,PR0007,2025-06-03,4,40.97,0,Est,Livrée,Mobile
CMD00590,2,CL0129,PR0016,2025-06-03,2,45.74,0,Est,Livrée,En ligne
CMD00590,3,CL0129,PR0034,2025-06-03,5,44.67,0,Est,En cours,En ligne
CMD00590,4,CL0129,PR0031,2025-06-03,5,28.86,0,Est,En cours,En ligne
CMD00591,1,CL0057,PR0030,2025-09-22,3,4.75,0,Est,Annulée,Boutique
CMD00591,2,CL0057,PR0005,2025-09-22,5,10.60,0.26,Est,Annulée,Mobile
CMD00592,1,CL0190,PR0016,2025-04-11,3,46.71,0,Île-de-France,Livrée,Boutique
CMD00593,1,CL0029,PR0044,2024-06-09,1,10.11,0.19,Île-de-France,Livrée,En ligne
CMD00593,2,CL0029,PR0045,2024-06-09,2,32.85,0,Île-de-France,Livrée,Mobile
CMD00594,1,CL0191,PR0039,2025-01-02,5,19.04,0,Est,Livrée,Mobile
CMD00594,2,CL0191,PR0040,2025-01-02,5,24.39,0,Est,Livrée,En ligne
CMD00594,3,CL0191,PR0034,2025-01-02,3,24.41,0,Est,Livrée,Mobile
CMD00595,1,CL0168,PR0034,2024-02-28,5,32.68,0,Bretagne,Livrée,Boutique
CMD00595,2,CL0168,PR0022,2024-02-28,4,12.95,0,Bretagne,Annulée,Boutique
CMD00595,3,CL0168,PR0036,2024-02-28,2,32.06,0,Bretagne,Livrée,En ligne
CMD00595,4,CL0168,PR0047,2024-02-28,3,28.18,0,Bretagne,Livrée,En ligne
CMD00596,1,CL0003,PR0031,2025-02-23,4,30.42,0.08,Est,Livrée,Mobile
CMD00597,1,CL0098,PR0023,2025-11-16,3,5.90,0.17,Ouest,Livrée,Mobile
CMD00597,2,CL0098,PR0003,2025-11-16,2,31.05,0,Ouest,Annulée,Boutique
CMD00597,3,CL0098,PR0028,2025-11-16,3,21.86,0,Ouest,Livrée,En ligne
CMD00597,4,CL0098,PR0003,2025-11-16,4,29.32,0,Ouest,Annulée,Boutique
CMD00598,1,CL0067,PR0033,2024-03-19,5,19.59,0,Ouest,En cours,En ligne
CMD00598,2,CL0067,PR0016,2024-03-19,4,35.27,0.07,Ouest,Livrée,Boutique
CMD00599,1,CL0080,PR0016,2024-11-05,4,40.69,0,Est,Livrée,Boutique
CMD00600,1,CL0030,PR0054,2025-04-08,2,13.32,0.29,Est,En cours,Boutique
CMD00600,2,CL0030,PR0051,2025-04-08,5,3.34,0,Est,Livrée,Mobile
CMD00601,1,CL0173,PR0056,2025-03-08,4,30.65,0,Ouest,Livrée,Mobile
CMD00601,2,CL0173,PR0043,2025-03-08,2,12.39,0,Ouest,Livrée,En ligne
CMD00601,3,CL0173,PR0042,2025-03-08,1,36.13,0,Ouest,Livrée,En ligne
CMD00601,4,CL0173,PR0045,2025-03-08,2,43.85,0,Ouest,Annulée,Boutique
CMD00602,1,CL0181,PR0037,2024-01-07,3,17.86,0,Bretagne,Livrée,Boutique
CMD00602,2,CL0181,PR0026,2024-01-07,3,17.58,0,Bretagne,En cours,Boutique
CMD00603,1,CL0138,PR0019,2024-01-09,2,29.11,0.07,Île-de-France,Annulée,Boutique
CMD00603,2,CL0138,PR0060,2024-01-09,3,15.28,0.13,Île-de-France,Livrée,Mobile
CMD00604,1,CL0130,PR0056,2024-02-03,1,14.58,0,Auvergne-Rhône-Alpes,Livrée,Mobile
CMD00604,2,CL0130,PR0033,2024-02-03,3,42.69,0.18,Auvergne-Rhône-Alpes,Livrée,Boutique
CMD00604,3,CL0130,PR0021,2024-02-03,1,7.36,0,Auvergne-Rhône-Alpes,En cours,Mobile
CMD00604,4,CL0130,PR0023,2024-02-03,2,25.39,0,Auvergne-Rhône-Alpes,Livrée,En ligne
CMD00605,1,CL0064,PR0020,2024-05-19,2,41.43,0,Est,Livrée,Boutique
CMD00605,2,CL0064,PR0025,2024-05-19,5,36.21,0,Est,Livrée,Boutique
CMD00605,3,CL0064,PR0039,2024-05-19,4,9.16,0,Est,Livrée,Mobile
CMD00606,1,CL0026,PR0005,2024-12-03,2,5.51,0,Nord,En cours,En ligne
CMD00606,2,CL0026,PR0049,2024-12-03,2,25.09,0,Nord,Livrée,Mobile
CMD00606,3,CL0026,PR0057,2024-12-03,5,29.62,0.15,Nord,En cours,Mobile
CMD00607,1,CL0092,PR0049,2024-03-25,1,35.47,0,Ouest,Livrée,Mobile
CMD00607,2,CL0092,PR0036,2024-03-25,4,28.98,0,Ouest,Livrée,En ligne
CMD00607,3,CL0092,PR0041,2024-03-25,1,44.29,0,Ouest,Livrée,En ligne
CMD00607,4,CL0092,PR0047,2024-03-25,2,37.16,0,Ouest,Livrée,Mobile
CMD00608,1,CL0008,PR0010,2024-04-19,3,40.12,0,Occitanie,Livrée,En ligne
CMD00608,2,CL0008,PR0001,2024-04-19,5,5.79,0.26,Occitanie,Livrée,En ligne
CMD00609,1,CL0184,PR0014,2024-11-10,4,4.73,0,Auvergne-Rhône-Alpes,Annulée,En ligne
CMD00609,2,CL0184,PR0018,2024-11-10,2,46.26,0,Auvergne-Rhône-Alpes,En cours,Mobile
CMD00609,3,CL0184,PR0019,2024-11-10,2,12.34,0,Auvergne-Rhône-Alpes,Annulée,Mobile
CMD00610,1,CL0049,PR0011,2024-09-08,3,14.94,0,Auvergne-Rhône-Alpes,Annulée,Mobile
CMD00610,2,CL0049,PR0003,2024-09-08,4,34.47,0,Auvergne-Rhône-Alpes,Livrée,Mobile
CMD00610,3,CL0049,PR0043,2024-09-08,5,27.96,0,Auvergne-Rhône-Alpes,Livrée,Mobile
CMD00611,1,CL0110,PR0053,2025-06-10,4,44.93,0.09,Nord,Livrée,Mobile
CMD00611,2,CL0110,PR0054,2025-06-10,4,30.79,0,Nord,En cours,Boutique
CMD00612,1,CL0153,PR0049,2025-10-14,3,18.44,0,Sud,Livrée,En ligne
CMD00613,1,CL0133,PR0020,2024-09-16,4,19.87,0.28,Nord,Annulée,Boutique
CMD00613,2,CL0133,PR0038,2024-09-16,3,16.11,0,Nord,Annulée,Boutique
CMD00613,3,CL0133,PR0016,2024-09-16,3,44.66,0,Nord,Livrée,En ligne
CMD00613,4,CL0133,PR0049,2024-09-16,1,31.30,0.13,Nord,Livrée,En ligne
CMD00614,1,CL0198,PR0014,2024-06-25,2,28.22,0,Sud,En cours,Boutique
CMD00614,2,CL0198,PR0010,2024-06-25,4,40.47,0,Sud,Livrée,En ligne
CMD00614,3,CL0198,PR0002,2024-06-25,4,7.64,0,Sud,Annulée,En ligne
CMD00615,1,CL0033,PR0002,2025-04-13,1,5.47,0,Auvergne-Rhône-Alpes,Livrée,En ligne
CMD00615,2,CL0033,PR0029,2025-04-13,4,22.33,0.29,Auvergne-Rhône-Alpes,Annulée,Mobile
CMD00615,3,CL0033,PR0038,2025-04-13,3,32.22,0,Auvergne-Rhône-Alpes,Livrée,En ligne
CMD00616,1,CL0185,PR0004,2025-11-24,4,45.58,0,Auvergne-Rhône-Alpes,En cours,En ligne
CMD00616,2,CL0185,PR0016,2025-11-24,5,3.52,0.15,Auvergne-Rhône-Alpes,Livrée,En ligne
CMD00616,3,CL0185,PR0001,2025-11-24,1,21.90,0,Auvergne-Rhône-Alpes,Livrée,Mobile
CMD00616,4,CL0185,PR0009,2025-11-24,4,3.73,0.29,Auvergne-Rhône-Alpes,Livrée,En ligne
CMD00617,1,CL0200,PR0031,2024-10-07,1,28.76,0,Bretagne,Annulée,Mobile
CMD00618,1,CL0023,PR0031,2025-05-14,4,43.34,0,Nord,Livrée,Mobile
CMD00618,2,CL0023,PR0038,2025-05-14,1,13.67,0,Nord,Livrée,Boutique
CMD00619,1,CL0130,PR0032,2025-02-08,1,16.69,0.18,Auvergne-Rhône-Alpes,Livrée,Mobile
CMD00619,2,CL0130,PR0043,2025-02-08,4,34.85,0.11,Auvergne-Rhône-Alpes,Annulée,En ligne
CMD00619,3,CL0130,PR0040,2025-02-08,2,25.84,0,Auvergne-Rhône-Alpes,Livrée,En ligne
CMD00620,1,CL0103,PR0009,2024-04-23,5,26.65,0,Est,Livrée,Mobile
CMD00620,2,CL0103,PR0043,2024-04-23,3,42.15,0,Est,Livrée,Mobile
CMD00620,3,CL0103,PR0023,2024-04-23,1,39.11,0,Est,Livrée,En ligne
CMD00621,1,CL0070,PR0058,2024-01-16,5,45.18,0.26,Sud,Livrée,Boutique
CMD00621,2,CL0070,PR0039,2024-01-16,2,28.21,0,Sud,Annulée,Boutique
CMD00622,1,CL0159,PR0050,2025-11-27,1,37.18,0.10,Auvergne-Rhône-Alpes,Livrée,Mobile
CMD00622,2,CL0159,PR0040,2025-11-27,5,11.84,0,Auvergne-Rhône-Alpes,Annulée,Boutique
CMD00622,3,CL0159,PR0018,2025-11-27,1,6.53,0,Auvergne-Rhône-Alpes,En cours,Boutique
CMD00623,1,CL0103,PR0020,2025-06-06,1,28.43,0,Est,Livrée,En ligne
CMD00623,2,CL0103,PR0034,2025-06-06,2,16.62,0,Est,Annulée,Mobile
CMD00624,1,CL0048,PR0020,2024-06-17,3,21.69,0,Auvergne-Rhône-Alpes,Livrée,En ligne
CMD00625,1,CL0019,PR0032,2024-12-17,4,5.09,0,Est,En cours,En ligne
CMD00625,2,CL0019,PR0018,2024-12-17,5,24.10,0.09,Est,Livrée,En ligne
CMD00625,3,CL0019,PR0034,2024-12-17,4,39.89,0,Est,Livrée,En ligne
CMD00625,4,CL0019,PR0012,2024-12-17,5,26.82,0,Est,En cours,Boutique
CMD00626,1,CL0068,PR0026,2024-10-19,2,45.61,0.03,Est,Annulée,Boutique
CMD00626,2,CL0068,PR0029,2024-10-19,1,10.15,0,Est,Livrée,Mobile
CMD00626,3,CL0068,PR0052,2024-10-19,4,17.95,0.12,Est,En cours,Boutique
CMD00626,4,CL0068,PR0026,2024-10-19,4,34.85,0,Est,Livrée,En ligne
CMD00627,1,CL0191,PR0049,2025-05-10,2,31.88,0,Est,Livrée,Boutique
CMD00627,2,CL0191,PR0060,2025-05-10,4,36.76,0,Est,Livrée,En ligne
CMD00628,1,CL0067,PR0009,2024-06-25,2,3.82,0,Ouest,Livrée,En ligne
CMD00628,2,CL0067,PR0019,2024-06-25,2,29.61,0,Ouest,Livrée,Boutique
CMD00628,3,CL0067,PR0033,2024-06-25,2,25.51,0,Ouest,Livrée,Boutique
CMD00629,1,CL0149,PR0056,2024-10-19,2,21.52,0,Est,Livrée,Boutique
CMD00629,2,CL0149,PR0012,2024-10-19,3,25.65,0.07,Est,En cours,Boutique
CMD00629,3,CL0149,PR0056,2024-10-19,1,21.57,0.10,Est,Annulée,En ligne
CMD00630,1,CL0113,PR0043,2025-03-08,1,27.44,0,Occitanie,Annulée,En ligne
CMD00631,1,CL0037,PR0058,2024-07-23,4,26.70,0.05,Île-de-France,Livrée,Mobile
CMD00632,1,CL0164,PR0014,2025-11-05,3,5.61,0,Est,Livrée,Mobile
CMD00632,2,CL0164,PR0057,2025-11-05,5,18.08,0,Est,Annulée,En ligne
CMD00632,3,CL0164,PR0008,2025-11-05,1,34.02,0.01,Est,En cours,Boutique
CMD00632,4,CL0164,PR0009,2025-11-05,3,9.95,0,Est,Livrée,En ligne
CMD00633,1,CL0111,PR0040,2024-03-23,2,24.52,0,Sud,Annulée,Mobile
CMD00633,2,CL0111,PR0025,2024-03-23,1,7.16,0.15,Sud,Livrée,Mobile
CMD00633,3,CL0111,PR0057,2024-03-23,2,21.18,0.26,Sud,Annulée,En ligne
CMD00634,1,CL0177,PR0035,2025-07-12,5,4.14,0,Sud,En cours,En ligne
CMD00634,2,CL0177,PR0005,2025-07-12,5,30.59,0,Sud,En cours,En ligne
CMD00635,1,CL0008,PR0049,2025-05-22,3,20.75,0.14,Occitanie,Livrée,Boutique
CMD00636,1,CL0034,PR0028,2024-07-01,4,6.15,0,Île-de-France,Livrée,Mobile
CMD00636,2,CL0034,PR0036,2024-07-01,2,16.62,0,Île-de-France,En cours,Mobile
CMD00637,1,CL0023,PR0038,2024-08-12,3,16.64,0.12,Nord,Livrée,Boutique
CMD00637,2,CL0023,PR0054,2024-08-12,1,42.36,0,Nord,En cours,Mobile
CMD00637,3,CL0023,PR0015,2024-08-12,4,35.01,0,Nord,Livrée,Mobile
CMD00637,4,CL0023,PR0039,2024-08-12,1,31.81,0,Nord,Livrée,Mobile
CMD00638,1,CL0170,PR0059,2025-02-23,3,40.44,0,Nord,Livrée,Boutique
CMD00638,2,CL0170,PR0051,2025-02-23,3,7.86,0,Nord,Livrée,Boutique
CMD00638,3,CL0170,PR0010,2025-02-23,3,43.65,0,Nord,Livrée,Boutique
CMD00639,1,CL0153,PR0050,2024-10-04,4,30.87,0.09,Sud,Livrée,Mobile
CMD00639,2,CL0153,PR0057,2024-10-04,4,27.05,0,Sud,Livrée,Mobile
CMD00639,3,CL0153,PR0059,2024-10-04,1,18.68,0,Sud,Annulée,En ligne
CMD00640,1,CL0035,PR0028,2025-11-18,5,28.22,0,Sud,Livrée,Mobile
CMD00640,2,CL0035,PR0037,2025-11-18,3,6.76,0,Sud,Livrée,Mobile
CMD00641,1,CL0105,PR0038,2025-06-09,1,28.54,0,Ouest,Livrée,Boutique
CMD00641,2,CL0105,PR0041,2025-06-09,3,4.02,0,Ouest,Livrée,En ligne
CMD00641,3,CL0105,PR0008,2025-06-09,1,6.77,0,Ouest,En cours,Boutique
CMD00641,4,CL0105,PR0034,2025-06-09,2,27.85,0,Ouest,Annulée,En ligne
CMD00642,1,CL0032,PR0016,2024-02-01,3,2.04,0.08,Occitanie,Livrée,Boutique
CMD00642,2,CL0032,PR0007,2024-02-01,5,21.13,0,Occitanie,Annulée,Boutique
CMD00642,3,CL0032,PR0022,2024-02-01,1,10.24,0.30,Occitanie,Livrée,Mobile
CMD00643,1,CL0145,PR0004,2024-10-08,3,13.86,0,Nord,Livrée,En ligne
CMD00643,2,CL0145,PR0034,2024-10-08,3,45.99,0.18,Nord,Livrée,Mobile
CMD00643,3,CL0145,PR0053,2024-10-08,2,29.41,0,Nord,Livrée,Mobile
CMD00644,1,CL0114,PR0045,2025-08-22,1,24.34,0,Occitanie,Annulée,En ligne
CMD00645,1,CL0097,PR0025,2025-03-01,4,26.89,0,Île-de-France,Livrée,Mobile
CMD00645,2,CL0097,PR0026,2025-03-01,1,13.43,0,Île-de-France,En cours,Mobile
CMD00645,3,CL0097,PR0049,2025-03-01,5,46.45,0,Île-de-France,Livrée,Mobile
CMD00646,1,CL0107,PR0048,2025-09-28,1,19.00,0,Auvergne-Rhône-Alpes,Livrée,Mobile
CMD00646,2,CL0107,PR0016,2025-09-28,3,32.72,0,Auvergne-Rhône-Alpes,Annulée,Mobile
CMD00647,1,CL0089,PR0014,2025-04-27,2,44.95,0,Occitanie,Annulée,Mobile
CMD00648,1,CL0165,PR0049,2024-08-20,2,4.49,0,Occitanie,Livrée,Boutique
CMD00649,1,CL0049,PR0036,2024-02-22,2,29.64,0,Auvergne-Rhône-Alpes,Annulée,En ligne
CMD00650,1,CL0102,PR0039,2024-11-03,1,35.75,0,Est,Livrée,Mobile
CMD00651,1,CL0132,PR0057,2024-06-25,2,13.89,0,Auvergne-Rhône-Alpes,Annulée,Mobile
CMD00651,2,CL0132,PR0007,2024-06-25,1,8.42,0,Auvergne-Rhône-Alpes,Livrée,Mobile
CMD00652,1,CL0168,PR0020,2025-10-14,5,18.53,0.30,Bretagne,En cours,Mobile
CMD00652,2,CL0168,PR0041,2025-10-14,4,23.09,0.07,Bretagne,Annulée,Boutique
CMD00653,1,CL0073,PR0021,2024-09-18,1,40.25,0,Nord,Livrée,Boutique
CMD00653,2,CL0073,PR0015,2024-09-18,4,39.85,0,Nord,Annulée,Boutique
CMD00654,1,CL0176,PR0033,2025-12-22,2,20.25,0,Occitanie,En cours,En ligne
CMD00655,1,CL0171,PR0009,2025-07-02,1,26.60,0.25,Bretagne,Livrée,Boutique
CMD00656,1,CL0071,PR0004,2024-04-27,1,4.66,0,Sud,Livrée,En ligne
CMD00656,2,CL0071,PR0002,2024-04-27,5,44.43,0,Sud,Livrée,En ligne
CMD00657,1,CL0078,PR0019,2025-10-05,4,19.29,0,Auvergne-Rhône-Alpes,Annulée,Mobile
CMD00657,2,CL0078,PR0003,2025-10-05,1,7.94,0,Auvergne-Rhône-Alpes,Annulée,En ligne
CMD00657,3,CL0078,PR0049,2025-10-05,1,5.65,0,Auvergne-Rhône-Alpes,Livrée,Mobile
CMD00658,1,CL0036,PR0049,2024-11-10,1,12.36,0.13,Est,Livrée,Mobile
CMD00658,2,CL0036,PR0015,2024-11-10,3,34.48,0,Est,Livrée,Boutique
CMD00658,3,CL0036,PR0057,2024-11-10,5,25.52,0,Est,Livrée,Boutique
CMD00658,4,CL0036,PR0021,2024-11-10,3,41.32,0.10,Est,Annulée,En ligne
CMD00659,1,CL0107,PR0025,2025-02-16,1,20.34,0.23,Auvergne-Rhône-Alpes,Livrée,En ligne
CMD00660,1,CL0157,PR0007,2025-06-02,5,14.73,0,Île-de-France,Annulée,En ligne
CMD00661,1,CL0045,PR0051,2025-02-14,4,31.39,0,Sud,Livrée,En ligne
CMD00661,2,CL0045,PR0014,2025-02-14,4,17.25,0,Sud,Livrée,En ligne
CMD00662,1,CL0198,PR0009,2024-06-23,5,40.15,0,Sud,En cours,En ligne
CMD00663,1,CL0130,PR0030,2024-02-03,5,31.25,0,Auvergne-Rhône-Alpes,Livrée,Mobile
CMD00663,2,CL0130,PR0013,2024-02-03,4,11.18,0,Auvergne-Rhône-Alpes,Livrée,Mobile
CMD00663,3,CL0130,PR0045,2024-02-03,5,26.31,0,Auvergne-Rhône-Alpes,Annulée,Boutique
CMD00663,4,CL0130,PR0049,2024-02-03,1,23.00,0,Auvergne-Rhône-Alpes,Livrée,Boutique
CMD00664,1,CL0105,PR0049,2024-08-21,4,33.67,0,Ouest,Livrée,En ligne
CMD00664,2,CL0105,PR0032,2024-08-21,1,9.15,0,Ouest,En cours,Mobile
CMD00664,3,CL0105,PR0009,2024-08-21,2,2.53,0.13,Ouest,Livrée,Mobile
CMD00665,1,CL0126,PR0053,2024-06-23,3,8.99,0.02,Occitanie,En cours,En ligne
CMD00665,2,CL0126,PR0051,2024-06-23,4,41.12,0.08,Occitanie,Livrée,En ligne
CMD00665,3,CL0126,PR0014,2024-06-23,5,44.21,0,Occitanie,Livrée,Mobile
CMD00666,1,CL0122,PR0057,2024-01-06,2,37.81,0,Ouest,Livrée,Mobile
CMD00666,2,CL0122,PR0021,2024-01-06,4,14.08,0.02,Ouest,Livrée,Mobile
CMD00666,3,CL0122,PR0007,2024-01-06,1,32.74,0.14,Ouest,En cours,En ligne
CMD00666,4,CL0122,PR0060,2024-01-06,4,31.23,0,Ouest,Livrée,En ligne
CMD00667,1,CL0160,PR0051,2024-03-15,4,33.01,0,Bretagne,Annulée,En ligne
CMD00667,2,CL0160,PR0046,2024-03-15,5,46.14,0,Bretagne,Livrée,En ligne
CMD00667,3,CL0160,PR0041,2024-03-15,5,37.54,0.25,Bretagne,Livrée,En ligne
CMD00668,1,CL0068,PR0052,2025-02-19,3,25.40,0.22,Est,Livrée,Mobile
CMD00668,2,CL0068,PR0044,2025-02-19,4,42.43,0,Est,Livrée,Boutique
CMD00669,1,CL0098,PR0037,2024-11-26,4,34.84,0,Ouest,Livrée,En ligne
CMD00670,1,CL0091,PR0044,2025-04-07,5,15.31,0,Auvergne-Rhône-Alpes,Livrée,En ligne
CMD00671,1,CL0012,PR0041,2025-07-26,5,13.47,0.23,Auvergne-Rhône-Alpes,Livrée,En ligne
CMD00671,2,CL0012,PR0058,2025-07-26,1,40.53,0,Auvergne-Rhône-Alpes,Livrée,Mobile
CMD00671,3,CL0012,PR0043,2025-07-26,1,14.62,0,Auvergne-Rhône-Alpes,Livrée,En ligne
CMD00672,1,CL0009,PR0011,2024-05-02,5,3.36,0,Est,En cours,En ligne
CMD00672,2,CL0009,PR0051,2024-05-02,2,33.61,0,Est,Livrée,Mobile
CMD00672,3,CL0009,PR0006,2024-05-02,5,21.47,0,Est,Livrée,En ligne
CMD00673,1,CL0192,PR0059,2024-02-21,5,32.15,0,Occitanie,Livrée,En ligne
CMD00673,2,CL0192,PR0032,2024-02-21,3,29.63,0,Occitanie,Livrée,En ligne
CMD00673,3,CL0192,PR0023,2024-02-21,2,15.60,0,Occitanie,Livrée,Mobile
CMD00673,4,CL0192,PR0021,2024-02-21,1,17.02,0.20,Occitanie,Livrée,Boutique
CMD00674,1,CL0070,PR0027,2024-11-25,4,46.77,0,Sud,Livrée,Mobile
CMD00675,1,CL0087,PR0058,2024-08-26,4,22.30,0,Ouest,Livrée,En ligne
CMD00675,2,CL0087,PR0048,2024-08-26,4,38.63,0,Ouest,Livrée,Boutique
CMD00676,1,CL0066,PR0016,2024-08-19,3,16.44,0,Est,Livrée,Mobile
CMD00676,2,CL0066,PR0044,2024-08-19,4,29.06,0.01,Est,Livrée,Boutique
CMD00677,1,CL0020,PR0005,2024-02-15,2,36.19,0,Bretagne,Livrée,En ligne
CMD00677,2,CL0020,PR0047,2024-02-15,1,31.36,0,Bretagne,Livrée,En ligne
CMD00677,3,CL0020,PR0012,2024-02-15,1,40.86,0,Bretagne,Livrée,Boutique
CMD00678,1,CL0073,PR0018,2024-04-13,4,9.95,0,Nord,Livrée,Boutique
CMD00678,2,CL0073,PR0024,2024-04-13,5,13.41,0.23,Nord,En cours,Boutique
CMD00678,3,CL0073,PR0058,2024-04-13,4,7.44,0,Nord,Livrée,En ligne
CMD00679,1,CL0177,PR0009,2025-12-15,4,5.76,0.04,Sud,Livrée,Mobile
CMD00679,2,CL0177,PR0005,2025-12-15,5,42.85,0,Sud,Annulée,Mobile
CMD00679,3,CL0177,PR0011,2025-12-15,3,2.92,0,Sud,Livrée,En ligne
CMD00680,1,CL0124,PR0005,2025-04-26,3,21.99,0,Est,Livrée,En ligne
CMD00680,2,CL0124,PR0029,2025-04-26,5,10.05,0,Est,En cours,Mobile
CMD00680,3,CL0124,PR0024,2025-04-26,2,6.59,0,Est,En cours,Boutique
CMD00681,1,CL0122,PR0051,2024-08-25,2,43.41,0,Ouest,Livrée,Boutique
CMD00681,2,CL0122,PR0008,2024-08-25,1,4.33,0,Ouest,En cours,Mobile
CMD00682,1,CL0041,PR0056,2025-10-08,1,42.55,0,Île-de-France,En cours,Mobile
CMD00682,2,CL0041,PR0033,2025-10-08,5,37.63,0,Île-de-France,Annulée,En ligne
CMD00682,3,CL0041,PR0010,2025-10-08,1,7.34,0,Île-de-France,Annulée,Mobile
CMD00683,1,CL0104,PR0023,2025-09-12,1,19.03,0,Île-de-France,Annulée,En ligne
CMD00683,2,CL0104,PR0016,2025-09-12,3,24.20,0,Île-de-France,En cours,En ligne
CMD00683,3,CL0104,PR0047,2025-09-12,5,18.03,0,Île-de-France,Livrée,Boutique
CMD00684,1,CL0178,PR0048,2024-11-15,4,23.91,0.28,Ouest,Livrée,Boutique
CMD00684,2,CL0178,PR0019,2024-11-15,3,16.04,0,Ouest,En cours,En ligne
CMD00685,1,CL0039,PR0051,2024-10-27,2,46.30,0,Auvergne-Rhône-Alpes,Livrée,Boutique
CMD00685,2,CL0039,PR0007,2024-10-27,4,43.35,0.15,Auvergne-Rhône-Alpes,Livrée,En ligne
CMD00685,3,CL0039,PR0047,2024-10-27,1,21.81,0,Auvergne-Rhône-Alpes,En cours,Mobile
CMD00686,1,CL0196,PR0008,2024-09-27,3,36.98,0.11,Auvergne-Rhône-Alpes,Livrée,Mobile
CMD00686,2,CL0196,PR0015,2024-09-27,5,10.83,0,Auvergne-Rhône-Alpes,Livrée,Mobile
CMD00686,3,CL0196,PR0011,2024-09-27,1,36.01,0,Auvergne-Rhône-Alpes,Annulée,En ligne
CMD00686,4,CL0196,PR0058,2024-09-27,5,29.47,0,Auvergne-Rhône-Alpes,Livrée,En ligne
CMD00687,1,CL0187,PR0004,2024-08-12,2,9.51,0,Auvergne-Rhône-Alpes,Livrée,Mobile
CMD00687,2,CL0187,PR0022,2024-08-12,3,3.27,0.18,Auvergne-Rhône-Alpes,Livrée,Mobile
CMD00688,1,CL0054,PR0020,2025-06-19,2,9.93,0,Est,Livrée,En ligne
CMD00688,2,CL0054,PR0018,2025-06-19,4,9.24,0.24,Est,Livrée,Mobile
CMD00688,3,CL0054,PR0025,2025-06-19,1,40.02,0,Est,Livrée,Mobile
CMD00689,1,CL0187,PR0005,2024-05-27,4,24.67,0,Auvergne-Rhône-Alpes,Livrée,Boutique
CMD00689,2,CL0187,PR0032,2024-05-27,1,33.46,0,Auvergne-Rhône-Alpes,En cours,En ligne
CMD00690,1,CL0182,PR0047,2024-04-07,2,27.42,0,Auvergne-Rhône-Alpes,Livrée,En ligne
CMD00691,1,CL0001,PR0035,2024-08-25,3,4.42,0,Île-de-France,Livrée,En ligne
CMD00691,2,CL0001,PR0049,2024-08-25,5,16.87,0,Île-de-France,Annulée,Boutique
CMD00691,3,CL0001,PR0002,2024-08-25,4,20.88,0,Île-de-France,En cours,Mobile
CMD00691,4,CL0001,PR0016,2024-08-25,1,26.30,0,Île-de-France,Livrée,Boutique
CMD00692,1,CL0179,PR0045,2025-10-04,2,12.27,0,Nord,Livrée,Mobile
CMD00692,2,CL0179,PR0040,2025-10-04,4,13.59,0.23,Nord,Livrée,Boutique
CMD00692,3,CL0179,PR0005,2025-10-04,2,4.72,0,Nord,En cours,En ligne
CMD00693,1,CL0041,PR0057,2025-01-17,1,37.05,0.21,Île-de-France,En cours,En ligne
CMD00694,1,CL0022,PR0010,2024-11-27,1,3.85,0,Occitanie,Livrée,Mobile
CMD00695,1,CL0141,PR0046,2025-02-05,3,14.46,0,Occitanie,En cours,Boutique
CMD00696,1,CL0150,PR0053,2025-01-26,1,10.86,0,Sud,Livrée,Mobile
CMD00696,2,CL0150,PR0029,2025-01-26,5,20.48,0.26,Sud,Livrée,Boutique
CMD00696,3,CL0150,PR0048,2025-01-26,4,36.86,0,Sud,Livrée,Mobile
CMD00697,1,CL0019,PR0005,2025-09-02,3,28.64,0,Est,Livrée,Boutique
CMD00697,2,CL0019,PR0056,2025-09-02,2,23.12,0,Est,Livrée,Mobile
CMD00698,1,CL0121,PR0036,2024-03-26,5,37.08,0,Île-de-France,Annulée,Boutique
CMD00698,2,CL0121,PR0055,2024-03-26,3,34.13,0,Île-de-France,Livrée,En ligne
CMD00698,3,CL0121,PR0053,2024-03-26,4,43.19,0,Île-de-France,Livrée,Mobile
CMD00699,1,CL0157,PR0034,2024-04-15,4,17.18,0,Île-de-France,Livrée,En ligne
CMD00700,1,CL0016,PR0054,2025-12-13,5,32.50,0,Ouest,Livrée,Mobile
CMD00700,2,CL0016,PR0043,2025-12-13,3,29.39,0.27,Ouest,En cours,En ligne
CMD00701,1,CL0067,PR0027,2025-11-25,4,15.02,0,Ouest,Livrée,En ligne
CMD00701,2,CL0067,PR0058,2025-11-25,3,38.69,0.06,Ouest,En cours,En ligne
CMD00701,3,CL0067,PR0033,2025-11-25,1,28.22,0,Ouest,Livrée,En ligne
CMD00702,1,CL0021,PR0038,2025-12-06,1,18.27,0,Île-de-France,Livrée,Mobile
CMD00702,2,CL0021,PR0020,2025-12-06,4,33.60,0,Île-de-France,Livrée,Mobile
CMD00702,3,CL0021,PR0023,2025-12-06,4,22.32,0,Île-de-France,Livrée,En ligne
CMD00702,4,CL0021,PR0012,2025-12-06,4,2.70,0,Île-de-France,En cours,En ligne
CMD00703,1,CL0122,PR0020,2024-01-15,4,2.12,0,Ouest,En cours,Boutique
CMD00703,2,CL0122,PR0057,2024-01-15,2,2.52,0,Ouest,En cours,Mobile
CMD00703,3,CL0122,PR0028,2024-01-15,5,30.04,0,Ouest,Livrée,Mobile
CMD00703,4,CL0122,PR0049,2024-01-15,5,46.08,0,Ouest,Livrée,En ligne
CMD00704,1,CL0103,PR0029,2025-10-25,4,3.90,0,Est,Livrée,Boutique
CMD00705,1,CL0164,PR0059,2024-02-11,4,5.90,0,Est,Livrée,En ligne
CMD00706,1,CL0086,PR0037,2024-05-28,5,28.48,0,Bretagne,Livrée,Mobile
CMD00706,2,CL0086,PR0015,2024-05-28,1,8.49,0,Bretagne,Livrée,Mobile
CMD00707,1,CL0036,PR0033,2025-04-18,3,24.73,0,Est,Livrée,Mobile
CMD00707,2,CL0036,PR0018,2025-04-18,2,10.86,0,Est,Annulée,Boutique
CMD00707,3,CL0036,PR0031,2025-04-18,3,42.73,0,Est,Livrée,Mobile
CMD00707,4,CL0036,PR0047,2025-04-18,3,21.80,0,Est,Livrée,Mobile
CMD00708,1,CL0177,PR0021,2024-05-21,3,19.98,0,Sud,Livrée,Boutique
CMD00709,1,CL0189,PR0060,2024-07-17,1,30.21,0,Sud,Livrée,En ligne
CMD00709,2,CL0189,PR0050,2024-07-17,5,23.45,0,Sud,Livrée,En ligne
CMD00709,3,CL0189,PR0032,2024-07-17,1,15.53,0,Sud,Livrée,Boutique
CMD00709,4,CL0189,PR0012,2024-07-17,5,4.67,0,Sud,En cours,En ligne
CMD00710,1,CL0126,PR0028,2025-12-05,4,20.69,0.00,Occitanie,En cours,En ligne
CMD00711,1,CL0096,PR0056,2025-01-21,5,42.95,0,Nord,Livrée,Boutique
CMD00711,2,CL0096,PR0046,2025-01-21,5,41.24,0,Nord,En cours,Boutique
CMD00711,3,CL0096,PR0056,2025-01-21,1,27.08,0,Nord,Livrée,Mobile
CMD00711,4,CL0096,PR0019,2025-01-21,3,44.88,0.06,Nord,Livrée,En ligne
CMD00712,1,CL0108,PR0053,2025-08-27,1,37.82,0,Auvergne-Rhône-Alpes,Livrée,En ligne
CMD00712,2,CL0108,PR0027,2025-08-27,3,11.04,0.03,Auvergne-Rhône-Alpes,Livrée,Mobile
CMD00712,3,CL0108,PR0057,2025-08-27,4,20.40,0,Auvergne-Rhône-Alpes,Livrée,Boutique
CMD00713,1,CL0044,PR0005,2025-09-27,2,4.10,0.11,Est,Annulée,En ligne
CMD00714,1,CL0120,PR0053,2025-01-14,3,45.94,0,Sud,Livrée,Mobile
CMD00714,2,CL0120,PR0031,2025-01-14,4,19.78,0,Sud,Livrée,Mobile
CMD00714,3,CL0120,PR0042,2025-01-14,5,31.91,0,Sud,Livrée,Mobile
CMD00714,4,CL0120,PR0044,2025-01-14,4,36.34,0,Sud,Livrée,Boutique
CMD00715,1,CL0029,PR0052,2024-09-27,5,22.82,0,Île-de-France,Livrée,Boutique
CMD00716,1,CL0034,PR0041,2024-10-04,5,14.25,0,Île-de-France,Livrée,En ligne
CMD00717,1,CL0195,PR0019,2025-03-11,2,6.11,0,Bretagne,Livrée,Boutique
CMD00717,2,CL0195,PR0008,2025-03-11,5,32.70,0,Bretagne,Livrée,Mobile
CMD00717,3,CL0195,PR0031,2025-03-11,3,29.65,0,Bretagne,Annulée,Mobile
CMD00717,4,CL0195,PR0045,2025-03-11,4,24.31,0.06,Bretagne,Annulée,Boutique
CMD00718,1,CL0057,PR0018,2024-05-26,5,39.17,0,Est,Livrée,En ligne
CMD00718,2,CL0057,PR0032,2024-05-26,1,4.54,0.12,Est,Livrée,Boutique
CMD00718,3,CL0057,PR0024,2024-05-26,5,24.45,0,Est,Livrée,Boutique
CMD00719,1,CL0048,PR0017,2024-03-25,1,30.05,0.04,Auvergne-Rhône-Alpes,Livrée,En ligne
CMD00719,2,CL0048,PR0023,2024-03-25,3,13.63,0,Auvergne-Rhône-Alpes,Livrée,Boutique
CMD00719,3,CL0048,PR0032,2024-03-25,3,11.74,0,Auvergne-Rhône-Alpes,Livrée,Mobile
CMD00720,1,CL0073,PR0059,2024-02-01,3,4.53,0,Nord,Livrée,Mobile
CMD00721,1,CL0176,PR0022,2025-10-12,1,37.36,0,Occitanie,Annulée,Boutique
CMD00721,2,CL0176,PR0016,2025-10-12,1,19.44,0,Occitanie,Livrée,Mobile
CMD00722,1,CL0171,PR0019,2024-07-17,2,33.82,0,Bretagne,Livrée,Mobile
CMD00722,2,CL0171,PR0028,2024-07-17,4,17.58,0,Bretagne,Livrée,Mobile
CMD00722,3,CL0171,PR0037,2024-07-17,3,34.74,0,Bretagne,Livrée,Boutique
CMD00723,1,CL0062,PR0017,2024-03-23,4,46.14,0,Île-de-France,Livrée,En ligne
CMD00723,2,CL0062,PR0045,2024-03-23,5,41.99,0,Île-de-France,Livrée,En ligne
CMD00723,3,CL0062,PR0057,2024-03-23,3,31.40,0,Île-de-France,Livrée,En ligne
CMD00724,1,CL0004,PR0031,2025-09-27,2,18.63,0,Est,Livrée,Mobile
CMD00724,2,CL0004,PR0027,2025-09-27,5,19.42,0,Est,Livrée,Mobile
CMD00725,1,CL0190,PR0003,2024-02-21,5,25.34,0,Île-de-France,Livrée,Boutique
CMD00726,1,CL0038,PR0041,2024-07-01,1,21.96,0,Bretagne,Livrée,Boutique
CMD00726,2,CL0038,PR0040,2024-07-01,4,34.42,0,Bretagne,Livrée,Boutique
CMD00727,1,CL0134,PR0006,2024-08-13,1,24.67,0,Ouest,En cours,Boutique
CMD00727,2,CL0134,PR0009,2024-08-13,3,29.75,0,Ouest,Livrée,Mobile
CMD00727,3,CL0134,PR0021,2024-08-13,2,33.93,0,Ouest,Livrée,Boutique
CMD00727,4,CL0134,PR0056,2024-08-13,4,37.98,0,Ouest,Livrée,Mobile
CMD00728,1,CL0125,PR0020,2025-11-04,4,41.99,0,Ouest,En cours,Mobile
CMD00728,2,CL0125,PR0012,2025-11-04,1,13.14,0,Ouest,Livrée,En ligne
CMD00728,3,CL0125,PR0060,2025-11-04,4,44.56,0,Ouest,Livrée,En ligne
CMD00728,4,CL0125,PR0059,2025-11-04,3,24.18,0,Ouest,En cours,Boutique
CMD00729,1,CL0168,PR0046,2025-11-24,2,9.55,0,Bretagne,Annulée,Mobile
CMD00729,2,CL0168,PR0022,2025-11-24,4,45.19,0,Bretagne,Livrée,Mobile
CMD00729,3,CL0168,PR0047,2025-11-24,1,17.32,0,Bretagne,Livrée,Boutique
CMD00730,1,CL0082,PR0053,2025-10-02,3,2.30,0,Bretagne,Annulée,En ligne
CMD00731,1,CL0146,PR0008,2024-12-13,4,27.49,0,Nord,En cours,Boutique
CMD00731,2,CL0146,PR0051,2024-12-13,1,27.30,0,Nord,Livrée,En ligne
CMD00731,3,CL0146,PR0050,2024-12-13,4,42.54,0,Nord,Livrée,Mobile
CMD00731,4,CL0146,PR0019,2024-12-13,3,7.25,0,Nord,Livrée,Boutique
CMD00732,1,CL0183,PR0029,2025-12-11,2,41.30,0,Sud,En cours,En ligne
CMD00732,2,CL0183,PR0037,2025-12-11,1,21.64,0,Sud,Livrée,Mobile
CMD00732,3,CL0183,PR0053,2025-12-11,5,7.82,0,Sud,Livrée,Boutique
CMD00732,4,CL0183,PR0037,2025-12-11,4,38.33,0,Sud,Annulée,Boutique
CMD00733,1,CL0153,PR0046,2024-02-07,1,35.22,0,Sud,En cours,Boutique
CMD00734,1,CL0147,PR0019,2025-06-06,3,32.19,0,Nord,En cours,En ligne
CMD00735,1,CL0079,PR0028,2024-01-06,5,5.55,0,Île-de-France,Annulée,En ligne
CMD00735,2,CL0079,PR0026,2024-01-06,4,16.89,0,Île-de-France,Livrée,En ligne
CMD00735,3,CL0079,PR0011,2024-01-06,5,6.57,0.10,Île-de-France,Livrée,En ligne
CMD00736,1,CL0034,PR0058,2025-09-09,2,10.81,0,Île-de-France,Livrée,En ligne
CMD00736,2,CL0034,PR0020,2025-09-09,3,11.78,0,Île-de-France,Annulée,En ligne
CMD00736,3,CL0034,PR0052,2025-09-09,4,30.45,0,Île-de-France,Livrée,Mobile
CMD00736,4,CL0034,PR0013,2025-09-09,2,26.42,0,Île-de-France,Livrée,Mobile
CMD00737,1,CL0065,PR0046,2024-12-04,1,45.59,0.01,Occitanie,Livrée,Boutique
CMD00737,2,CL0065,PR0039,2024-12-04,3,38.15,0,Occitanie,Livrée,En ligne
CMD00737,3,CL0065,PR0031,2024-12-04,2,26.01,0.05,Occitanie,Livrée,Boutique
CMD00737,4,CL0065,PR0011,2024-12-04,3,31.77,0,Occitanie,Livrée,En ligne
CMD00738,1,CL0021,PR0054,2025-02-18,4,45.42,0.27,Île-de-France,Livrée,Boutique
CMD00738,2,CL0021,PR0031,2025-02-18,3,6.18,0,Île-de-France,En cours,Mobile
CMD00738,3,CL0021,PR0049,2025-02-18,4,40.56,0,Île-de-France,Annulée,En ligne
CMD00738,4,CL0021,PR0050,2025-02-18,3,9.87,0.03,Île-de-France,En cours,En ligne
CMD00739,1,CL0084,PR0033,2025-11-17,1,18.49,0,Île-de-France,Annulée,Mobile
CMD00740,1,CL0087,PR0006,2025-12-08,2,15.73,0,Ouest,Livrée,Boutique
CMD00741,1,CL0087,PR0012,2024-02-27,4,44.53,0.14,Ouest,Livrée,Boutique
CMD00741,2,CL0087,PR0041,2024-02-27,1,22.06,0,Ouest,Livrée,Boutique
CMD00742,1,CL0032,PR0014,2024-07-24,3,29.36,0,Occitanie,Annulée,En ligne
CMD00743,1,CL0036,PR0028,2025-04-15,3,32.56,0.19,Est,Livrée,Boutique
CMD00744,1,CL0122,PR0051,2025-08-09,4,44.80,0,Ouest,Livrée,En ligne
CMD00744,2,CL0122,PR0011,2025-08-09,2,40.74,0,Ouest,Livrée,En ligne
CMD00744,3,CL0122,PR0006,2025-08-09,4,28.84,0,Ouest,En cours,Mobile
CMD00745,1,CL0086,PR0003,2024-09-28,1,3.57,0.06,Bretagne,Livrée,Mobile
CMD00745,2,CL0086,PR0045,2024-09-28,5,23.77,0,Bretagne,Livrée,En ligne
CMD00746,1,CL0054,PR0050,2024-08-23,1,38.77,0,Est,Livrée,En ligne
CMD00747,1,CL0033,PR0035,2025-10-10,2,7.84,0,Auvergne-Rhône-Alpes,En cours,Boutique
CMD00747,2,CL0033,PR0026,2025-10-10,1,26.95,0,Auvergne-Rhône-Alpes,Livrée,Mobile
CMD00748,1,CL0140,PR0056,2025-05-24,2,31.50,0,Ouest,Livrée,Mobile
CMD00748,2,CL0140,PR0025,2025-05-24,1,35.65,0,Ouest,Livrée,Boutique
CMD00748,3,CL0140,PR0049,2025-05-24,3,35.54,0,Ouest,Livrée,Mobile
CMD00748,4,CL0140,PR0044,2025-05-24,5,40.65,0,Ouest,Livrée,Boutique
CMD00749,1,CL0182,PR0028,2025-09-24,2,22.48,0,Auvergne-Rhône-Alpes,Livrée,Mobile
CMD00749,2,CL0182,PR0060,2025-09-24,5,26.49,0,Auvergne-Rhône-Alpes,Livrée,En ligne
CMD00750,1,CL0159,PR0055,2025-04-16,5,23.10,0,Auvergne-Rhône-Alpes,En cours,Mobile
CMD00750,2,CL0159,PR0014,2025-04-16,5,11.98,0,Auvergne-Rhône-Alpes,Livrée,En ligne
CMD00750,3,CL0159,PR0046,2025-04-16,2,32.78,0,Auvergne-Rhône-Alpes,En cours,Mobile
CMD00750,4,CL0159,PR0014,2025-04-16,2,5.11,0,Auvergne-Rhône-Alpes,Livrée,Mobile
CMD00751,1,CL0023,PR0052,2024-06-10,3,20.27,0,Nord,Annulée,Mobile
CMD00751,2,CL0023,PR0054,2024-06-10,3,10.34,0,Nord,Livrée,Mobile
CMD00752,1,CL0118,PR0023,2024-09-22,4,37.94,0,Nord,Livrée,En ligne
CMD00752,2,CL0118,PR0013,2024-09-22,5,17.60,0.22,Nord,Livrée,Mobile
CMD00753,1,CL0077,PR0011,2024-02-26,5,33.81,0,Ouest,Livrée,Boutique
CMD00754,1,CL0107,PR0037,2025-10-06,1,36.67,0,Auvergne-Rhône-Alpes,En cours,Mobile
CMD00755,1,CL0083,PR0009,2025-07-22,5,10.29,0.29,Bretagne,Livrée,Boutique
CMD00755,2,CL0083,PR0030,2025-07-22,2,22.68,0,Bretagne,Livrée,En ligne
CMD00755,3,CL0083,PR0021,2025-07-22,2,28.36,0,Bretagne,Livrée,Mobile
CMD00755,4,CL0083,PR0006,2025-07-22,4,17.72,0,Bretagne,Livrée,Mobile
CMD00756,1,CL0143,PR0007,2025-12-16,5,29.95,0,Auvergne-Rhône-Alpes,Livrée,En ligne
CMD00756,2,CL0143,PR0005,2025-12-16,1,37.82,0,Auvergne-Rhône-Alpes,Annulée,Boutique
CMD00757,1,CL0123,PR0024,2025-10-28,4,23.44,0.14,Est,Livrée,Boutique
CMD00757,2,CL0123,PR0039,2025-10-28,5,3.73,0.22,Est,Livrée,En ligne
CMD00757,3,CL0123,PR0021,2025-10-28,1,35.76,0,Est,Annulée,Boutique
CMD00757,4,CL0123,PR0004,2025-10-28,3,40.10,0,Est,Livrée,Mobile
CMD00758,1,CL0042,PR0010,2024-06-01,4,46.58,0.25,Bretagne,Annulée,En ligne
CMD00758,2,CL0042,PR0005,2024-06-01,4,14.02,0.20,Bretagne,Livrée,Boutique
CMD00758,3,CL0042,PR0034,2024-06-01,1,3.68,0,Bretagne,En cours,En ligne
CMD00759,1,CL0075,PR0006,2024-06-09,5,2.79,0,Occitanie,Livrée,Mobile
CMD00759,2,CL0075,PR0040,2024-06-09,5,4.84,0,Occitanie,Livrée,En ligne
CMD00760,1,CL0062,PR0022,2025-06-20,5,14.96,0,Île-de-France,Livrée,Mobile
CMD00760,2,CL0062,PR0001,2025-06-20,3,44.05,0,Île-de-France,Livrée,Boutique
CMD00760,3,CL0062,PR0016,2025-06-20,3,15.83,0.15,Île-de-France,Livrée,En ligne
CMD00761,1,CL0135,PR0006,2025-09-01,4,4.57,0,Auvergne-Rhône-Alpes,En cours,En ligne
CMD00761,2,CL0135,PR0056,2025-09-01,1,38.50,0.11,Auvergne-Rhône-Alpes,Livrée,En ligne
CMD00761,3,CL0135,PR0059,2025-09-01,2,31.06,0.22,Auvergne-Rhône-Alpes,Livrée,Mobile
CMD00761,4,CL0135,PR0031,2025-09-01,4,20.24,0,Auvergne-Rhône-Alpes,Livrée,En ligne
CMD00762,1,CL0195,PR0031,2025-08-22,3,5.89,0,Bretagne,En cours,En ligne
CMD00762,2,CL0195,PR0026,2025-08-22,5,15.02,0,Bretagne,Livrée,Mobile
CMD00762,3,CL0195,PR0024,2025-08-22,3,10.71,0.25,Bretagne,Livrée,Mobile
CMD00763,1,CL0031,PR0051,2024-03-23,1,3.38,0,Île-de-France,En cours,Mobile
CMD00763,2,CL0031,PR0020,2024-03-23,5,30.37,0,Île-de-France,Livrée,Mobile
CMD00763,3,CL0031,PR0047,2024-03-23,3,45.15,0,Île-de-France,En cours,En ligne
CMD00764,1,CL0119,PR0045,2024-12-13,1,16.47,0,Auvergne-Rhône-Alpes,Livrée,Mobile
CMD00764,2,CL0119,PR0009,2024-12-13,2,37.73,0,Auvergne-Rhône-Alpes,En cours,Boutique
CMD00764,3,CL0119,PR0022,2024-12-13,1,11.47,0,Auvergne-Rhône-Alpes,Livrée,Mobile
CMD00764,4,CL0119,PR0033,2024-12-13,2,19.91,0,Auvergne-Rhône-Alpes,Annulée,Boutique
CMD00765,1,CL0138,PR0043,2024-10-05,2,20.08,0.16,Île-de-France,Livrée,En ligne
CMD00765,2,CL0138,PR0015,2024-10-05,2,46.85,0,Île-de-France,Livrée,Boutique
CMD00765,3,CL0138,PR0028,2024-10-05,1,10.28,0,Île-de-France,Annulée,Boutique
CMD00765,4,CL0138,PR0052,2024-10-05,3,26.80,0.17,Île-de-France,Livrée,En ligne
CMD00766,1,CL0185,PR0054,2024-09-05,1,2.18,0.02,Auvergne-Rhône-Alpes,Livrée,Mobile
CMD00766,2,CL0185,PR0057,2024-09-05,3,24.04,0,Auvergne-Rhône-Alpes,Livrée,Boutique
CMD00766,3,CL0185,PR0022,2024-09-05,3,7.32,0,Auvergne-Rhône-Alpes,Annulée,Boutique
CMD00766,4,CL0185,PR0030,2024-09-05,3,31.18,0,Auvergne-Rhône-Alpes,Livrée,Boutique
CMD00767,1,CL0132,PR0044,2024-07-10,4,31.58,0.10,Auvergne-Rhône-Alpes,Annulée,Boutique
CMD00767,2,CL0132,PR0008,2024-07-10,1,46.68,0,Auvergne-Rhône-Alpes,En cours,Mobile
CMD00768,1,CL0129,PR0014,2024-09-15,2,31.15,0,Est,Livrée,Boutique
CMD00768,2,CL0129,PR0027,2024-09-15,3,7.98,0,Est,Livrée,En ligne
CMD00769,1,CL0087,PR0023,2025-11-26,4,34.00,0,Ouest,Livrée,Mobile
CMD00769,2,CL0087,PR0034,2025-11-26,5,16.84,0,Ouest,Livrée,Boutique
CMD00769,3,CL0087,PR0043,2025-11-26,3,45.93,0,Ouest,En cours,En ligne
CMD00770,1,CL0167,PR0048,2025-03-15,2,27.16,0,Auvergne-Rhône-Alpes,Annulée,Boutique
CMD00770,2,CL0167,PR0037,2025-03-15,2,19.78,0,Auvergne-Rhône-Alpes,En cours,En ligne
CMD00771,1,CL0068,PR0020,2024-11-15,2,31.92,0.14,Est,Livrée,En ligne
CMD00771,2,CL0068,PR0003,2024-11-15,2,31.01,0,Est,En cours,Boutique
CMD00772,1,CL0146,PR0025,2025-02-27,3,39.20,0,Nord,Livrée,En ligne
CMD00772,2,CL0146,PR0002,2025-02-27,4,7.55,0,Nord,Livrée,Boutique
CMD00772,3,CL0146,PR0021,2025-02-27,4,7.26,0.17,Nord,Livrée,Boutique
CMD00773,1,CL0171,PR0024,2024-11-06,4,44.25,0,Bretagne,Livrée,Mobile
CMD00773,2,CL0171,PR0022,2024-11-06,1,10.95,0,Bretagne,Livrée,En ligne
CMD00773,3,CL0171,PR0029,2024-11-06,3,25.07,0,Bretagne,Livrée,En ligne
CMD00774,1,CL0165,PR0021,2024-10-25,3,42.02,0.02,Occitanie,Annulée,En ligne
CMD00774,2,CL0165,PR0054,2024-10-25,4,14.31,0,Occitanie,Livrée,Boutique
CMD00775,1,CL0085,PR0016,2024-02-02,2,29.60,0,Sud,Livrée,Mobile
CMD00775,2,CL0085,PR0025,2024-02-02,1,9.22,0,Sud,Livrée,Boutique
CMD00775,3,CL0085,PR0023,2024-02-02,2,45.51,0,Sud,Livrée,En ligne
CMD00775,4,CL0085,PR0012,2024-02-02,2,3.67,0.05,Sud,Livrée,Boutique
CMD00776,1,CL0128,PR0046,2025-01-13,5,44.25,0,Auvergne-Rhône-Alpes,Annulée,Boutique
CMD00776,2,CL0128,PR0050,2025-01-13,2,36.69,0.10,Auvergne-Rhône-Alpes,Livrée,En ligne
CMD00776,3,CL0128,PR0033,2025-01-13,5,33.37,0,Auvergne-Rhône-Alpes,Livrée,Mobile
CMD00776,4,CL0128,PR0023,2025-01-13,2,11.18,0.25,Auvergne-Rhône-Alpes,Livrée,En ligne
CMD00777,1,CL0030,PR0041,2024-12-04,5,15.71,0.19,Est,Livrée,En ligne
CMD00777,2,CL0030,PR0013,2024-12-04,3,26.26,0,Est,Annulée,En ligne
CMD00778,1,CL0089,PR0018,2024-08-05,4,6.94,0,Occitanie,Livrée,Mobile
CMD00779,1,CL0054,PR0055,2024-01-12,4,22.23,0.06,Est,Livrée,En ligne
CMD00780,1,CL0112,PR0026,2024-05-12,3,40.85,0,Ouest,Livrée,Boutique
CMD00781,1,CL0166,PR0003,2025-05-22,3,23.06,0,Sud,Livrée,Boutique
CMD00781,2,CL0166,PR0013,2025-05-22,3,18.17,0.01,Sud,Livrée,Boutique
CMD00782,1,CL0153,PR0025,2024-10-16,5,5.54,0,Sud,Livrée,En ligne
CMD00782,2,CL0153,PR0049,2024-10-16,5,15.26,0.18,Sud,Livrée,Boutique
CMD00783,1,CL0083,PR0013,2024-08-08,3,38.25,0,Bretagne,Livrée,En ligne
CMD00784,1,CL0021,PR0049,2025-07-13,5,24.37,0,Île-de-France,En cours,En ligne
CMD00785,1,CL0181,PR0054,2024-06-05,2,45.89,0,Bretagne,Livrée,En ligne
CMD00786,1,CL0100,PR0005,2024-10-08,2,24.34,0.22,Sud,Livrée,Mobile
CMD00786,2,CL0100,PR0001,2024-10-08,4,27.04,0,Sud,Livrée,Mobile
CMD00787,1,CL0131,PR0009,2025-12-04,3,11.72,0.16,Auvergne-Rhône-Alpes,Livrée,Boutique
CMD00787,2,CL0131,PR0036,2025-12-04,1,12.41,0.16,Auvergne-Rhône-Alpes,Livrée,Mobile
CMD00788,1,CL0011,PR0008,2025-04-27,1,46.23,0,Auvergne-Rhône-Alpes,Livrée,Boutique
CMD00789,1,CL0070,PR0018,2025-08-19,5,35.83,0,Sud,Livrée,Mobile
CMD00789,2,CL0070,PR0027,2025-08-19,1,47.00,0,Sud,Livrée,Boutique
CMD00789,3,CL0070,PR0047,2025-08-19,1,23.94,0.02,Sud,En cours,Boutique
CMD00789,4,CL0070,PR0022,2025-08-19,5,11.90,0.12,Sud,Livrée,En ligne
CMD00790,1,CL0082,PR0012,2025-05-01,3,9.77,0,Bretagne,Livrée,Boutique
CMD00790,2,CL0082,PR0037,2025-05-01,5,28.45,0.28,Bretagne,Livrée,En ligne
CMD00791,1,CL0028,PR0025,2024-03-21,3,25.65,0,Nord,Livrée,Boutique
CMD00792,1,CL0128,PR0009,2024-09-18,3,12.82,0.06,Auvergne-Rhône-Alpes,Livrée,En ligne
CMD00792,2,CL0128,PR0046,2024-09-18,1,25.52,0,Auvergne-Rhône-Alpes,Livrée,Boutique
CMD00792,3,CL0128,PR0036,2024-09-18,5,18.12,0,Auvergne-Rhône-Alpes,Livrée,Boutique
CMD00793,1,CL0126,PR0015,2024-02-07,2,10.31,0,Occitanie,En cours,Mobile
CMD00794,1,CL0043,PR0050,2024-01-16,4,26.43,0,Bretagne,En cours,En ligne
CMD00794,2,CL0043,PR0002,2024-01-16,4,2.25,0,Bretagne,Livrée,En ligne
CMD00794,3,CL0043,PR0033,2024-01-16,2,16.72,0,Bretagne,Livrée,Mobile
CMD00794,4,CL0043,PR0028,2024-01-16,4,14.22,0,Bretagne,En cours,Boutique
CMD00795,1,CL0112,PR0038,2025-08-08,4,11.32,0,Ouest,Livrée,Boutique
CMD00795,2,CL0112,PR0006,2025-08-08,5,10.43,0.20,Ouest,Livrée,En ligne
CMD00796,1,CL0158,PR0054,2024-01-24,2,22.34,0,Ouest,Livrée,En ligne
CMD00796,2,CL0158,PR0025,2024-01-24,2,26.93,0.14,Ouest,En cours,Boutique
CMD00797,1,CL0058,PR0010,2024-07-10,3,36.65,0,Bretagne,Livrée,Mobile
CMD00798,1,CL0001,PR0010,2025-10-07,3,4.37,0,Île-de-France,Livrée,En ligne
CMD00799,1,CL0104,PR0006,2024-10-21,4,20.65,0,Île-de-France,Livrée,En ligne
CMD00799,2,CL0104,PR0030,2024-10-21,3,21.76,0,Île-de-France,Livrée,Mobile
CMD00799,3,CL0104,PR0033,2024-10-21,5,13.39,0,Île-de-France,Livrée,Boutique
CMD00800,1,CL0081,PR0009,2025-12-01,1,33.60,0,Ouest,Livrée,Boutique
CMD00800,2,CL0081,PR0018,2025-12-01,1,38.63,0,Ouest,Livrée,Mobile
CMD00800,3,CL0081,PR0043,2025-12-01,4,21.86,0.28,Ouest,Annulée,Mobile
CMD00801,1,CL0082,PR0029,2025-03-19,2,26.57,0,Bretagne,Livrée,En ligne
CMD00801,2,CL0082,PR0025,2025-03-19,3,27.65,0,Bretagne,Livrée,Mobile
CMD00802,1,CL0085,PR0025,2024-04-28,2,45.97,0.15,Sud,Livrée,En ligne
CMD00803,1,CL0091,PR0051,2025-04-18,5,20.15,0,Auvergne-Rhône-Alpes,Livrée,En ligne
CMD00803,2,CL0091,PR0015,2025-04-18,3,30.11,0,Auvergne-Rhône-Alpes,Livrée,Mobile
CMD00803,3,CL0091,PR0008,2025-04-18,1,30.65,0,Auvergne-Rhône-Alpes,Livrée,Mobile
CMD00804,1,CL0156,PR0056,2024-06-22,3,23.78,0.04,Auvergne-Rhône-Alpes,Livrée,En ligne
CMD00805,1,CL0019,PR0039,2025-03-06,3,37.72,0,Est,En cours,En ligne
CMD00805,2,CL0019,PR0050,2025-03-06,4,25.00,0,Est,Livrée,Boutique
CMD00805,3,CL0019,PR0049,2025-03-06,4,18.70,0.29,Est,Livrée,Boutique
CMD00805,4,CL0019,PR0030,2025-03-06,5,21.12,0,Est,Livrée,Boutique
CMD00806,1,CL0139,PR0028,2025-08-02,3,23.09,0,Bretagne,Livrée,Mobile
CMD00806,2,CL0139,PR0036,2025-08-02,4,27.45,0,Bretagne,Annulée,Boutique
CMD00807,1,CL0051,PR0057,2024-04-07,4,28.38,0.13,Auvergne-Rhône-Alpes,Livrée,Mobile
CMD00807,2,CL0051,PR0019,2024-04-07,1,28.21,0.17,Auvergne-Rhône-Alpes,Livrée,En ligne
CMD00808,1,CL0041,PR0045,2024-03-15,1,7.80,0,Île-de-France,Annulée,En ligne
CMD00808,2,CL0041,PR0056,2024-03-15,1,31.63,0,Île-de-France,Livrée,Mobile
CMD00808,3,CL0041,PR0046,2024-03-15,4,39.60,0,Île-de-France,Livrée,Mobile
CMD00808,4,CL0041,PR0008,2024-03-15,2,27.32,0,Île-de-France,Livrée,Boutique
CMD00809,1,CL0122,PR0001,2025-08-24,4,24.13,0.30,Ouest,Livrée,En ligne
CMD00809,2,CL0122,PR0029,2025-08-24,5,30.98,0,Ouest,En cours,En ligne
CMD00810,1,CL0082,PR0025,2024-12-28,4,27.18,0.05,Bretagne,Livrée,En ligne
CMD00810,2,CL0082,PR0031,2024-12-28,4,42.72,0,Bretagne,Livrée,Mobile
CMD00810,3,CL0082,PR0038,2024-12-28,4,23.87,0,Bretagne,Livrée,En ligne
CMD00811,1,CL0116,PR0050,2025-10-20,5,9.68,0,Bretagne,Livrée,Boutique
CMD00811,2,CL0116,PR0053,2025-10-20,3,5.76,0.03,Bretagne,Livrée,En ligne
CMD00811,3,CL0116,PR0060,2025-10-20,3,40.68,0,Bretagne,Annulée,En ligne
CMD00812,1,CL0131,PR0018,2025-04-15,4,22.25,0,Auvergne-Rhône-Alpes,Annulée,Boutique
CMD00812,2,CL0131,PR0007,2025-04-15,5,39.22,0,Auvergne-Rhône-Alpes,Livrée,Mobile
CMD00812,3,CL0131,PR0039,2025-04-15,1,21.33,0.15,Auvergne-Rhône-Alpes,Livrée,Mobile
CMD00812,4,CL0131,PR0022,2025-04-15,3,4.52,0,Auvergne-Rhône-Alpes,Livrée,En ligne
CMD00813,1,CL0087,PR0035,2024-01-08,3,11.82,0,Ouest,Livrée,Boutique
CMD00813,2,CL0087,PR0029,2024-01-08,2,3.33,0,Ouest,Annulée,En ligne
CMD00813,3,CL0087,PR0036,2024-01-08,2,19.24,0.21,Ouest,En cours,En ligne
CMD00813,4,CL0087,PR0021,2024-01-08,1,8.06,0,Ouest,Livrée,Mobile
CMD00814,1,CL0198,PR0041,2025-05-16,5,39.50,0,Sud,Livrée,En ligne
CMD00814,2,CL0198,PR0039,2025-05-16,4,9.39,0,Sud,Livrée,Boutique
CMD00814,3,CL0198,PR0046,2025-05-16,4,6.51,0,Sud,En cours,En ligne
CMD00815,1,CL0034,PR0018,2024-04-04,2,18.31,0,Île-de-France,Annulée,En ligne
CMD00815,2,CL0034,PR0044,2024-04-04,1,31.39,0,Île-de-France,Annulée,Mobile
CMD00816,1,CL0111,PR0015,2024-05-11,1,30.08,0.06,Sud,Livrée,Mobile
CMD00817,1,CL0143,PR0033,2025-10-16,2,10.50,0.21,Auvergne-Rhône-Alpes,Livrée,Boutique
CMD00818,1,CL0043,PR0012,2025-03-11,2,8.03,0,Bretagne,En cours,En ligne
CMD00818,2,CL0043,PR0060,2025-03-11,5,32.59,0.08,Bretagne,Livrée,En ligne
CMD00818,3,CL0043,PR0039,2025-03-11,3,5.41,0,Bretagne,Livrée,En ligne
CMD00819,1,CL0195,PR0059,2024-10-06,1,46.86,0,Bretagne,Annulée,Mobile
CMD00819,2,CL0195,PR0050,2024-10-06,5,44.49,0.18,Bretagne,Livrée,Boutique
CMD00819,3,CL0195,PR0005,2024-10-06,5,30.46,0,Bretagne,Livrée,En ligne
CMD00819,4,CL0195,PR0010,2024-10-06,1,6.76,0,Bretagne,Livrée,Boutique
CMD00820,1,CL0166,PR0048,2025-12-15,5,2.96,0,Sud,Livrée,Mobile
CMD00820,2,CL0166,PR0058,2025-12-15,2,40.71,0.07,Sud,Livrée,En ligne
CMD00820,3,CL0166,PR0019,2025-12-15,4,15.72,0,Sud,Livrée,Mobile
CMD00821,1,CL0170,PR0003,2025-04-11,5,35.11,0,Nord,Livrée,Mobile
CMD00821,2,CL0170,PR0028,2025-04-11,3,43.77,0.11,Nord,Livrée,Boutique
CMD00821,3,CL0170,PR0007,2025-04-11,2,7.40,0,Nord,Livrée,Mobile
CMD00822,1,CL0185,PR0010,2025-04-01,1,7.72,0,Auvergne-Rhône-Alpes,Livrée,Mobile
CMD00823,1,CL0020,PR0008,2025-09-13,2,36.28,0,Bretagne,Livrée,Boutique
CMD00823,2,CL0020,PR0046,2025-09-13,2,36.43,0,Bretagne,Livrée,En ligne
CMD00823,3,CL0020,PR0036,2025-09-13,5,3.08,0,Bretagne,Livrée,Boutique
CMD00823,4,CL0020,PR0009,2025-09-13,2,31.64,0,Bretagne,Annulée,Mobile
CMD00824,1,CL0194,PR0049,2024-11-04,4,27.02,0.21,Île-de-France,Livrée,Boutique
CMD00824,2,CL0194,PR0016,2024-11-04,5,14.68,0,Île-de-France,Annulée,En ligne
CMD00824,3,CL0194,PR0059,2024-11-04,2,46.24,0,Île-de-France,Livrée,Mobile
CMD00825,1,CL0009,PR0058,2025-12-28,4,33.76,0.02,Est,Livrée,En ligne
CMD00826,1,CL0042,PR0019,2025-01-20,3,22.42,0.16,Bretagne,Livrée,Boutique
CMD00827,1,CL0042,PR0039,2024-07-15,3,19.84,0,Bretagne,Livrée,Mobile
CMD00827,2,CL0042,PR0020,2024-07-15,1,23.73,0,Bretagne,Livrée,En ligne
CMD00828,1,CL0140,PR0035,2025-08-09,2,28.28,0,Ouest,Livrée,Boutique
CMD00828,2,CL0140,PR0013,2025-08-09,1,6.71,0,Ouest,En cours,Mobile
CMD00829,1,CL0030,PR0060,2024-10-24,3,27.23,0,Est,Livrée,En ligne
CMD00829,2,CL0030,PR0034,2024-10-24,1,37.29,0.20,Est,En cours,Boutique
CMD00830,1,CL0089,PR0014,2025-08-27,1,10.08,0,Occitanie,En cours,Boutique
CMD00830,2,CL0089,PR0018,2025-08-27,3,44.18,0.18,Occitanie,Annulée,Boutique
CMD00831,1,CL0153,PR0049,2024-06-02,5,12.96,0,Sud,Livrée,En ligne
CMD00831,2,CL0153,PR0031,2024-06-02,3,35.05,0,Sud,Livrée,Boutique
CMD00832,1,CL0026,PR0024,2025-12-01,1,42.17,0,Nord,Livrée,Mobile
CMD00832,2,CL0026,PR0007,2025-12-01,5,36.15,0.21,Nord,En cours,Boutique
CMD00832,3,CL0026,PR0002,2025-12-01,4,46.89,0,Nord,Livrée,Mobile
CMD00832,4,CL0026,PR0037,2025-12-01,5,39.39,0.13,Nord,Livrée,Boutique
CMD00833,1,CL0101,PR0035,2025-12-09,5,24.79,0,Île-de-France,Livrée,En ligne
CMD00834,1,CL0167,PR0020,2025-08-20,5,34.99,0.25,Auvergne-Rhône-Alpes,Livrée,En ligne
CMD00834,2,CL0167,PR0033,2025-08-20,1,25.16,0,Auvergne-Rhône-Alpes,En cours,Boutique
CMD00834,3,CL0167,PR0039,2025-08-20,3,27.79,0,Auvergne-Rhône-Alpes,Livrée,Boutique
CMD00835,1,CL0097,PR0037,2024-03-27,2,43.72,0,Île-de-France,Livrée,Mobile
CMD00835,2,CL0097,PR0041,2024-03-27,2,33.79,0.14,Île-de-France,Livrée,En ligne
CMD00836,1,CL0195,PR0029,2024-12-03,4,27.25,0,Bretagne,Annulée,Boutique
CMD00836,2,CL0195,PR0033,2024-12-03,5,16.08,0.27,Bretagne,Livrée,En ligne
CMD00836,3,CL0195,PR0053,2024-12-03,5,30.42,0.12,Bretagne,Livrée,Mobile
CMD00836,4,CL0195,PR0037,2024-12-03,3,39.32,0.14,Bretagne,Livrée,En ligne
CMD00837,1,CL0127,PR0056,2024-05-09,4,46.56,0,Est,Annulée,Boutique
CMD00838,1,CL0037,PR0056,2025-06-25,1,38.43,0.22,Île-de-France,Livrée,Mobile
CMD00838,2,CL0037,PR0022,2025-06-25,5,34.74,0.17,Île-de-France,Livrée,Mobile
CMD00839,1,CL0047,PR0038,2024-09-28,3,2.73,0,Occitanie,Livrée,Boutique
CMD00840,1,CL0018,PR0035,2024-01-17,2,12.23,0.28,Auvergne-Rhône-Alpes,Livrée,En ligne
CMD00840,2,CL0018,PR0022,2024-01-17,4,21.99,0,Auvergne-Rhône-Alpes,Livrée,Mobile
CMD00840,3,CL0018,PR0041,2024-01-17,2,5.75,0.10,Auvergne-Rhône-Alpes,En cours,En ligne
CMD00841,1,CL0111,PR0050,2024-10-15,3,20.60,0,Sud,Livrée,Boutique
CMD00842,1,CL0113,PR0036,2025-12-10,3,37.85,0,Occitanie,Livrée,Boutique
CMD00842,2,CL0113,PR0009,2025-12-10,2,2.52,0,Occitanie,Livrée,En ligne
CMD00843,1,CL0163,PR0053,2025-11-19,1,29.21,0,Est,Annulée,Mobile
CMD00843,2,CL0163,PR0043,2025-11-19,5,40.93,0.25,Est,Livrée,Boutique
CMD00843,3,CL0163,PR0005,2025-11-19,2,19.84,0,Est,Livrée,En ligne
CMD00844,1,CL0055,PR0048,2025-01-25,1,32.50,0,Est,En cours,En ligne
CMD00845,1,CL0128,PR0017,2025-01-14,3,40.19,0.05,Auvergne-Rhône-Alpes,Livrée,En ligne
CMD00846,1,CL0012,PR0032,2024-07-15,5,45.26,0,Auvergne-Rhône-Alpes,Annulée,En ligne
CMD00846,2,CL0012,PR0059,2024-07-15,2,33.43,0.07,Auvergne-Rhône-Alpes,Livrée,Boutique
CMD00847,1,CL0069,PR0033,2024-10-09,5,13.16,0,Sud,Livrée,Mobile
CMD00847,2,CL0069,PR0019,2024-10-09,3,40.95,0.03,Sud,Livrée,Mobile
CMD00847,3,CL0069,PR0056,2024-10-09,4,26.51,0.26,Sud,Livrée,Mobile
CMD00847,4,CL0069,PR0018,2024-10-09,3,5.02,0,Sud,Livrée,Boutique
CMD00848,1,CL0030,PR0016,2025-07-05,4,45.61,0,Est,Livrée,Boutique
CMD00848,2,CL0030,PR0045,2025-07-05,2,39.17,0,Est,En cours,Mobile
CMD00848,3,CL0030,PR0046,2025-07-05,4,16.66,0.19,Est,En cours,En ligne
CMD00849,1,CL0049,PR0010,2025-10-22,1,19.90,0,Auvergne-Rhône-Alpes,Livrée,Mobile
CMD00849,2,CL0049,PR0011,2025-10-22,5,46.04,0,Auvergne-Rhône-Alpes,Livrée,En ligne
CMD00849,3,CL0049,PR0047,2025-10-22,1,19.82,0,Auvergne-Rhône-Alpes,Livrée,Boutique
CMD00849,4,CL0049,PR0048,2025-10-22,5,42.44,0,Auvergne-Rhône-Alpes,Livrée,Mobile
CMD00850,1,CL0158,PR0015,2025-02-14,3,34.18,0,Ouest,Livrée,Boutique
CMD00850,2,CL0158,PR0051,2025-02-14,4,28.04,0,Ouest,Livrée,En ligne
CMD00850,3,CL0158,PR0024,2025-02-14,4,5.45,0,Ouest,Livrée,Boutique
CMD00850,4,CL0158,PR0050,2025-02-14,5,6.81,0,Ouest,En cours,En ligne
CMD00851,1,CL0083,PR0044,2024-05-25,2,4.90,0.23,Bretagne,En cours,Mobile
CMD00851,2,CL0083,PR0037,2024-05-25,5,36.61,0,Bretagne,Livrée,Boutique
CMD00852,1,CL0144,PR0018,2024-09-03,2,35.16,0,Est,Livrée,En ligne
CMD00852,2,CL0144,PR0054,2024-09-03,2,41.66,0,Est,Livrée,En ligne
CMD00852,3,CL0144,PR0015,2024-09-03,1,38.03,0,Est,Livrée,En ligne
CMD00853,1,CL0169,PR0045,2024-11-25,1,10.99,0,Bretagne,En cours,En ligne
CMD00854,1,CL0125,PR0018,2025-03-05,3,2.70,0,Ouest,Livrée,Boutique
CMD00854,2,CL0125,PR0043,2025-03-05,4,46.84,0,Ouest,En cours,En ligne
CMD00854,3,CL0125,PR0030,2025-03-05,2,45.95,0,Ouest,Annulée,En ligne
CMD00855,1,CL0188,PR0052,2024-09-26,1,22.68,0,Bretagne,Livrée,Mobile
CMD00856,1,CL0110,PR0028,2024-01-27,4,7.03,0,Nord,Annulée,En ligne
CMD00856,2,CL0110,PR0011,2024-01-27,3,20.71,0,Nord,En cours,En ligne
CMD00856,3,CL0110,PR0051,2024-01-27,3,23.90,0,Nord,Livrée,Boutique
CMD00856,4,CL0110,PR0052,2024-01-27,1,25.30,0,Nord,Livrée,En ligne
CMD00857,1,CL0162,PR0030,2025-03-19,1,41.52,0.03,Sud,Annulée,Mobile
CMD00857,2,CL0162,PR0053,2025-03-19,3,8.08,0,Sud,Livrée,En ligne
CMD00858,1,CL0010,PR0013,2024-03-10,3,44.78,0,Nord,Livrée,En ligne
CMD00859,1,CL0105,PR0003,2024-06-12,5,16.83,0.06,Ouest,En cours,Mobile
CMD00860,1,CL0011,PR0016,2024-08-07,3,13.49,0,Auvergne-Rhône-Alpes,Livrée,Mobile
CMD00860,2,CL0011,PR0016,2024-08-07,1,31.71,0.22,Auvergne-Rhône-Alpes,Livrée,En ligne
CMD00861,1,CL0197,PR0051,2024-01-15,3,6.55,0,Île-de-France,En cours,Boutique
CMD00861,2,CL0197,PR0030,2024-01-15,4,6.48,0,Île-de-France,Livrée,Boutique
CMD00861,3,CL0197,PR0040,2024-01-15,2,6.36,0,Île-de-France,Annulée,Mobile
CMD00862,1,CL0161,PR0036,2025-11-07,5,14.79,0,Sud,Livrée,Mobile
CMD00862,2,CL0161,PR0019,2025-11-07,3,36.56,0,Sud,Annulée,Boutique
CMD00863,1,CL0116,PR0007,2024-01-06,5,3.41,0,Bretagne,Livrée,Boutique
CMD00863,2,CL0116,PR0058,2024-01-06,5,13.37,0,Bretagne,Livrée,En ligne
CMD00863,3,CL0116,PR0059,2024-01-06,5,4.73,0,Bretagne,Livrée,Boutique
CMD00863,4,CL0116,PR0011,2024-01-06,1,12.70,0,Bretagne,Livrée,En ligne
CMD00864,1,CL0023,PR0050,2024-07-09,2,34.57,0,Nord,Livrée,En ligne
CMD00864,2,CL0023,PR0037,2024-07-09,2,3.77,0,Nord,Livrée,Mobile
CMD00864,3,CL0023,PR0051,2024-07-09,3,43.34,0.20,Nord,Livrée,Boutique
CMD00864,4,CL0023,PR0041,2024-07-09,1,7.49,0.29,Nord,Livrée,Boutique
CMD00865,1,CL0069,PR0042,2025-07-21,1,18.50,0,Sud,Livrée,Boutique
CMD00865,2,CL0069,PR0019,2025-07-21,1,18.69,0.00,Sud,Livrée,Mobile
CMD00866,1,CL0078,PR0058,2024-10-27,5,5.60,0.17,Auvergne-Rhône-Alpes,Livrée,Mobile
CMD00866,2,CL0078,PR0058,2024-10-27,3,36.78,0.01,Auvergne-Rhône-Alpes,Livrée,En ligne
CMD00866,3,CL0078,PR0031,2024-10-27,2,18.77,0,Auvergne-Rhône-Alpes,En cours,Boutique
CMD00867,1,CL0032,PR0004,2024-07-08,4,8.20,0,Occitanie,Livrée,En ligne
CMD00867,2,CL0032,PR0002,2024-07-08,5,23.98,0.26,Occitanie,Livrée,En ligne
CMD00867,3,CL0032,PR0052,2024-07-08,5,13.87,0.18,Occitanie,Livrée,En ligne
CMD00867,4,CL0032,PR0018,2024-07-08,2,14.18,0,Occitanie,Annulée,Boutique
CMD00868,1,CL0094,PR0039,2025-12-15,5,2.09,0,Nord,Livrée,En ligne
CMD00868,2,CL0094,PR0060,2025-12-15,5,34.28,0,Nord,Annulée,En ligne
CMD00869,1,CL0122,PR0050,2024-02-24,1,21.44,0,Ouest,Livrée,Mobile
CMD00870,1,CL0158,PR0055,2025-08-25,2,46.41,0,Ouest,Livrée,Mobile
CMD00870,2,CL0158,PR0001,2025-08-25,1,42.18,0,Ouest,En cours,Mobile
CMD00871,1,CL0118,PR0037,2025-03-19,4,35.90,0,Nord,Livrée,Mobile
CMD00871,2,CL0118,PR0006,2025-03-19,3,40.50,0,Nord,Livrée,Mobile
CMD00871,3,CL0118,PR0059,2025-03-19,1,5.25,0,Nord,Livrée,Boutique
CMD00872,1,CL0050,PR0028,2024-02-10,3,27.65,0,Sud,Annulée,Boutique
CMD00873,1,CL0087,PR0038,2024-08-24,2,38.98,0,Ouest,Livrée,Mobile
CMD00873,2,CL0087,PR0033,2024-08-24,1,11.04,0,Ouest,En cours,Mobile
CMD00874,1,CL0005,PR0019,2025-01-03,4,26.92,0,Île-de-France,En cours,Mobile
CMD00874,2,CL0005,PR0053,2025-01-03,2,18.69,0,Île-de-France,Livrée,Boutique
CMD00874,3,CL0005,PR0006,2025-01-03,2,15.83,0,Île-de-France,Livrée,En ligne
CMD00874,4,CL0005,PR0012,2025-01-03,1,27.13,0,Île-de-France,Livrée,En ligne
CMD00875,1,CL0094,PR0058,2024-12-04,5,20.87,0,Nord,Livrée,Mobile
CMD00875,2,CL0094,PR0015,2024-12-04,2,11.86,0,Nord,Livrée,Boutique
CMD00875,3,CL0094,PR0054,2024-12-04,5,26.91,0,Nord,Livrée,En ligne
CMD00875,4,CL0094,PR0059,2024-12-04,2,31.88,0,Nord,Livrée,Mobile
CMD00876,1,CL0100,PR0027,2025-07-01,4,8.93,0,Sud,Livrée,Boutique
CMD00877,1,CL0136,PR0021,2024-12-14,3,46.43,0,Bretagne,Livrée,Boutique
CMD00877,2,CL0136,PR0008,2024-12-14,5,40.72,0.01,Bretagne,Annulée,En ligne
CMD00877,3,CL0136,PR0037,2024-12-14,2,36.58,0,Bretagne,En cours,Mobile
CMD00878,1,CL0068,PR0043,2025-10-07,4,5.35,0,Est,En cours,En ligne
CMD00879,1,CL0117,PR0057,2024-11-12,1,41.33,0,Auvergne-Rhône-Alpes,Livrée,Mobile
CMD00879,2,CL0117,PR0037,2024-11-12,1,24.03,0.08,Auvergne-Rhône-Alpes,Livrée,En ligne
CMD00879,3,CL0117,PR0016,2024-11-12,5,2.51,0,Auvergne-Rhône-Alpes,Annulée,En ligne
CMD00880,1,CL0014,PR0023,2024-11-15,1,24.35,0,Occitanie,Livrée,En ligne
CMD00880,2,CL0014,PR0002,2024-11-15,1,29.25,0,Occitanie,Livrée,Mobile
CMD00880,3,CL0014,PR0029,2024-11-15,2,2.44,0,Occitanie,En cours,En ligne
CMD00881,1,CL0027,PR0038,2025-07-05,5,28.91,0,Île-de-France,Livrée,Mobile
CMD00881,2,CL0027,PR0024,2025-07-05,3,45.87,0,Île-de-France,Annulée,Boutique
CMD00882,1,CL0125,PR0027,2024-05-12,4,18.74,0,Ouest,Annulée,En ligne
CMD00882,2,CL0125,PR0053,2024-05-12,5,2.71,0,Ouest,En cours,En ligne
CMD00883,1,CL0106,PR0007,2025-06-05,5,2.95,0,Auvergne-Rhône-Alpes,Livrée,Mobile
CMD00883,2,CL0106,PR0055,2025-06-05,1,33.19,0,Auvergne-Rhône-Alpes,Livrée,Mobile
CMD00883,3,CL0106,PR0054,2025-06-05,4,24.97,0,Auvergne-Rhône-Alpes,En cours,En ligne
CMD00883,4,CL0106,PR0025,2025-06-05,3,8.99,0,Auvergne-Rhône-Alpes,En cours,Mobile
CMD00884,1,CL0009,PR0029,2025-07-08,1,18.80,0,Est,Livrée,Boutique
CMD00884,2,CL0009,PR0032,2025-07-08,1,4.11,0,Est,Livrée,Mobile
CMD00884,3,CL0009,PR0035,2025-07-08,1,11.04,0,Est,Annulée,Boutique
CMD00884,4,CL0009,PR0008,2025-07-08,2,31.78,0,Est,Livrée,Mobile
CMD00885,1,CL0002,PR0010,2025-06-05,5,21.46,0.24,Occitanie,En cours,Mobile
CMD00885,2,CL0002,PR0005,2025-06-05,3,37.57,0,Occitanie,Livrée,En ligne
CMD00885,3,CL0002,PR0025,2025-06-05,3,5.47,0,Occitanie,Livrée,Boutique
CMD00885,4,CL0002,PR0003,2025-06-05,1,14.71,0,Occitanie,Livrée,Boutique
CMD00886,1,CL0006,PR0047,2025-08-09,4,39.53,0,Ouest,En cours,Boutique
CMD00886,2,CL0006,PR0031,2025-08-09,1,42.81,0,Ouest,Livrée,Boutique
CMD00886,3,CL0006,PR0059,2025-08-09,3,24.40,0,Ouest,Livrée,Boutique
CMD00887,1,CL0157,PR0017,2024-09-26,1,20.39,0,Île-de-France,Livrée,En ligne
CMD00887,2,CL0157,PR0039,2024-09-26,3,43.37,0,Île-de-France,Annulée,En ligne
CMD00888,1,CL0083,PR0049,2025-06-04,1,42.38,0,Bretagne,Annulée,En ligne
CMD00888,2,CL0083,PR0019,2025-06-04,4,29.09,0,Bretagne,Livrée,En ligne
CMD00889,1,CL0009,PR0018,2025-05-15,5,19.56,0,Est,Annulée,En ligne
CMD00890,1,CL0021,PR0056,2025-03-18,2,43.56,0,Île-de-France,Livrée,En ligne
CMD00891,1,CL0171,PR0017,2024-02-05,3,40.60,0,Bretagne,Annulée,Mobile
CMD00891,2,CL0171,PR0058,2024-02-05,3,32.17,0,Bretagne,Livrée,Mobile
CMD00891,3,CL0171,PR0055,2024-02-05,4,28.93,0,Bretagne,Livrée,Mobile
CMD00891,4,CL0171,PR0007,2024-02-05,4,30.77,0,Bretagne,Livrée,En ligne
CMD00892,1,CL0148,PR0058,2024-09-22,5,8.78,0,Auvergne-Rhône-Alpes,En cours,En ligne
CMD00892,2,CL0148,PR0059,2024-09-22,5,12.55,0,Auvergne-Rhône-Alpes,Livrée,Mobile
CMD00892,3,CL0148,PR0022,2024-09-22,5,6.76,0,Auvergne-Rhône-Alpes,Livrée,En ligne
CMD00892,4,CL0148,PR0017,2024-09-22,1,14.52,0,Auvergne-Rhône-Alpes,Livrée,Boutique
CMD00893,1,CL0022,PR0006,2024-08-12,1,29.34,0,Occitanie,En cours,En ligne
CMD00894,1,CL0183,PR0049,2024-06-23,4,43.41,0,Sud,En cours,Mobile
CMD00894,2,CL0183,PR0022,2024-06-23,1,31.94,0,Sud,Livrée,En ligne
CMD00895,1,CL0019,PR0051,2024-12-24,1,3.90,0,Est,Livrée,Mobile
CMD00895,2,CL0019,PR0024,2024-12-24,4,26.95,0,Est,Livrée,En ligne
CMD00895,3,CL0019,PR0034,2024-12-24,1,46.27,0,Est,Livrée,Mobile
CMD00895,4,CL0019,PR0035,2024-12-24,5,18.59,0,Est,Livrée,En ligne
CMD00896,1,CL0071,PR0056,2024-07-01,2,23.05,0,Sud,Livrée,Mobile
CMD00896,2,CL0071,PR0008,2024-07-01,5,38.79,0,Sud,Annulée,En ligne
CMD00897,1,CL0193,PR0033,2024-11-08,2,20.99,0.27,Ouest,Livrée,Mobile
CMD00897,2,CL0193,PR0015,2024-11-08,3,26.36,0,Ouest,Livrée,Mobile
CMD00898,1,CL0055,PR0048,2024-06-23,4,33.97,0,Est,Livrée,En ligne
CMD00898,2,CL0055,PR0022,2024-06-23,1,26.41,0,Est,En cours,En ligne
CMD00899,1,CL0175,PR0026,2025-05-07,3,32.35,0,Ouest,Livrée,En ligne
CMD00899,2,CL0175,PR0028,2025-05-07,1,40.68,0,Ouest,En cours,Boutique
CMD00899,3,CL0175,PR0018,2025-05-07,2,37.25,0.01,Ouest,Livrée,En ligne
CMD00899,4,CL0175,PR0034,2025-05-07,1,39.53,0.28,Ouest,Livrée,Mobile
CMD00900,1,CL0115,PR0048,2024-09-19,1,14.44,0,Auvergne-Rhône-Alpes,Livrée,Mobile
CMD00900,2,CL0115,PR0011,2024-09-19,4,45.85,0,Auvergne-Rhône-Alpes,Annulée,En ligne
CMD00901,1,CL0056,PR0057,2024-09-09,5,25.23,0,Occitanie,En cours,En ligne
CMD00901,2,CL0056,PR0016,2024-09-09,5,28.76,0,Occitanie,Livrée,En ligne
CMD00902,1,CL0039,PR0051,2024-03-17,2,9.95,0,Auvergne-Rhône-Alpes,Livrée,Boutique
CMD00902,2,CL0039,PR0047,2024-03-17,4,10.92,0,Auvergne-Rhône-Alpes,Livrée,En ligne
CMD00903,1,CL0110,PR0033,2025-04-28,5,6.65,0,Nord,Livrée,En ligne
CMD00904,1,CL0029,PR0019,2025-05-07,3,46.73,0,Île-de-France,Livrée,En ligne
CMD00904,2,CL0029,PR0041,2025-05-07,4,34.46,0,Île-de-France,Livrée,Mobile
CMD00905,1,CL0127,PR0053,2024-07-13,3,6.82,0,Est,Livrée,Mobile
CMD00905,2,CL0127,PR0039,2024-07-13,5,45.70,0,Est,Livrée,Mobile
CMD00905,3,CL0127,PR0045,2024-07-13,4,11.85,0.24,Est,Annulée,En ligne
CMD00906,1,CL0163,PR0039,2025-12-05,5,33.62,0,Est,Livrée,Mobile
CMD00906,2,CL0163,PR0032,2025-12-05,3,7.63,0,Est,Livrée,En ligne
CMD00907,1,CL0168,PR0009,2024-11-22,2,17.56,0,Bretagne,Livrée,En ligne
CMD00907,2,CL0168,PR0060,2024-11-22,5,36.82,0,Bretagne,Livrée,Mobile
CMD00908,1,CL0102,PR0014,2025-06-05,3,3.11,0,Est,En cours,En ligne
CMD00908,2,CL0102,PR0005,2025-06-05,1,34.66,0,Est,Livrée,Boutique
CMD00908,3,CL0102,PR0027,2025-06-05,1,22.84,0,Est,En cours,Mobile
CMD00909,1,CL0021,PR0015,2024-12-28,4,10.27,0.04,Île-de-France,Livrée,Mobile
CMD00909,2,CL0021,PR0059,2024-12-28,4,5.89,0.25,Île-de-France,Annulée,En ligne
CMD00909,3,CL0021,PR0052,2024-12-28,5,34.31,0,Île-de-France,Livrée,Boutique
CMD00909,4,CL0021,PR0028,2024-12-28,1,45.62,0,Île-de-France,Livrée,Mobile
CMD00910,1,CL0095,PR0059,2024-09-25,4,15.00,0,Île-de-France,En cours,En ligne
CMD00910,2,CL0095,PR0051,2024-09-25,5,35.00,0,Île-de-France,Annulée,En ligne
CMD00911,1,CL0123,PR0013,2024-03-21,4,2.05,0,Est,En cours,Mobile
CMD00911,2,CL0123,PR0008,2024-03-21,2,19.01,0,Est,Livrée,Boutique
CMD00911,3,CL0123,PR0032,2024-03-21,5,30.33,0,Est,Livrée,Mobile
CMD00911,4,CL0123,PR0018,2024-03-21,2,30.59,0,Est,Livrée,En ligne
CMD00912,1,CL0060,PR0018,2025-07-21,1,8.00,0.05,Auvergne-Rhône-Alpes,Livrée,Boutique
CMD00912,2,CL0060,PR0016,2025-07-21,3,35.83,0,Auvergne-Rhône-Alpes,Livrée,En ligne
CMD00912,3,CL0060,PR0043,2025-07-21,2,30.39,0,Auvergne-Rhône-Alpes,Livrée,Boutique
CMD00912,4,CL0060,PR0031,2025-07-21,5,41.25,0,Auvergne-Rhône-Alpes,Annulée,Mobile
CMD00913,1,CL0180,PR0053,2025-01-05,2,12.86,0.15,Île-de-France,En cours,Boutique
CMD00913,2,CL0180,PR0032,2025-01-05,2,25.11,0,Île-de-France,Livrée,Mobile
CMD00914,1,CL0200,PR0060,2024-06-07,2,37.88,0,Bretagne,Livrée,Mobile
CMD00914,2,CL0200,PR0032,2024-06-07,5,28.49,0,Bretagne,Livrée,En ligne
CMD00915,1,CL0125,PR0030,2024-10-21,4,34.70,0,Ouest,Livrée,Boutique
CMD00915,2,CL0125,PR0038,2024-10-21,5,37.02,0,Ouest,Livrée,Mobile
CMD00915,3,CL0125,PR0008,2024-10-21,2,11.89,0,Ouest,Livrée,En ligne
CMD00915,4,CL0125,PR0036,2024-10-21,2,17.76,0,Ouest,Livrée,Boutique
CMD00916,1,CL0099,PR0001,2025-05-05,5,17.40,0,Est,Livrée,Boutique
CMD00916,2,CL0099,PR0043,2025-05-05,4,10.25,0,Est,En cours,Mobile
CMD00917,1,CL0159,PR0036,2025-12-25,5,29.27,0.17,Auvergne-Rhône-Alpes,Annulée,Boutique
CMD00917,2,CL0159,PR0033,2025-12-25,4,20.70,0.20,Auvergne-Rhône-Alpes,Livrée,Mobile
CMD00918,1,CL0065,PR0034,2025-09-18,2,22.38,0,Occitanie,Annulée,Mobile
CMD00918,2,CL0065,PR0034,2025-09-18,2,27.04,0,Occitanie,Livrée,Mobile
CMD00919,1,CL0106,PR0029,2025-08-01,5,14.18,0,Auvergne-Rhône-Alpes,Livrée,En ligne
CMD00919,2,CL0106,PR0018,2025-08-01,1,11.25,0,Auvergne-Rhône-Alpes,Livrée,En ligne
CMD00920,1,CL0006,PR0043,2025-08-21,4,8.97,0.24,Ouest,Livrée,Mobile
CMD00920,2,CL0006,PR0026,2025-08-21,1,44.95,0,Ouest,Livrée,En ligne
CMD00920,3,CL0006,PR0047,2025-08-21,4,3.56,0,Ouest,Livrée,En ligne
CMD00920,4,CL0006,PR0026,2025-08-21,4,34.13,0,Ouest,Annulée,En ligne
CMD00921,1,CL0109,PR0040,2025-09-02,3,37.55,0,Occitanie,Livrée,Mobile
CMD00922,1,CL0135,PR0006,2025-01-20,3,33.70,0,Auvergne-Rhône-Alpes,Livrée,Mobile
CMD00922,2,CL0135,PR0024,2025-01-20,3,6.51,0.18,Auvergne-Rhône-Alpes,Livrée,Boutique
CMD00923,1,CL0007,PR0017,2024-06-26,2,36.14,0.29,Est,Livrée,Boutique
CMD00924,1,CL0122,PR0049,2025-05-14,1,20.39,0,Ouest,Livrée,Mobile
CMD00924,2,CL0122,PR0001,2025-05-14,4,29.27,0,Ouest,Livrée,Boutique
CMD00924,3,CL0122,PR0039,2025-05-14,5,31.96,0.07,Ouest,Annulée,Boutique
CMD00925,1,CL0161,PR0053,2024-01-04,5,44.97,0.02,Sud,Livrée,En ligne
CMD00925,2,CL0161,PR0059,2024-01-04,5,25.61,0.11,Sud,Livrée,Mobile
CMD00926,1,CL0092,PR0058,2024-10-16,1,25.19,0,Ouest,Livrée,Mobile
CMD00926,2,CL0092,PR0032,2024-10-16,3,18.20,0,Ouest,Annulée,En ligne
CMD00926,3,CL0092,PR0018,2024-10-16,1,2.42,0,Ouest,Livrée,Boutique
CMD00927,1,CL0200,PR0039,2025-09-24,5,37.99,0,Bretagne,Livrée,Mobile
CMD00927,2,CL0200,PR0028,2025-09-24,3,40.55,0,Bretagne,En cours,Mobile
CMD00927,3,CL0200,PR0001,2025-09-24,2,19.19,0,Bretagne,Livrée,Mobile
CMD00927,4,CL0200,PR0047,2025-09-24,5,27.66,0,Bretagne,Livrée,Mobile
CMD00928,1,CL0067,PR0047,2024-09-27,2,11.37,0,Ouest,Livrée,En ligne
CMD00928,2,CL0067,PR0018,2024-09-27,3,27.02,0,Ouest,Livrée,En ligne
CMD00928,3,CL0067,PR0021,2024-09-27,5,5.18,0,Ouest,Livrée,Mobile
CMD00929,1,CL0200,PR0020,2024-05-22,5,8.94,0.25,Bretagne,En cours,Mobile
CMD00929,2,CL0200,PR0057,2024-05-22,5,7.36,0,Bretagne,Livrée,Boutique
CMD00929,3,CL0200,PR0045,2024-05-22,1,16.21,0,Bretagne,En cours,Mobile
CMD00930,1,CL0039,PR0035,2025-12-12,5,31.86,0.16,Auvergne-Rhône-Alpes,Livrée,En ligne
CMD00931,1,CL0153,PR0023,2024-11-17,1,20.92,0,Sud,Livrée,Mobile
CMD00931,2,CL0153,PR0055,2024-11-17,3,37.81,0,Sud,Livrée,En ligne
CMD00931,3,CL0153,PR0046,2024-11-17,2,44.50,0,Sud,En cours,En ligne
CMD00932,1,CL0124,PR0014,2024-09-11,4,23.72,0,Est,Livrée,Boutique
CMD00933,1,CL0131,PR0014,2024-12-28,2,28.83,0,Auvergne-Rhône-Alpes,Livrée,Mobile
CMD00933,2,CL0131,PR0017,2024-12-28,3,34.14,0,Auvergne-Rhône-Alpes,Annulée,En ligne
CMD00933,3,CL0131,PR0014,2024-12-28,4,40.65,0.05,Auvergne-Rhône-Alpes,Livrée,En ligne
CMD00933,4,CL0131,PR0022,2024-12-28,4,40.19,0,Auvergne-Rhône-Alpes,Livrée,En ligne
CMD00934,1,CL0023,PR0002,2025-12-05,5,29.62,0,Nord,Livrée,En ligne
CMD00935,1,CL0072,PR0034,2025-11-26,5,32.38,0,Île-de-France,Livrée,Boutique
CMD00935,2,CL0072,PR0023,2025-11-26,4,44.26,0,Île-de-France,En cours,En ligne
CMD00935,3,CL0072,PR0040,2025-11-26,5,12.14,0.07,Île-de-France,Livrée,En ligne
CMD00936,1,CL0180,PR0024,2025-03-07,5,44.18,0,Île-de-France,Livrée,Boutique
CMD00936,2,CL0180,PR0017,2025-03-07,4,43.53,0,Île-de-France,Annulée,Boutique
CMD00937,1,CL0019,PR0011,2024-01-11,5,23.22,0,Est,Annulée,Mobile
CMD00938,1,CL0092,PR0057,2025-11-20,4,26.52,0,Ouest,Livrée,Mobile
CMD00938,2,CL0092,PR0038,2025-11-20,2,16.62,0,Ouest,En cours,En ligne
CMD00938,3,CL0092,PR0017,2025-11-20,3,26.64,0,Ouest,Livrée,Mobile
CMD00938,4,CL0092,PR0029,2025-11-20,5,26.32,0,Ouest,Livrée,Boutique
CMD00939,1,CL0003,PR0057,2024-08-26,4,41.04,0,Est,Livrée,Mobile
CMD00939,2,CL0003,PR0059,2024-08-26,3,17.30,0,Est,Livrée,Boutique
CMD00939,3,CL0003,PR0056,2024-08-26,1,35.39,0,Est,Livrée,Boutique
CMD00939,4,CL0003,PR0036,2024-08-26,5,37.57,0.14,Est,Livrée,Boutique
CMD00940,1,CL0020,PR0036,2025-06-15,1,34.50,0.02,Bretagne,Livrée,Mobile
CMD00940,2,CL0020,PR0022,2025-06-15,4,3.66,0,Bretagne,Livrée,Mobile
CMD00940,3,CL0020,PR0039,2025-06-15,1,3.37,0,Bretagne,Livrée,En ligne
CMD00940,4,CL0020,PR0059,2025-06-15,4,24.88,0,Bretagne,Livrée,Boutique
CMD00941,1,CL0143,PR0038,2024-02-26,5,31.22,0,Auvergne-Rhône-Alpes,Livrée,Boutique
CMD00941,2,CL0143,PR0053,2024-02-26,2,39.78,0,Auvergne-Rhône-Alpes,En cours,Mobile
CMD00941,3,CL0143,PR0036,2024-02-26,5,46.49,0,Auvergne-Rhône-Alpes,Livrée,En ligne
CMD00942,1,CL0105,PR0026,2024-06-03,3,7.96,0,Ouest,Livrée,En ligne
CMD00943,1,CL0153,PR0007,2024-02-15,4,38.43,0,Sud,Livrée,Boutique
CMD00944,1,CL0099,PR0018,2025-07-16,1,46.41,0.26,Est,Livrée,Mobile
CMD00944,2,CL0099,PR0058,2025-07-16,1,14.91,0,Est,Livrée,Mobile
CMD00945,1,CL0034,PR0029,2025-01-28,1,37.96,0,Île-de-France,En cours,Mobile
CMD00945,2,CL0034,PR0002,2025-01-28,2,34.92,0,Île-de-France,Livrée,Mobile
CMD00946,1,CL0119,PR0012,2025-01-19,5,23.21,0,Auvergne-Rhône-Alpes,Livrée,En ligne
CMD00946,2,CL0119,PR0031,2025-01-19,2,35.18,0,Auvergne-Rhône-Alpes,Livrée,En ligne
CMD00946,3,CL0119,PR0032,2025-01-19,2,16.40,0,Auvergne-Rhône-Alpes,Livrée,En ligne
CMD00946,4,CL0119,PR0049,2025-01-19,2,14.00,0,Auvergne-Rhône-Alpes,Livrée,Boutique
CMD00947,1,CL0006,PR0053,2025-07-03,1,9.47,0,Ouest,Annulée,En ligne
CMD00947,2,CL0006,PR0036,2025-07-03,1,32.95,0,Ouest,Livrée,Boutique
CMD00947,3,CL0006,PR0036,2025-07-03,4,42.54,0,Ouest,Livrée,Boutique
CMD00947,4,CL0006,PR0002,2025-07-03,5,29.59,0,Ouest,Annulée,Mobile
CMD00948,1,CL0109,PR0024,2025-07-15,3,23.45,0,Occitanie,Annulée,Boutique
CMD00948,2,CL0109,PR0059,2025-07-15,2,17.84,0,Occitanie,Livrée,Mobile
CMD00948,3,CL0109,PR0023,2025-07-15,5,20.66,0,Occitanie,Annulée,Mobile
CMD00949,1,CL0178,PR0009,2024-09-04,3,36.94,0,Ouest,Livrée,En ligne
CMD00949,2,CL0178,PR0051,2024-09-04,5,40.92,0,Ouest,Livrée,Boutique
CMD00949,3,CL0178,PR0013,2024-09-04,1,12.35,0,Ouest,Annulée,Mobile
CMD00950,1,CL0152,PR0031,2025-06-21,3,35.20,0,Auvergne-Rhône-Alpes,Livrée,Boutique
CMD00950,2,CL0152,PR0025,2025-06-21,5,23.80,0,Auvergne-Rhône-Alpes,En cours,Boutique
CMD00950,3,CL0152,PR0045,2025-06-21,2,18.34,0,Auvergne-Rhône-Alpes,En cours,Boutique
CMD00951,1,CL0024,PR0028,2025-11-21,2,17.54,0,Est,Livrée,En ligne
CMD00951,2,CL0024,PR0042,2025-11-21,3,45.74,0,Est,En cours,En ligne
CMD00951,3,CL0024,PR0054,2025-11-21,2,9.19,0,Est,En cours,Mobile
CMD00952,1,CL0040,PR0054,2024-03-01,5,29.60,0,Occitanie,Livrée,Boutique
CMD00952,2,CL0040,PR0027,2024-03-01,3,36.30,0.08,Occitanie,En cours,Mobile
CMD00953,1,CL0107,PR0045,2025-11-18,4,8.71,0,Auvergne-Rhône-Alpes,Livrée,En ligne
CMD00954,1,CL0198,PR0023,2025-05-21,1,36.48,0.02,Sud,Livrée,En ligne
CMD00954,2,CL0198,PR0004,2025-05-21,4,32.32,0,Sud,Livrée,Mobile
CMD00955,1,CL0069,PR0034,2024-05-26,3,36.55,0,Sud,En cours,En ligne
CMD00955,2,CL0069,PR0045,2024-05-26,3,4.81,0,Sud,En cours,En ligne
CMD00955,3,CL0069,PR0021,2024-05-26,5,18.61,0,Sud,Livrée,Mobile
CMD00956,1,CL0098,PR0019,2024-03-02,3,30.78,0,Ouest,En cours,Boutique
CMD00956,2,CL0098,PR0044,2024-03-02,1,43.03,0,Ouest,Livrée,En ligne
CMD00956,3,CL0098,PR0018,2024-03-02,1,4.05,0.27,Ouest,Livrée,Mobile
CMD00957,1,CL0026,PR0014,2024-12-09,2,38.32,0,Nord,Annulée,Boutique
CMD00957,2,CL0026,PR0016,2024-12-09,1,39.67,0,Nord,Livrée,En ligne
CMD00957,3,CL0026,PR0007,2024-12-09,2,16.54,0,Nord,Annulée,En ligne
CMD00957,4,CL0026,PR0023,2024-12-09,1,22.62,0,Nord,Annulée,En ligne
CMD00958,1,CL0012,PR0054,2024-02-04,1,11.98,0,Auvergne-Rhône-Alpes,En cours,Boutique
CMD00958,2,CL0012,PR0029,2024-02-04,1,8.98,0.27,Auvergne-Rhône-Alpes,Livrée,En ligne
CMD00958,3,CL0012,PR0005,2024-02-04,2,43.83,0.29,Auvergne-Rhône-Alpes,Livrée,Boutique
CMD00958,4,CL0012,PR0005,2024-02-04,2,36.28,0.23,Auvergne-Rhône-Alpes,Annulée,Boutique
CMD00959,1,CL0120,PR0025,2024-11-23,2,43.54,0.01,Sud,Livrée,Mobile
CMD00959,2,CL0120,PR0036,2024-11-23,4,20.56,0,Sud,En cours,Boutique
CMD00959,3,CL0120,PR0036,2024-11-23,3,13.00,0,Sud,Livrée,En ligne
CMD00960,1,CL0147,PR0009,2025-07-05,5,24.69,0,Nord,Livrée,Boutique
CMD00960,2,CL0147,PR0008,2025-07-05,4,17.06,0,Nord,Livrée,En ligne
CMD00961,1,CL0087,PR0007,2025-07-19,4,8.98,0,Ouest,Livrée,En ligne
CMD00961,2,CL0087,PR0026,2025-07-19,4,6.69,0,Ouest,Livrée,En ligne
CMD00961,3,CL0087,PR0027,2025-07-19,2,17.95,0,Ouest,Livrée,Mobile
CMD00961,4,CL0087,PR0022,2025-07-19,4,17.22,0,Ouest,Livrée,En ligne
CMD00962,1,CL0061,PR0058,2024-10-05,4,29.91,0,Auvergne-Rhône-Alpes,Livrée,En ligne
CMD00962,2,CL0061,PR0058,2024-10-05,3,4.24,0,Auvergne-Rhône-Alpes,Livrée,Mobile
CMD00962,3,CL0061,PR0044,2024-10-05,3,38.35,0.26,Auvergne-Rhône-Alpes,En cours,En ligne
CMD00962,4,CL0061,PR0024,2024-10-05,1,45.68,0,Auvergne-Rhône-Alpes,Livrée,Mobile
CMD00963,1,CL0051,PR0043,2024-01-25,5,7.52,0,Auvergne-Rhône-Alpes,Livrée,En ligne
CMD00963,2,CL0051,PR0051,2024-01-25,1,15.83,0.05,Auvergne-Rhône-Alpes,En cours,En ligne
CMD00964,1,CL0115,PR0024,2025-05-02,3,5.43,0,Auvergne-Rhône-Alpes,Livrée,Mobile
CMD00965,1,CL0079,PR0039,2024-08-08,4,10.70,0,Île-de-France,Livrée,En ligne
CMD00965,2,CL0079,PR0013,2024-08-08,3,16.04,0.28,Île-de-France,Livrée,Mobile
CMD00965,3,CL0079,PR0029,2024-08-08,2,19.18,0,Île-de-France,En cours,Mobile
CMD00966,1,CL0033,PR0029,2025-04-04,3,7.94,0,Auvergne-Rhône-Alpes,En cours,En ligne
CMD00966,2,CL0033,PR0016,2025-04-04,3,10.15,0,Auvergne-Rhône-Alpes,Livrée,Mobile
CMD00966,3,CL0033,PR0058,2025-04-04,3,15.92,0,Auvergne-Rhône-Alpes,Livrée,Mobile
CMD00966,4,CL0033,PR0007,2025-04-04,5,40.12,0.08,Auvergne-Rhône-Alpes,Livrée,Boutique
CMD00967,1,CL0070,PR0042,2024-11-10,1,10.90,0,Sud,Livrée,Mobile
CMD00967,2,CL0070,PR0040,2024-11-10,3,22.46,0,Sud,Livrée,Mobile
CMD00967,3,CL0070,PR0060,2024-11-10,2,2.87,0.05,Sud,En cours,Mobile
CMD00967,4,CL0070,PR0021,2024-11-10,4,18.42,0,Sud,Livrée,Boutique
CMD00968,1,CL0061,PR0033,2024-05-25,3,34.38,0,Auvergne-Rhône-Alpes,Livrée,En ligne
CMD00968,2,CL0061,PR0027,2024-05-25,5,27.82,0,Auvergne-Rhône-Alpes,Livrée,En ligne
CMD00968,3,CL0061,PR0050,2024-05-25,4,32.97,0,Auvergne-Rhône-Alpes,Annulée,Boutique
CMD00969,1,CL0134,PR0028,2025-05-27,4,20.50,0,Ouest,Livrée,Mobile
CMD00970,1,CL0136,PR0009,2024-12-14,2,25.00,0,Bretagne,En cours,Boutique
CMD00970,2,CL0136,PR0005,2024-12-14,5,10.05,0.10,Bretagne,Livrée,Mobile
CMD00971,1,CL0008,PR0045,2024-10-16,5,37.65,0,Occitanie,Livrée,En ligne
CMD00971,2,CL0008,PR0031,2024-10-16,4,2.37,0,Occitanie,Annulée,Mobile
CMD00971,3,CL0008,PR0006,2024-10-16,4,9.51,0.17,Occitanie,Livrée,Mobile
CMD00971,4,CL0008,PR0022,2024-10-16,2,46.38,0,Occitanie,Livrée,Mobile
CMD00972,1,CL0136,PR0021,2024-01-25,5,17.91,0,Bretagne,Livrée,Mobile
CMD00972,2,CL0136,PR0053,2024-01-25,5,46.54,0.20,Bretagne,Livrée,Boutique
CMD00972,3,CL0136,PR0048,2024-01-25,1,14.54,0,Bretagne,Livrée,En ligne
CMD00972,4,CL0136,PR0030,2024-01-25,3,3.93,0,Bretagne,Livrée,Boutique
CMD00973,1,CL0108,PR0013,2025-09-08,2,35.21,0.00,Auvergne-Rhône-Alpes,Livrée,En ligne
CMD00973,2,CL0108,PR0035,2025-09-08,4,25.66,0,Auvergne-Rhône-Alpes,Livrée,Mobile
CMD00974,1,CL0146,PR0054,2025-11-13,1,26.01,0,Nord,Annulée,Boutique
CMD00974,2,CL0146,PR0050,2025-11-13,1,44.03,0,Nord,En cours,En ligne
CMD00974,3,CL0146,PR0031,2025-11-13,4,44.74,0.21,Nord,Livrée,Boutique
CMD00975,1,CL0029,PR0012,2025-03-18,2,31.45,0,Île-de-France,Livrée,En ligne
CMD00975,2,CL0029,PR0014,2025-03-18,2,17.14,0.22,Île-de-France,Livrée,En ligne
CMD00975,3,CL0029,PR0033,2025-03-18,3,46.47,0.28,Île-de-France,Livrée,Boutique
CMD00976,1,CL0045,PR0019,2025-12-28,2,14.94,0,Sud,Livrée,Boutique
CMD00976,2,CL0045,PR0047,2025-12-28,2,8.34,0,Sud,Annulée,Mobile
CMD00976,3,CL0045,PR0021,2025-12-28,1,5.62,0,Sud,Livrée,Mobile
CMD00976,4,CL0045,PR0040,2025-12-28,4,40.64,0,Sud,En cours,Mobile
CMD00977,1,CL0116,PR0022,2024-11-03,2,34.02,0,Bretagne,Livrée,En ligne
CMD00977,2,CL0116,PR0043,2024-11-03,4,16.47,0,Bretagne,Annulée,Boutique
CMD00977,3,CL0116,PR0040,2024-11-03,2,22.03,0.18,Bretagne,En cours,Boutique
CMD00978,1,CL0064,PR0018,2025-08-14,1,36.99,0.02,Est,Annulée,Mobile
CMD00978,2,CL0064,PR0041,2025-08-14,5,36.91,0,Est,Livrée,En ligne
CMD00979,1,CL0134,PR0029,2025-09-11,3,19.82,0,Ouest,Livrée,En ligne
CMD00979,2,CL0134,PR0059,2025-09-11,4,45.12,0,Ouest,Livrée,Boutique
CMD00979,3,CL0134,PR0005,2025-09-11,5,13.33,0.26,Ouest,Livrée,Mobile
CMD00980,1,CL0006,PR0002,2025-09-17,3,13.11,0.28,Ouest,En cours,En ligne
CMD00980,2,CL0006,PR0004,2025-09-17,2,26.54,0,Ouest,En cours,En ligne
CMD00980,3,CL0006,PR0055,2025-09-17,1,7.71,0,Ouest,Livrée,Mobile
CMD00981,1,CL0178,PR0029,2025-02-07,1,27.40,0,Ouest,Livrée,En ligne
CMD00981,2,CL0178,PR0020,2025-02-07,3,43.12,0.29,Ouest,Annulée,En ligne
CMD00981,3,CL0178,PR0035,2025-02-07,4,22.81,0.21,Ouest,Livrée,Boutique
CMD00981,4,CL0178,PR0031,2025-02-07,2,20.37,0,Ouest,Livrée,Boutique
CMD00982,1,CL0189,PR0009,2024-12-20,2,14.09,0,Sud,Livrée,Boutique
CMD00982,2,CL0189,PR0036,2024-12-20,1,13.69,0,Sud,Livrée,Mobile
CMD00983,1,CL0168,PR0004,2024-12-10,2,16.61,0,Bretagne,Livrée,Mobile
CMD00984,1,CL0121,PR0003,2025-05-02,2,22.68,0,Île-de-France,Livrée,En ligne
CMD00984,2,CL0121,PR0046,2025-05-02,2,24.42,0,Île-de-France,En cours,Mobile
CMD00984,3,CL0121,PR0029,2025-05-02,4,38.83,0,Île-de-France,Annulée,En ligne
CMD00984,4,CL0121,PR0058,2025-05-02,1,13.47,0,Île-de-France,Livrée,En ligne
CMD00985,1,CL0057,PR0001,2024-11-16,3,34.52,0,Est,Annulée,Boutique
CMD00985,2,CL0057,PR0001,2024-11-16,1,12.94,0,Est,Livrée,Mobile
CMD00985,3,CL0057,PR0023,2024-11-16,4,41.91,0,Est,Livrée,En ligne
CMD00986,1,CL0004,PR0052,2025-12-09,2,25.29,0,Est,Livrée,Mobile
CMD00986,2,CL0004,PR0042,2025-12-09,2,3.46,0.02,Est,Livrée,Boutique
CMD00986,3,CL0004,PR0027,2025-12-09,5,12.13,0,Est,Annulée,Boutique
CMD00986,4,CL0004,PR0046,2025-12-09,5,46.31,0.06,Est,Livrée,En ligne
CMD00987,1,CL0111,PR0056,2025-08-06,4,34.32,0,Sud,Livrée,En ligne
CMD00987,2,CL0111,PR0059,2025-08-06,1,18.14,0,Sud,Livrée,En ligne
CMD00988,1,CL0142,PR0046,2024-04-20,2,45.47,0,Ouest,Livrée,Boutique
CMD00989,1,CL0078,PR0032,2024-05-03,1,21.99,0,Auvergne-Rhône-Alpes,Annulée,Mobile
CMD00989,2,CL0078,PR0037,2024-05-03,3,40.50,0,Auvergne-Rhône-Alpes,Livrée,En ligne
CMD00990,1,CL0058,PR0008,2024-04-10,2,25.98,0,Bretagne,Livrée,Mobile
CMD00990,2,CL0058,PR0013,2024-04-10,5,4.72,0,Bretagne,En cours,Mobile
CMD00991,1,CL0027,PR0006,2025-08-01,4,2.33,0,Île-de-France,En cours,En ligne
CMD00992,1,CL0197,PR0052,2025-01-13,1,2.83,0.02,Île-de-France,Livrée,Boutique
CMD00993,1,CL0139,PR0035,2025-04-27,5,7.17,0,Bretagne,Annulée,Boutique
CMD00993,2,CL0139,PR0051,2025-04-27,2,10.42,0,Bretagne,Livrée,En ligne
CMD00994,1,CL0040,PR0056,2024-03-03,2,30.10,0.22,Occitanie,Livrée,Mobile
CMD00994,2,CL0040,PR0041,2024-03-03,2,11.85,0,Occitanie,Livrée,Mobile
CMD00994,3,CL0040,PR0042,2024-03-03,2,37.98,0.14,Occitanie,Livrée,En ligne
CMD00994,4,CL0040,PR0013,2024-03-03,4,40.46,0.06,Occitanie,En cours,Boutique
CMD00995,1,CL0085,PR0006,2025-04-07,4,14.68,0,Sud,En cours,Boutique
CMD00995,2,CL0085,PR0006,2025-04-07,3,13.55,0,Sud,Livrée,Boutique
CMD00995,3,CL0085,PR0005,2025-04-07,4,13.97,0,Sud,Livrée,Mobile
CMD00996,1,CL0143,PR0029,2025-07-17,3,42.01,0,Auvergne-Rhône-Alpes,Livrée,Mobile
CMD00996,2,CL0143,PR0002,2025-07-17,3,28.17,0,Auvergne-Rhône-Alpes,Livrée,En ligne
CMD00997,1,CL0078,PR0021,2025-03-14,5,24.78,0,Auvergne-Rhône-Alpes,Annulée,En ligne
CMD00997,2,CL0078,PR0023,2025-03-14,4,5.66,0,Auvergne-Rhône-Alpes,Annulée,Boutique
CMD00997,3,CL0078,PR0002,2025-03-14,5,18.65,0,Auvergne-Rhône-Alpes,Livrée,Mobile
CMD00998,1,CL0073,PR0040,2025-06-01,1,28.22,0,Nord,Annulée,Boutique
CMD00998,2,CL0073,PR0031,2025-06-01,4,18.61,0,Nord,Annulée,Mobile
CMD00998,3,CL0073,PR0041,2025-06-01,4,20.61,0,Nord,Livrée,En ligne
CMD00998,4,CL0073,PR0049,2025-06-01,2,36.60,0,Nord,Livrée,En ligne
CMD00999,1,CL0138,PR0053,2025-09-01,1,17.52,0.11,Île-de-France,Livrée,Boutique
CMD00999,2,CL0138,PR0002,2025-09-01,5,20.31,0,Île-de-France,Livrée,En ligne
CMD01000,1,CL0132,PR0020,2024-09-15,2,27.64,0.07,Auvergne-Rhône-Alpes,En cours,En ligne
CMD01000,2,CL0132,PR0047,2024-09-15,1,9.14,0,Auvergne-Rhône-Alpes,Livrée,Mobile
CMD01000,3,CL0132,PR0011,2024-09-15,3,34.54,0,Auvergne-Rhône-Alpes,Livrée,En ligne
CMD01000,4,CL0132,PR0045,2024-09-15,1,18.58,0,Auvergne-Rhône-Alpes,Livrée,Boutique
CMD01001,1,CL0131,PR0019,2024-07-20,3,26.00,0,Auvergne-Rhône-Alpes,Livrée,En ligne
CMD01001,2,CL0131,PR0036,2024-07-20,1,30.92,0,Auvergne-Rhône-Alpes,En cours,En ligne
CMD01001,3,CL0131,PR0002,2024-07-20,2,42.35,0.09,Auvergne-Rhône-Alpes,Livrée,Boutique
CMD01001,4,CL0131,PR0053,2024-07-20,2,34.89,0,Auvergne-Rhône-Alpes,Livrée,Mobile
CMD01002,1,CL0194,PR0038,2025-01-05,2,2.02,0.07,Île-de-France,Livrée,Mobile
CMD01002,2,CL0194,PR0009,2025-01-05,4,35.06,0,Île-de-France,Livrée,Boutique
CMD01002,3,CL0194,PR0021,2025-01-05,3,21.96,0,Île-de-France,Livrée,Boutique
CMD01003,1,CL0016,PR0001,2024-05-06,2,43.15,0,Ouest,Livrée,Boutique
CMD01003,2,CL0016,PR0025,2024-05-06,5,29.17,0,Ouest,Livrée,Mobile
CMD01003,3,CL0016,PR0032,2024-05-06,4,15.75,0.12,Ouest,Livrée,En ligne
CMD01004,1,CL0196,PR0003,2025-10-04,3,46.44,0,Auvergne-Rhône-Alpes,Livrée,Boutique
CMD01004,2,CL0196,PR0047,2025-10-04,3,34.47,0,Auvergne-Rhône-Alpes,Livrée,En ligne
CMD01005,1,CL0046,PR0045,2025-12-28,1,27.13,0,Île-de-France,Livrée,Boutique
CMD01005,2,CL0046,PR0047,2025-12-28,2,13.75,0,Île-de-France,Livrée,Mobile
CMD01005,3,CL0046,PR0048,2025-12-28,1,3.88,0,Île-de-France,Livrée,Boutique
CMD01005,4,CL0046,PR0034,2025-12-28,2,7.32,0,Île-de-France,En cours,En ligne
CMD01006,1,CL0016,PR0023,2025-09-17,3,18.51,0.07,Ouest,Livrée,Mobile
CMD01006,2,CL0016,PR0031,2025-09-17,3,43.85,0,Ouest,Livrée,Boutique
CMD01006,3,CL0016,PR0031,2025-09-17,3,6.63,0,Ouest,Livrée,Boutique
CMD01007,1,CL0161,PR0018,2025-05-22,2,45.15,0.11,Sud,En cours,Boutique
CMD01007,2,CL0161,PR0029,2025-05-22,4,3.58,0,Sud,Livrée,En ligne
CMD01007,3,CL0161,PR0021,2025-05-22,3,45.63,0.26,Sud,Livrée,Boutique
CMD01008,1,CL0142,PR0024,2025-11-22,2,27.84,0,Ouest,Livrée,Mobile
CMD01008,2,CL0142,PR0008,2025-11-22,4,32.56,0,Ouest,Livrée,Boutique
CMD01008,3,CL0142,PR0005,2025-11-22,3,41.99,0,Ouest,Livrée,Boutique
CMD01008,4,CL0142,PR0023,2025-11-22,5,40.43,0,Ouest,En cours,Mobile
CMD01009,1,CL0179,PR0010,2025-12-09,1,31.97,0,Nord,Livrée,Mobile
CMD01009,2,CL0179,PR0054,2025-12-09,2,44.03,0.25,Nord,En cours,En ligne
CMD01009,3,CL0179,PR0019,2025-12-09,4,2.48,0,Nord,Livrée,En ligne
CMD01009,4,CL0179,PR0011,2025-12-09,2,27.22,0,Nord,Annulée,En ligne
CMD01010,1,CL0104,PR0019,2024-07-06,5,29.66,0,Île-de-France,Livrée,Mobile
CMD01010,2,CL0104,PR0060,2024-07-06,4,26.17,0,Île-de-France,En cours,Mobile
CMD01010,3,CL0104,PR0020,2024-07-06,4,28.45,0.28,Île-de-France,Annulée,En ligne
CMD01010,4,CL0104,PR0024,2024-07-06,3,42.61,0,Île-de-France,Livrée,Boutique
CMD01011,1,CL0199,PR0040,2025-07-02,2,14.11,0,Île-de-France,Livrée,Boutique
CMD01011,2,CL0199,PR0046,2025-07-02,4,23.92,0,Île-de-France,En cours,En ligne
CMD01012,1,CL0170,PR0037,2025-12-06,2,29.75,0,Nord,Livrée,Mobile
CMD01012,2,CL0170,PR0024,2025-12-06,3,45.02,0,Nord,Annulée,Mobile
CMD01012,3,CL0170,PR0052,2025-12-06,2,8.40,0,Nord,Livrée,Boutique
CMD01013,1,CL0123,PR0023,2024-01-13,3,18.81,0.04,Est,Annulée,En ligne
CMD01014,1,CL0148,PR0020,2025-03-02,5,41.40,0,Auvergne-Rhône-Alpes,Livrée,Mobile
CMD01015,1,CL0025,PR0037,2025-09-07,4,25.61,0,Occitanie,Livrée,Boutique
CMD01015,2,CL0025,PR0010,2025-09-07,4,37.45,0,Occitanie,Annulée,En ligne
CMD01015,3,CL0025,PR0059,2025-09-07,5,35.62,0,Occitanie,Livrée,Mobile
CMD01016,1,CL0080,PR0054,2024-07-14,2,40.75,0,Est,Livrée,En ligne
CMD01016,2,CL0080,PR0042,2024-07-14,3,13.34,0.07,Est,Livrée,Boutique
CMD01017,1,CL0135,PR0021,2024-08-24,5,16.39,0,Auvergne-Rhône-Alpes,Livrée,En ligne
CMD01017,2,CL0135,PR0002,2024-08-24,1,40.70,0,Auvergne-Rhône-Alpes,Livrée,Mobile
CMD01018,1,CL0077,PR0033,2024-12-20,1,34.18,0,Ouest,Annulée,Mobile
CMD01018,2,CL0077,PR0054,2024-12-20,4,33.37,0,Ouest,Livrée,Boutique
CMD01018,3,CL0077,PR0035,2024-12-20,5,27.12,0,Ouest,Livrée,Boutique
CMD01018,4,CL0077,PR0041,2024-12-20,5,32.53,0,Ouest,En cours,En ligne
CMD01019,1,CL0119,PR0013,2024-07-16,2,14.29,0,Auvergne-Rhône-Alpes,Livrée,En ligne
CMD01020,1,CL0081,PR0012,2025-11-10,3,13.16,0,Ouest,Livrée,En ligne
CMD01020,2,CL0081,PR0007,2025-11-10,5,46.11,0,Ouest,Livrée,En ligne
CMD01020,3,CL0081,PR0036,2025-11-10,5,46.96,0,Ouest,Livrée,Boutique
CMD01020,4,CL0081,PR0010,2025-11-10,3,12.72,0,Ouest,Livrée,En ligne
CMD01021,1,CL0082,PR0011,2024-01-03,5,2.91,0,Bretagne,Livrée,En ligne
CMD01021,2,CL0082,PR0038,2024-01-03,5,21.29,0,Bretagne,En cours,Boutique
CMD01021,3,CL0082,PR0053,2024-01-03,5,28.81,0,Bretagne,Livrée,En ligne
CMD01021,4,CL0082,PR0043,2024-01-03,5,30.85,0,Bretagne,Livrée,En ligne
CMD01022,1,CL0102,PR0018,2024-03-11,2,37.74,0,Est,Annulée,Boutique
CMD01023,1,CL0052,PR0036,2025-09-05,1,21.23,0,Nord,Livrée,Mobile
CMD01023,2,CL0052,PR0034,2025-09-05,3,33.16,0,Nord,Livrée,En ligne
CMD01023,3,CL0052,PR0054,2025-09-05,5,41.76,0,Nord,Livrée,Mobile
CMD01023,4,CL0052,PR0036,2025-09-05,5,38.26,0.21,Nord,Livrée,En ligne
CMD01024,1,CL0187,PR0046,2024-06-17,1,25.89,0,Auvergne-Rhône-Alpes,Livrée,Mobile
CMD01024,2,CL0187,PR0016,2024-06-17,3,16.95,0,Auvergne-Rhône-Alpes,Livrée,Boutique
CMD01025,1,CL0065,PR0054,2025-09-18,2,35.93,0,Occitanie,En cours,En ligne
CMD01025,2,CL0065,PR0021,2025-09-18,3,38.23,0,Occitanie,Livrée,En ligne
CMD01025,3,CL0065,PR0037,2025-09-18,5,45.06,0,Occitanie,Annulée,Boutique
CMD01025,4,CL0065,PR0037,2025-09-18,2,37.43,0,Occitanie,Annulée,Boutique
CMD01026,1,CL0144,PR0020,2025-03-18,1,30.43,0,Est,Livrée,Boutique
CMD01026,2,CL0144,PR0023,2025-03-18,4,13.21,0,Est,En cours,Mobile
CMD01027,1,CL0136,PR0021,2024-06-08,3,35.13,0.17,Bretagne,En cours,En ligne
CMD01027,2,CL0136,PR0001,2024-06-08,1,16.74,0,Bretagne,En cours,Mobile
CMD01027,3,CL0136,PR0049,2024-06-08,1,42.23,0.20,Bretagne,Livrée,Mobile
CMD01028,1,CL0165,PR0008,2025-01-28,5,29.78,0,Occitanie,Livrée,En ligne
CMD01029,1,CL0104,PR0017,2024-09-06,3,43.24,0,Île-de-France,Livrée,Boutique
CMD01029,2,CL0104,PR0031,2024-09-06,4,12.55,0,Île-de-France,En cours,En ligne
CMD01029,3,CL0104,PR0038,2024-09-06,5,12.13,0.25,Île-de-France,En cours,Mobile
CMD01030,1,CL0015,PR0006,2025-04-18,2,18.41,0,Ouest,Annulée,Mobile
CMD01030,2,CL0015,PR0038,2025-04-18,5,25.57,0,Ouest,Livrée,En ligne
CMD01030,3,CL0015,PR0037,2025-04-18,2,35.16,0,Ouest,Livrée,Mobile
CMD01030,4,CL0015,PR0021,2025-04-18,4,35.37,0,Ouest,Annulée,Boutique
CMD01031,1,CL0069,PR0013,2025-05-16,3,27.08,0,Sud,Livrée,Mobile
CMD01031,2,CL0069,PR0056,2025-05-16,1,28.92,0,Sud,En cours,Mobile
CMD01031,3,CL0069,PR0012,2025-05-16,4,37.53,0,Sud,Livrée,Boutique
CMD01031,4,CL0069,PR0048,2025-05-16,1,35.54,0,Sud,Livrée,En ligne
CMD01032,1,CL0138,PR0022,2025-06-04,2,17.51,0,Île-de-France,Livrée,Boutique
CMD01032,2,CL0138,PR0049,2025-06-04,2,13.63,0,Île-de-France,En cours,Boutique
CMD01032,3,CL0138,PR0018,2025-06-04,4,42.75,0,Île-de-France,Livrée,Boutique
CMD01032,4,CL0138,PR0048,2025-06-04,2,12.66,0,Île-de-France,Livrée,En ligne
CMD01033,1,CL0098,PR0012,2024-11-07,2,7.59,0.01,Ouest,En cours,Boutique
CMD01033,2,CL0098,PR0016,2024-11-07,3,36.00,0,Ouest,Livrée,Boutique
CMD01033,3,CL0098,PR0049,2024-11-07,4,7.64,0.14,Ouest,Annulée,En ligne
CMD01033,4,CL0098,PR0034,2024-11-07,1,20.82,0.05,Ouest,Livrée,Mobile
CMD01034,1,CL0001,PR0050,2024-02-01,1,44.09,0,Île-de-France,Livrée,Mobile
CMD01034,2,CL0001,PR0021,2024-02-01,2,17.98,0,Île-de-France,Livrée,Mobile
CMD01034,3,CL0001,PR0006,2024-02-01,4,39.74,0.14,Île-de-France,Livrée,Mobile
CMD01035,1,CL0193,PR0035,2025-01-13,1,29.73,0,Ouest,Livrée,En ligne
CMD01035,2,CL0193,PR0023,2025-01-13,3,9.77,0,Ouest,Annulée,En ligne
CMD01035,3,CL0193,PR0007,2025-01-13,5,7.41,0,Ouest,Livrée,Mobile
CMD01036,1,CL0050,PR0002,2024-06-21,3,39.73,0,Sud,Annulée,Boutique
CMD01036,2,CL0050,PR0002,2024-06-21,5,25.69,0,Sud,Livrée,Boutique
CMD01036,3,CL0050,PR0048,2024-06-21,3,23.36,0.30,Sud,Livrée,Mobile
CMD01036,4,CL0050,PR0045,2024-06-21,1,21.30,0.08,Sud,Annulée,Boutique
CMD01037,1,CL0123,PR0049,2024-03-06,3,27.46,0,Est,Livrée,Boutique
CMD01037,2,CL0123,PR0047,2024-03-06,4,20.18,0,Est,Annulée,Boutique
CMD01038,1,CL0173,PR0020,2024-07-07,1,39.58,0,Ouest,Livrée,Mobile
CMD01038,2,CL0173,PR0030,2024-07-07,1,45.16,0,Ouest,Livrée,Boutique
CMD01038,3,CL0173,PR0060,2024-07-07,1,12.16,0.09,Ouest,Livrée,Mobile
CMD01038,4,CL0173,PR0023,2024-07-07,1,16.99,0,Ouest,En cours,Boutique
CMD01039,1,CL0033,PR0031,2024-12-02,1,17.89,0,Auvergne-Rhône-Alpes,Livrée,En ligne
CMD01039,2,CL0033,PR0001,2024-12-02,5,23.16,0,Auvergne-Rhône-Alpes,Annulée,Boutique
CMD01039,3,CL0033,PR0034,2024-12-02,1,6.66,0,Auvergne-Rhône-Alpes,En cours,Boutique
CMD01039,4,CL0033,PR0041,2024-12-02,4,19.13,0,Auvergne-Rhône-Alpes,En cours,Boutique
CMD01040,1,CL0061,PR0056,2025-04-14,2,29.75,0,Auvergne-Rhône-Alpes,Livrée,Mobile
CMD01040,2,CL0061,PR0029,2025-04-14,3,24.05,0.15,Auvergne-Rhône-Alpes,En cours,En ligne
CMD01040,3,CL0061,PR0047,2025-04-14,1,4.67,0,Auvergne-Rhône-Alpes,Annulée,Boutique
CMD01041,1,CL0135,PR0020,2024-04-25,2,42.99,0,Auvergne-Rhône-Alpes,Annulée,En ligne
CMD01042,1,CL0186,PR0035,2024-12-18,4,35.58,0.22,Sud,Annulée,Mobile
CMD01043,1,CL0032,PR0006,2024-05-23,5,5.98,0,Occitanie,Livrée,Boutique
CMD01043,2,CL0032,PR0035,2024-05-23,1,43.38,0,Occitanie,Annulée,Boutique
CMD01043,3,CL0032,PR0059,2024-05-23,5,32.99,0,Occitanie,En cours,Boutique
CMD01044,1,CL0174,PR0008,2024-09-03,5,26.16,0.06,Bretagne,Livrée,En ligne
CMD01045,1,CL0052,PR0044,2024-04-26,2,27.92,0.30,Nord,Annulée,En ligne
CMD01045,2,CL0052,PR0019,2024-04-26,5,14.07,0,Nord,Livrée,En ligne
CMD01046,1,CL0026,PR0018,2024-04-18,1,3.47,0,Nord,Livrée,En ligne
CMD01046,2,CL0026,PR0047,2024-04-18,5,43.06,0,Nord,Annulée,En ligne
CMD01046,3,CL0026,PR0011,2024-04-18,1,31.56,0.16,Nord,Livrée,En ligne
CMD01047,1,CL0004,PR0044,2024-12-07,5,3.14,0,Est,Livrée,En ligne
CMD01047,2,CL0004,PR0019,2024-12-07,1,23.58,0,Est,Livrée,Mobile
CMD01048,1,CL0020,PR0059,2024-09-09,1,37.10,0,Bretagne,Annulée,En ligne
CMD01048,2,CL0020,PR0059,2024-09-09,3,10.39,0,Bretagne,Annulée,En ligne
CMD01049,1,CL0096,PR0024,2025-11-20,5,11.19,0.16,Nord,Annulée,En ligne
CMD01049,2,CL0096,PR0044,2025-11-20,5,29.23,0,Nord,Livrée,Mobile
CMD01049,3,CL0096,PR0027,2025-11-20,2,17.96,0,Nord,Livrée,Boutique
CMD01049,4,CL0096,PR0010,2025-11-20,2,40.00,0,Nord,Livrée,Boutique
CMD01050,1,CL0015,PR0036,2024-03-03,5,20.53,0,Ouest,Livrée,Mobile
CMD01050,2,CL0015,PR0009,2024-03-03,4,45.12,0.17,Ouest,En cours,En ligne
CMD01050,3,CL0015,PR0004,2024-03-03,3,18.50,0,Ouest,Livrée,Boutique
CMD01051,1,CL0186,PR0024,2025-07-22,4,26.22,0,Sud,Livrée,Mobile
CMD01052,1,CL0176,PR0049,2024-05-14,1,33.91,0,Occitanie,Livrée,Boutique
CMD01052,2,CL0176,PR0013,2024-05-14,2,31.74,0,Occitanie,En cours,Mobile
CMD01052,3,CL0176,PR0011,2024-05-14,3,30.43,0,Occitanie,Livrée,Boutique
CMD01052,4,CL0176,PR0008,2024-05-14,1,26.29,0,Occitanie,Livrée,En ligne
CMD01053,1,CL0104,PR0034,2025-08-09,2,18.31,0,Île-de-France,Livrée,En ligne
CMD01053,2,CL0104,PR0026,2025-08-09,2,24.57,0.23,Île-de-France,Livrée,Boutique
CMD01053,3,CL0104,PR0056,2025-08-09,3,31.15,0,Île-de-France,Livrée,En ligne
CMD01053,4,CL0104,PR0043,2025-08-09,5,13.69,0,Île-de-France,Livrée,En ligne
CMD01054,1,CL0010,PR0032,2024-06-11,3,29.80,0,Nord,Livrée,Boutique
CMD01054,2,CL0010,PR0013,2024-06-11,2,39.03,0.23,Nord,En cours,En ligne
CMD01054,3,CL0010,PR0038,2024-06-11,1,20.38,0,Nord,Livrée,Boutique
CMD01055,1,CL0128,PR0004,2025-05-11,2,12.28,0,Auvergne-Rhône-Alpes,Livrée,Boutique
CMD01055,2,CL0128,PR0060,2025-05-11,3,23.47,0,Auvergne-Rhône-Alpes,Livrée,Mobile
CMD01056,1,CL0092,PR0013,2025-03-10,1,20.30,0,Ouest,Livrée,En ligne
CMD01056,2,CL0092,PR0007,2025-03-10,3,17.26,0.25,Ouest,Livrée,En ligne
CMD01056,3,CL0092,PR0039,2025-03-10,5,5.06,0.00,Ouest,Livrée,Boutique
CMD01056,4,CL0092,PR0006,2025-03-10,2,44.73,0.03,Ouest,Livrée,Boutique
CMD01057,1,CL0146,PR0045,2025-02-26,2,32.12,0.09,Nord,Annulée,En ligne
CMD01057,2,CL0146,PR0039,2025-02-26,1,44.93,0.09,Nord,Annulée,En ligne
CMD01057,3,CL0146,PR0007,2025-02-26,1,29.32,0,Nord,Livrée,Boutique
CMD01057,4,CL0146,PR0001,2025-02-26,3,28.05,0,Nord,En cours,Mobile
CMD01058,1,CL0124,PR0018,2024-04-10,3,8.74,0,Est,Livrée,Mobile
CMD01058,2,CL0124,PR0045,2024-04-10,5,42.07,0.03,Est,Livrée,Boutique
CMD01059,1,CL0016,PR0018,2025-10-13,5,27.55,0.12,Ouest,Livrée,Boutique
CMD01060,1,CL0136,PR0044,2025-11-13,1,31.44,0,Bretagne,Livrée,Boutique
CMD01060,2,CL0136,PR0022,2025-11-13,5,11.09,0,Bretagne,Livrée,Boutique
CMD01061,1,CL0099,PR0058,2024-01-15,1,36.43,0,Est,Livrée,Boutique
CMD01062,1,CL0122,PR0012,2024-03-25,2,7.04,0,Ouest,En cours,Boutique
CMD01062,2,CL0122,PR0025,2024-03-25,5,3.86,0.23,Ouest,En cours,En ligne
CMD01062,3,CL0122,PR0043,2024-03-25,2,43.23,0,Ouest,Livrée,En ligne
CMD01063,1,CL0197,PR0027,2025-05-09,4,34.07,0,Île-de-France,Annulée,En ligne
CMD01063,2,CL0197,PR0003,2025-05-09,3,22.97,0,Île-de-France,Livrée,En ligne
CMD01063,3,CL0197,PR0054,2025-05-09,3,36.04,0,Île-de-France,Livrée,Mobile
CMD01064,1,CL0143,PR0029,2025-09-03,1,29.06,0.29,Auvergne-Rhône-Alpes,Livrée,En ligne
CMD01064,2,CL0143,PR0042,2025-09-03,2,19.18,0.09,Auvergne-Rhône-Alpes,Livrée,Mobile
CMD01064,3,CL0143,PR0058,2025-09-03,4,11.11,0,Auvergne-Rhône-Alpes,Livrée,En ligne
CMD01065,1,CL0058,PR0042,2024-10-17,1,8.38,0.04,Bretagne,Livrée,Boutique
CMD01065,2,CL0058,PR0053,2024-10-17,1,43.44,0,Bretagne,Livrée,Mobile
CMD01065,3,CL0058,PR0037,2024-10-17,2,33.69,0,Bretagne,Livrée,En ligne
CMD01066,1,CL0055,PR0014,2025-10-09,4,9.96,0,Est,Livrée,Mobile
CMD01067,1,CL0156,PR0012,2024-03-07,1,27.46,0,Auvergne-Rhône-Alpes,Annulée,Boutique
CMD01067,2,CL0156,PR0047,2024-03-07,2,31.44,0,Auvergne-Rhône-Alpes,Livrée,En ligne
CMD01068,1,CL0016,PR0039,2025-10-25,2,28.21,0,Ouest,Annulée,Mobile
CMD01068,2,CL0016,PR0013,2025-10-25,4,28.37,0,Ouest,Livrée,Boutique
CMD01068,3,CL0016,PR0017,2025-10-25,5,31.47,0,Ouest,Livrée,Mobile
CMD01069,1,CL0010,PR0010,2024-01-09,3,5.60,0,Nord,Livrée,En ligne
CMD01069,2,CL0010,PR0008,2024-01-09,3,2.52,0,Nord,Livrée,En ligne
CMD01070,1,CL0014,PR0051,2024-11-16,5,39.72,0.12,Occitanie,Livrée,Mobile
CMD01070,2,CL0014,PR0036,2024-11-16,1,41.59,0,Occitanie,En cours,Mobile
CMD01070,3,CL0014,PR0016,2024-11-16,4,15.56,0,Occitanie,Livrée,En ligne
CMD01071,1,CL0197,PR0048,2025-11-08,4,20.79,0,Île-de-France,Annulée,Mobile
CMD01071,2,CL0197,PR0002,2025-11-08,3,13.43,0,Île-de-France,Livrée,Boutique
CMD01071,3,CL0197,PR0042,2025-11-08,5,40.46,0,Île-de-France,Livrée,Boutique
CMD01071,4,CL0197,PR0036,2025-11-08,1,2.66,0,Île-de-France,Livrée,Boutique
CMD01072,1,CL0005,PR0033,2025-03-04,1,23.62,0,Île-de-France,Livrée,Boutique
CMD01072,2,CL0005,PR0023,2025-03-04,1,39.81,0,Île-de-France,Livrée,En ligne
CMD01072,3,CL0005,PR0055,2025-03-04,4,42.48,0.01,Île-de-France,En cours,En ligne
CMD01073,1,CL0059,PR0035,2024-02-23,4,33.44,0,Est,Livrée,Boutique
CMD01073,2,CL0059,PR0046,2024-02-23,3,30.35,0,Est,Livrée,Boutique
CMD01074,1,CL0110,PR0054,2025-07-08,2,26.13,0.23,Nord,Annulée,Boutique
CMD01074,2,CL0110,PR0035,2025-07-08,4,14.72,0.19,Nord,Annulée,Mobile
CMD01074,3,CL0110,PR0034,2025-07-08,2,10.01,0,Nord,Livrée,En ligne
CMD01075,1,CL0061,PR0037,2025-12-03,4,15.36,0,Auvergne-Rhône-Alpes,Livrée,Boutique
CMD01075,2,CL0061,PR0042,2025-12-03,1,2.20,0,Auvergne-Rhône-Alpes,Livrée,En ligne
CMD01076,1,CL0008,PR0043,2024-11-05,5,44.94,0,Occitanie,Livrée,En ligne
CMD01076,2,CL0008,PR0029,2024-11-05,2,4.86,0,Occitanie,Livrée,En ligne
CMD01076,3,CL0008,PR0026,2024-11-05,1,5.13,0,Occitanie,Livrée,Mobile
CMD01076,4,CL0008,PR0031,2024-11-05,3,22.42,0.08,Occitanie,Annulée,Boutique
CMD01077,1,CL0016,PR0056,2024-04-10,3,25.44,0.29,Ouest,Livrée,Boutique
CMD01077,2,CL0016,PR0026,2024-04-10,2,5.61,0,Ouest,Livrée,Boutique
CMD01077,3,CL0016,PR0022,2024-04-10,5,9.93,0,Ouest,En cours,Mobile
CMD01078,1,CL0195,PR0021,2025-07-01,1,27.60,0.19,Bretagne,Annulée,Boutique
CMD01078,2,CL0195,PR0013,2025-07-01,2,28.67,0,Bretagne,Livrée,Mobile
CMD01079,1,CL0015,PR0011,2024-04-19,4,15.45,0,Ouest,Annulée,Mobile
CMD01079,2,CL0015,PR0054,2024-04-19,4,19.91,0,Ouest,Livrée,En ligne
CMD01079,3,CL0015,PR0044,2024-04-19,3,35.83,0,Ouest,En cours,En ligne
CMD01079,4,CL0015,PR0032,2024-04-19,3,34.70,0,Ouest,Livrée,Boutique
CMD01080,1,CL0062,PR0004,2025-04-15,5,20.98,0,Île-de-France,Livrée,En ligne
CMD01081,1,CL0119,PR0016,2024-04-15,1,41.86,0.18,Auvergne-Rhône-Alpes,En cours,Boutique
CMD01081,2,CL0119,PR0002,2024-04-15,1,2.57,0,Auvergne-Rhône-Alpes,Livrée,En ligne
CMD01081,3,CL0119,PR0020,2024-04-15,4,14.05,0,Auvergne-Rhône-Alpes,Livrée,Mobile
CMD01081,4,CL0119,PR0051,2024-04-15,5,12.18,0,Auvergne-Rhône-Alpes,Annulée,Boutique
CMD01082,1,CL0127,PR0045,2024-10-23,2,6.55,0.25,Est,Annulée,Mobile
CMD01082,2,CL0127,PR0017,2024-10-23,1,7.25,0,Est,En cours,En ligne
CMD01082,3,CL0127,PR0003,2024-10-23,1,38.87,0,Est,En cours,Boutique
CMD01083,1,CL0054,PR0020,2024-02-19,3,16.15,0,Est,Livrée,En ligne
CMD01083,2,CL0054,PR0047,2024-02-19,3,46.91,0,Est,Livrée,Mobile
CMD01083,3,CL0054,PR0055,2024-02-19,4,33.39,0,Est,Livrée,Mobile
CMD01083,4,CL0054,PR0039,2024-02-19,1,36.11,0.29,Est,Livrée,Boutique
CMD01084,1,CL0185,PR0047,2025-07-14,3,22.06,0,Auvergne-Rhône-Alpes,Livrée,En ligne
CMD01084,2,CL0185,PR0047,2025-07-14,1,22.47,0,Auvergne-Rhône-Alpes,Annulée,Mobile
CMD01084,3,CL0185,PR0046,2025-07-14,5,17.78,0,Auvergne-Rhône-Alpes,Livrée,En ligne
CMD01085,1,CL0051,PR0056,2025-11-20,5,31.12,0,Auvergne-Rhône-Alpes,Livrée,Boutique
CMD01085,2,CL0051,PR0028,2025-11-20,1,26.83,0,Auvergne-Rhône-Alpes,En cours,Boutique
CMD01085,3,CL0051,PR0046,2025-11-20,5,17.38,0,Auvergne-Rhône-Alpes,Livrée,Mobile
CMD01086,1,CL0144,PR0036,2025-07-08,3,23.65,0,Est,Annulée,En ligne
CMD01087,1,CL0191,PR0044,2024-03-04,1,32.32,0,Est,Livrée,Mobile
CMD01087,2,CL0191,PR0059,2024-03-04,1,44.43,0,Est,Livrée,Boutique
CMD01087,3,CL0191,PR0008,2024-03-04,5,44.14,0,Est,Livrée,En ligne
CMD01088,1,CL0200,PR0049,2025-04-06,3,34.90,0,Bretagne,Annulée,Mobile
CMD01088,2,CL0200,PR0049,2025-04-06,1,14.68,0,Bretagne,Livrée,Boutique
CMD01088,3,CL0200,PR0005,2025-04-06,4,12.25,0,Bretagne,Livrée,En ligne
CMD01088,4,CL0200,PR0003,2025-04-06,5,45.64,0,Bretagne,Livrée,Mobile
CMD01089,1,CL0006,PR0048,2024-06-22,1,15.69,0,Ouest,Livrée,Mobile
CMD01089,2,CL0006,PR0060,2024-06-22,2,22.13,0,Ouest,Annulée,Boutique
CMD01090,1,CL0135,PR0035,2025-10-26,4,39.77,0,Auvergne-Rhône-Alpes,Livrée,Boutique
CMD01090,2,CL0135,PR0056,2025-10-26,1,26.64,0,Auvergne-Rhône-Alpes,En cours,Mobile
CMD01091,1,CL0145,PR0010,2024-08-27,5,16.77,0,Nord,Livrée,Mobile
CMD01091,2,CL0145,PR0018,2024-08-27,1,45.06,0,Nord,Livrée,Mobile
CMD01091,3,CL0145,PR0056,2024-08-27,3,14.78,0,Nord,Livrée,En ligne
CMD01091,4,CL0145,PR0050,2024-08-27,1,31.02,0,Nord,En cours,Mobile
CMD01092,1,CL0051,PR0002,2025-05-20,1,18.95,0,Auvergne-Rhône-Alpes,Livrée,Boutique
CMD01092,2,CL0051,PR0019,2025-05-20,1,44.46,0.28,Auvergne-Rhône-Alpes,Annulée,En ligne
CMD01093,1,CL0113,PR0020,2025-01-22,5,35.32,0,Occitanie,En cours,Mobile
CMD01094,1,CL0096,PR0017,2025-09-06,3,33.20,0,Nord,Livrée,En ligne
CMD01094,2,CL0096,PR0029,2025-09-06,5,8.71,0,Nord,En cours,Mobile
CMD01094,3,CL0096,PR0014,2025-09-06,5,34.18,0,Nord,Livrée,Mobile
CMD01095,1,CL0151,PR0059,2025-12-13,4,5.16,0,Ouest,Livrée,En ligne
CMD01096,1,CL0110,PR0009,2025-06-04,5,28.53,0,Nord,Livrée,Boutique
CMD01096,2,CL0110,PR0009,2025-06-04,3,30.00,0,Nord,Livrée,Mobile
CMD01097,1,CL0008,PR0056,2025-09-24,3,2.15,0,Occitanie,Livrée,En ligne
CMD01097,2,CL0008,PR0060,2025-09-24,3,10.46,0,Occitanie,En cours,En ligne
CMD01098,1,CL0038,PR0035,2025-11-03,4,40.90,0,Bretagne,Annulée,En ligne
CMD01098,2,CL0038,PR0005,2025-11-03,3,27.31,0,Bretagne,Livrée,Mobile
CMD01098,3,CL0038,PR0018,2025-11-03,2,46.70,0.07,Bretagne,En cours,Boutique
CMD01099,1,CL0009,PR0039,2025-04-23,3,35.52,0,Est,Livrée,En ligne
CMD01099,2,CL0009,PR0040,2025-04-23,5,33.34,0.16,Est,Livrée,En ligne
CMD01100,1,CL0151,PR0051,2024-05-18,4,19.01,0,Ouest,Annulée,Boutique
CMD01100,2,CL0151,PR0019,2024-05-18,2,6.20,0,Ouest,Annulée,En ligne
CMD01100,3,CL0151,PR0044,2024-05-18,3,28.86,0.12,Ouest,Livrée,Boutique
CMD01101,1,CL0080,PR0018,2025-01-06,4,24.74,0,Est,Livrée,En ligne
CMD01102,1,CL0105,PR0026,2024-03-06,1,35.54,0.15,Ouest,Livrée,Mobile
CMD01102,2,CL0105,PR0005,2024-03-06,5,20.89,0,Ouest,Livrée,En ligne
CMD01103,1,CL0141,PR0036,2025-06-26,5,43.48,0,Occitanie,Annulée,Mobile
CMD01103,2,CL0141,PR0055,2025-06-26,4,9.26,0,Occitanie,Livrée,Boutique
CMD01104,1,CL0049,PR0055,2025-08-19,2,9.15,0,Auvergne-Rhône-Alpes,En cours,Boutique
CMD01104,2,CL0049,PR0031,2025-08-19,4,15.00,0,Auvergne-Rhône-Alpes,Livrée,En ligne
CMD01104,3,CL0049,PR0054,2025-08-19,1,10.05,0,Auvergne-Rhône-Alpes,Livrée,En ligne
CMD01105,1,CL0151,PR0060,2025-11-10,4,12.66,0,Ouest,Livrée,Mobile
CMD01105,2,CL0151,PR0044,2025-11-10,1,34.11,0,Ouest,Livrée,Boutique
CMD01106,1,CL0009,PR0032,2024-06-25,1,9.55,0,Est,En cours,Boutique
CMD01106,2,CL0009,PR0039,2024-06-25,2,14.28,0,Est,Livrée,En ligne
CMD01106,3,CL0009,PR0057,2024-06-25,5,19.64,0.06,Est,Livrée,Mobile
CMD01107,1,CL0110,PR0022,2025-05-12,3,37.20,0,Nord,Livrée,Mobile
CMD01107,2,CL0110,PR0039,2025-05-12,5,29.58,0,Nord,Livrée,Boutique
CMD01107,3,CL0110,PR0050,2025-05-12,4,38.41,0.18,Nord,Annulée,En ligne
CMD01108,1,CL0057,PR0059,2025-12-01,1,39.16,0,Est,Annulée,En ligne
CMD01108,2,CL0057,PR0052,2025-12-01,5,5.11,0.13,Est,En cours,En ligne
CMD01108,3,CL0057,PR0046,2025-12-01,4,27.41,0.21,Est,En cours,En ligne
CMD01108,4,CL0057,PR0026,2025-12-01,3,17.87,0,Est,Annulée,En ligne
CMD01109,1,CL0028,PR0052,2025-06-06,3,13.17,0.02,Nord,Livrée,En ligne
CMD01109,2,CL0028,PR0024,2025-06-06,2,29.66,0,Nord,Livrée,En ligne
CMD01110,1,CL0100,PR0029,2025-03-02,3,30.33,0,Sud,En cours,Mobile
CMD01110,2,CL0100,PR0012,2025-03-02,5,35.41,0,Sud,Annulée,En ligne
CMD01110,3,CL0100,PR0001,2025-03-02,1,29.39,0,Sud,Livrée,Mobile
CMD01110,4,CL0100,PR0005,2025-03-02,5,10.86,0,Sud,Livrée,Mobile
CMD01111,1,CL0050,PR0022,2025-10-19,5,32.41,0.01,Sud,Livrée,Mobile
CMD01111,2,CL0050,PR0009,2025-10-19,1,18.18,0,Sud,Livrée,En ligne
CMD01111,3,CL0050,PR0013,2025-10-19,2,15.88,0,Sud,Annulée,Mobile
CMD01111,4,CL0050,PR0040,2025-10-19,5,29.62,0,Sud,Livrée,Boutique
CMD01112,1,CL0176,PR0050,2025-10-27,3,5.71,0,Occitanie,Livrée,En ligne
CMD01112,2,CL0176,PR0052,2025-10-27,3,23.68,0,Occitanie,En cours,En ligne
CMD01113,1,CL0066,PR0007,2025-08-26,3,23.87,0,Est,Livrée,Boutique
CMD01114,1,CL0146,PR0042,2024-11-25,1,6.28,0,Nord,En cours,Mobile
CMD01114,2,CL0146,PR0016,2024-11-25,3,9.18,0,Nord,Livrée,Boutique
CMD01114,3,CL0146,PR0022,2024-11-25,2,23.50,0,Nord,En cours,Boutique
CMD01115,1,CL0015,PR0043,2025-01-21,1,4.94,0,Ouest,Livrée,En ligne
CMD01115,2,CL0015,PR0044,2025-01-21,5,41.70,0,Ouest,Livrée,Mobile
CMD01116,1,CL0098,PR0027,2024-05-24,1,4.26,0,Ouest,Livrée,Boutique
CMD01116,2,CL0098,PR0002,2024-05-24,5,44.12,0,Ouest,Livrée,Boutique
CMD01116,3,CL0098,PR0036,2024-05-24,5,41.83,0,Ouest,En cours,Mobile
CMD01117,1,CL0100,PR0006,2024-01-12,5,5.54,0,Sud,Livrée,En ligne
CMD01118,1,CL0157,PR0026,2025-04-26,3,9.76,0,Île-de-France,En cours,Boutique
CMD01119,1,CL0177,PR0004,2024-07-03,2,14.78,0,Sud,Livrée,Mobile
CMD01119,2,CL0177,PR0028,2024-07-03,3,12.95,0.24,Sud,Livrée,Mobile
CMD01119,3,CL0177,PR0024,2024-07-03,1,7.60,0,Sud,Livrée,Mobile
CMD01120,1,CL0146,PR0059,2025-06-22,5,35.98,0,Nord,Livrée,Mobile
CMD01120,2,CL0146,PR0044,2025-06-22,1,15.86,0,Nord,En cours,En ligne
CMD01120,3,CL0146,PR0004,2025-06-22,1,38.58,0,Nord,En cours,Mobile
CMD01121,1,CL0067,PR0030,2025-06-09,1,30.05,0,Ouest,Livrée,Boutique
CMD01121,2,CL0067,PR0040,2025-06-09,2,9.40,0,Ouest,Livrée,Boutique
CMD01121,3,CL0067,PR0057,2025-06-09,4,5.48,0,Ouest,Livrée,En ligne
CMD01122,1,CL0109,PR0004,2025-04-25,3,34.38,0,Occitanie,En cours,Mobile
CMD01123,1,CL0128,PR0015,2024-07-23,3,32.69,0,Auvergne-Rhône-Alpes,Annulée,Mobile
CMD01123,2,CL0128,PR0051,2024-07-23,5,35.22,0,Auvergne-Rhône-Alpes,Annulée,En ligne
CMD01124,1,CL0009,PR0031,2024-09-18,2,10.61,0,Est,Livrée,Mobile
CMD01124,2,CL0009,PR0059,2024-09-18,3,3.39,0.18,Est,Livrée,Mobile
CMD01125,1,CL0133,PR0022,2024-08-08,4,18.96,0,Nord,Livrée,Mobile
CMD01125,2,CL0133,PR0053,2024-08-08,1,41.10,0,Nord,Livrée,Boutique
CMD01125,3,CL0133,PR0059,2024-08-08,2,12.64,0,Nord,Annulée,Mobile
CMD01125,4,CL0133,PR0028,2024-08-08,2,43.52,0,Nord,Livrée,Mobile
CMD01126,1,CL0050,PR0045,2024-04-13,4,26.59,0,Sud,Livrée,En ligne
CMD01126,2,CL0050,PR0052,2024-04-13,2,40.61,0.06,Sud,Livrée,En ligne
CMD01126,3,CL0050,PR0040,2024-04-13,4,29.13,0,Sud,Livrée,Mobile
CMD01127,1,CL0051,PR0046,2024-04-17,3,16.22,0,Auvergne-Rhône-Alpes,Annulée,En ligne
CMD01127,2,CL0051,PR0025,2024-04-17,5,15.62,0,Auvergne-Rhône-Alpes,Annulée,En ligne
CMD01127,3,CL0051,PR0024,2024-04-17,4,5.74,0,Auvergne-Rhône-Alpes,Livrée,Mobile
CMD01128,1,CL0074,PR0042,2025-02-06,5,24.61,0,Auvergne-Rhône-Alpes,Livrée,Boutique
CMD01128,2,CL0074,PR0059,2025-02-06,3,36.02,0,Auvergne-Rhône-Alpes,Livrée,Boutique
CMD01128,3,CL0074,PR0038,2025-02-06,4,28.90,0,Auvergne-Rhône-Alpes,Livrée,Mobile
CMD01129,1,CL0030,PR0018,2024-06-15,3,43.80,0.03,Est,Livrée,Mobile
CMD01129,2,CL0030,PR0046,2024-06-15,3,25.97,0.12,Est,Livrée,En ligne
CMD01129,3,CL0030,PR0014,2024-06-15,3,45.17,0,Est,Livrée,En ligne
CMD01129,4,CL0030,PR0038,2024-06-15,5,18.51,0.10,Est,Livrée,Boutique
CMD01130,1,CL0068,PR0041,2024-03-16,4,42.23,0,Est,Livrée,Boutique
CMD01130,2,CL0068,PR0060,2024-03-16,2,2.42,0,Est,Livrée,En ligne
CMD01131,1,CL0096,PR0040,2024-04-28,1,19.69,0.14,Nord,En cours,Mobile
CMD01131,2,CL0096,PR0001,2024-04-28,3,4.87,0,Nord,Livrée,Boutique
CMD01131,3,CL0096,PR0055,2024-04-28,3,19.11,0,Nord,Annulée,En ligne
CMD01131,4,CL0096,PR0020,2024-04-28,3,25.61,0.18,Nord,Livrée,Mobile
CMD01132,1,CL0041,PR0026,2025-07-09,1,25.06,0,Île-de-France,En cours,Boutique
CMD01133,1,CL0190,PR0023,2024-06-11,4,38.04,0,Île-de-France,Livrée,Boutique
CMD01133,2,CL0190,PR0001,2024-06-11,5,14.23,0.10,Île-de-France,Livrée,Boutique
CMD01133,3,CL0190,PR0052,2024-06-11,4,35.49,0,Île-de-France,Livrée,Boutique
CMD01133,4,CL0190,PR0039,2024-06-11,1,8.55,0.18,Île-de-France,En cours,Mobile
CMD01134,1,CL0073,PR0050,2024-02-02,5,2.57,0.29,Nord,Livrée,Boutique
CMD01134,2,CL0073,PR0017,2024-02-02,2,7.70,0,Nord,Livrée,Boutique
CMD01134,3,CL0073,PR0049,2024-02-02,3,32.27,0,Nord,Livrée,Boutique
CMD01134,4,CL0073,PR0043,2024-02-02,2,29.63,0,Nord,Livrée,Mobile
CMD01135,1,CL0156,PR0055,2024-04-13,1,3.18,0.22,Auvergne-Rhône-Alpes,En cours,En ligne
CMD01135,2,CL0156,PR0028,2024-04-13,5,42.12,0,Auvergne-Rhône-Alpes,Annulée,En ligne
CMD01136,1,CL0142,PR0039,2024-04-02,3,42.11,0,Ouest,Livrée,En ligne
CMD01136,2,CL0142,PR0029,2024-04-02,3,36.49,0,Ouest,Livrée,Mobile
CMD01136,3,CL0142,PR0041,2024-04-02,5,14.37,0,Ouest,Livrée,Boutique
CMD01136,4,CL0142,PR0045,2024-04-02,3,10.58,0,Ouest,Annulée,En ligne
CMD01137,1,CL0044,PR0013,2024-10-25,4,20.19,0,Est,Livrée,Boutique
CMD01137,2,CL0044,PR0003,2024-10-25,3,20.41,0,Est,Livrée,En ligne
CMD01137,3,CL0044,PR0040,2024-10-25,4,13.62,0,Est,Livrée,En ligne
CMD01137,4,CL0044,PR0019,2024-10-25,3,43.14,0.24,Est,Livrée,Boutique
CMD01138,1,CL0107,PR0001,2025-08-25,1,13.65,0,Auvergne-Rhône-Alpes,Livrée,Mobile
CMD01139,1,CL0038,PR0030,2025-03-23,2,3.12,0,Bretagne,En cours,Mobile
CMD01140,1,CL0077,PR0058,2024-10-02,5,34.59,0,Ouest,Livrée,Boutique
CMD01140,2,CL0077,PR0054,2024-10-02,5,33.94,0,Ouest,Livrée,Boutique
CMD01140,3,CL0077,PR0009,2024-10-02,5,43.75,0,Ouest,Livrée,Boutique
CMD01140,4,CL0077,PR0049,2024-10-02,3,36.88,0,Ouest,En cours,Boutique
CMD01141,1,CL0177,PR0038,2025-06-10,2,11.23,0.11,Sud,Annulée,Boutique
CMD01141,2,CL0177,PR0016,2025-06-10,5,24.61,0,Sud,Livrée,Mobile
CMD01142,1,CL0161,PR0022,2024-10-15,3,19.97,0,Sud,Livrée,En ligne
CMD01143,1,CL0185,PR0049,2025-12-08,2,5.37,0,Auvergne-Rhône-Alpes,Livrée,En ligne
CMD01143,2,CL0185,PR0001,2025-12-08,3,18.76,0,Auvergne-Rhône-Alpes,En cours,Boutique
CMD01143,3,CL0185,PR0035,2025-12-08,5,8.06,0.16,Auvergne-Rhône-Alpes,Annulée,Boutique
CMD01144,1,CL0153,PR0047,2025-07-17,4,45.41,0,Sud,Livrée,Boutique
CMD01144,2,CL0153,PR0035,2025-07-17,1,36.13,0,Sud,En cours,En ligne
CMD01144,3,CL0153,PR0043,2025-07-17,2,33.87,0,Sud,Annulée,En ligne
CMD01144,4,CL0153,PR0024,2025-07-17,1,27.98,0,Sud,Livrée,En ligne
CMD01145,1,CL0058,PR0014,2025-08-20,2,26.83,0,Bretagne,Livrée,En ligne
CMD01145,2,CL0058,PR0038,2025-08-20,2,46.21,0.08,Bretagne,En cours,Boutique
CMD01145,3,CL0058,PR0021,2025-08-20,5,46.82,0,Bretagne,Livrée,En ligne
CMD01146,1,CL0099,PR0040,2025-03-04,1,33.81,0,Est,En cours,Boutique
CMD01146,2,CL0099,PR0030,2025-03-04,3,44.89,0,Est,Livrée,En ligne
CMD01146,3,CL0099,PR0041,2025-03-04,2,28.59,0,Est,Livrée,En ligne
CMD01146,4,CL0099,PR0004,2025-03-04,2,37.11,0.24,Est,Livrée,Boutique
CMD01147,1,CL0037,PR0015,2024-01-09,1,41.37,0,Île-de-France,Annulée,En ligne
CMD01147,2,CL0037,PR0005,2024-01-09,2,19.51,0,Île-de-France,Livrée,Boutique
CMD01148,1,CL0190,PR0013,2025-05-12,2,20.60,0,Île-de-France,Livrée,Mobile
CMD01148,2,CL0190,PR0030,2025-05-12,3,40.30,0.03,Île-de-France,Livrée,Mobile
CMD01148,3,CL0190,PR0040,2025-05-12,3,10.37,0,Île-de-France,Livrée,En ligne
CMD01149,1,CL0096,PR0017,2024-05-20,4,30.42,0.19,Nord,Livrée,Boutique
CMD01150,1,CL0041,PR0027,2025-12-10,1,40.48,0,Île-de-France,Livrée,Mobile
CMD01150,2,CL0041,PR0037,2025-12-10,4,46.71,0,Île-de-France,Livrée,Mobile
CMD01150,3,CL0041,PR0053,2025-12-10,5,18.78,0,Île-de-France,Livrée,En ligne
CMD01151,1,CL0065,PR0045,2025-08-27,5,5.30,0,Occitanie,Livrée,Boutique
CMD01151,2,CL0065,PR0057,2025-08-27,3,4.65,0,Occitanie,Livrée,En ligne
CMD01151,3,CL0065,PR0034,2025-08-27,2,22.34,0.02,Occitanie,Livrée,Boutique
CMD01152,1,CL0116,PR0004,2025-02-13,4,15.29,0,Bretagne,Livrée,Mobile
CMD01152,2,CL0116,PR0002,2025-02-13,2,17.74,0,Bretagne,Livrée,Mobile
CMD01153,1,CL0109,PR0028,2024-12-12,4,16.91,0,Occitanie,Livrée,Boutique
CMD01153,2,CL0109,PR0006,2024-12-12,1,41.17,0,Occitanie,En cours,Boutique
CMD01153,3,CL0109,PR0024,2024-12-12,1,13.57,0,Occitanie,Livrée,Mobile
CMD01154,1,CL0198,PR0036,2024-05-07,1,4.26,0,Sud,Livrée,Mobile
CMD01154,2,CL0198,PR0053,2024-05-07,2,37.15,0,Sud,Livrée,Boutique
CMD01154,3,CL0198,PR0047,2024-05-07,2,12.91,0,Sud,Livrée,En ligne
CMD01154,4,CL0198,PR0017,2024-05-07,2,10.78,0,Sud,En cours,Mobile
CMD01155,1,CL0102,PR0039,2024-07-23,4,43.96,0,Est,Annulée,Boutique
CMD01155,2,CL0102,PR0040,2024-07-23,1,25.63,0,Est,Livrée,En ligne
CMD01155,3,CL0102,PR0030,2024-07-23,2,37.10,0,Est,Livrée,Boutique
CMD01155,4,CL0102,PR0052,2024-07-23,3,41.01,0,Est,Livrée,Mobile
CMD01156,1,CL0058,PR0055,2024-11-22,4,35.71,0,Bretagne,Annulée,Mobile
CMD01156,2,CL0058,PR0030,2024-11-22,1,7.39,0,Bretagne,Livrée,Boutique
CMD01156,3,CL0058,PR0032,2024-11-22,5,23.64,0,Bretagne,En cours,Mobile
CMD01156,4,CL0058,PR0048,2024-11-22,3,10.76,0,Bretagne,Livrée,Boutique
CMD01157,1,CL0075,PR0011,2025-07-23,4,34.59,0,Occitanie,En cours,Boutique
CMD01157,2,CL0075,PR0031,2025-07-23,5,33.02,0,Occitanie,Livrée,Boutique
CMD01157,3,CL0075,PR0004,2025-07-23,3,15.71,0,Occitanie,Livrée,Boutique
CMD01158,1,CL0195,PR0002,2025-12-06,5,43.16,0,Bretagne,En cours,Boutique
CMD01159,1,CL0079,PR0053,2024-10-10,3,42.27,0.18,Île-de-France,Livrée,En ligne
CMD01160,1,CL0076,PR0024,2024-07-08,2,12.84,0,Sud,Livrée,Mobile
CMD01160,2,CL0076,PR0033,2024-07-08,2,44.35,0,Sud,Livrée,En ligne
CMD01160,3,CL0076,PR0011,2024-07-08,5,18.52,0.07,Sud,Livrée,En ligne
CMD01160,4,CL0076,PR0001,2024-07-08,4,26.11,0.16,Sud,Livrée,En ligne
CMD01161,1,CL0172,PR0010,2025-06-02,1,31.09,0,Auvergne-Rhône-Alpes,Livrée,En ligne
CMD01162,1,CL0146,PR0023,2024-01-14,5,2.95,0.06,Nord,Livrée,Boutique
CMD01162,2,CL0146,PR0029,2024-01-14,5,2.33,0.23,Nord,Annulée,En ligne
CMD01162,3,CL0146,PR0013,2024-01-14,1,26.51,0,Nord,Livrée,Mobile
CMD01163,1,CL0138,PR0033,2025-09-18,5,32.42,0,Île-de-France,Livrée,Boutique
CMD01164,1,CL0119,PR0029,2025-05-24,2,3.91,0,Auvergne-Rhône-Alpes,Livrée,En ligne
CMD01164,2,CL0119,PR0013,2025-05-24,2,7.15,0,Auvergne-Rhône-Alpes,En cours,En ligne
CMD01164,3,CL0119,PR0010,2025-05-24,4,22.49,0,Auvergne-Rhône-Alpes,Livrée,En ligne
CMD01164,4,CL0119,PR0009,2025-05-24,3,2.06,0,Auvergne-Rhône-Alpes,Annulée,En ligne
CMD01165,1,CL0035,PR0039,2024-09-06,4,25.96,0.18,Sud,Livrée,Boutique
CMD01165,2,CL0035,PR0001,2024-09-06,2,37.62,0,Sud,Livrée,Boutique
CMD01165,3,CL0035,PR0009,2024-09-06,5,39.06,0,Sud,Annulée,Boutique
CMD01165,4,CL0035,PR0049,2024-09-06,1,27.88,0,Sud,Livrée,Boutique
CMD01166,1,CL0091,PR0054,2024-03-06,3,5.58,0,Auvergne-Rhône-Alpes,Livrée,En ligne
CMD01167,1,CL0158,PR0005,2024-04-05,3,30.81,0.01,Ouest,Livrée,Mobile
CMD01167,2,CL0158,PR0033,2024-04-05,3,16.01,0.17,Ouest,Annulée,Mobile
CMD01167,3,CL0158,PR0028,2024-04-05,5,45.75,0,Ouest,Annulée,En ligne
CMD01168,1,CL0144,PR0044,2025-01-21,3,14.73,0,Est,En cours,En ligne
CMD01169,1,CL0153,PR0012,2025-01-23,5,45.22,0,Sud,Livrée,Mobile
CMD01169,2,CL0153,PR0037,2025-01-23,4,4.79,0,Sud,En cours,En ligne
CMD01170,1,CL0160,PR0029,2024-01-06,2,16.03,0.25,Bretagne,En cours,Boutique
CMD01170,2,CL0160,PR0053,2024-01-06,3,18.43,0,Bretagne,Livrée,En ligne
CMD01170,3,CL0160,PR0044,2024-01-06,1,42.78,0,Bretagne,Livrée,Boutique
CMD01171,1,CL0114,PR0028,2025-05-14,5,21.54,0,Occitanie,Livrée,Mobile
CMD01171,2,CL0114,PR0040,2025-05-14,2,34.72,0,Occitanie,En cours,En ligne
CMD01172,1,CL0098,PR0045,2025-08-17,5,9.53,0,Ouest,Livrée,Mobile
CMD01173,1,CL0092,PR0017,2025-08-21,2,10.98,0,Ouest,Livrée,Boutique
CMD01173,2,CL0092,PR0047,2025-08-21,2,38.40,0,Ouest,Livrée,Mobile
CMD01173,3,CL0092,PR0033,2025-08-21,4,5.94,0,Ouest,Annulée,En ligne
CMD01174,1,CL0114,PR0020,2024-06-17,4,36.05,0,Occitanie,Livrée,En ligne
CMD01174,2,CL0114,PR0028,2024-06-17,3,12.47,0,Occitanie,Livrée,Mobile
CMD01175,1,CL0157,PR0048,2024-10-24,5,19.00,0,Île-de-France,Livrée,Boutique
CMD01176,1,CL0077,PR0046,2025-02-22,3,16.56,0,Ouest,Livrée,Mobile
CMD01176,2,CL0077,PR0030,2025-02-22,3,2.02,0,Ouest,Annulée,Boutique
CMD01177,1,CL0153,PR0036,2025-05-03,2,36.62,0,Sud,Livrée,Boutique
CMD01177,2,CL0153,PR0046,2025-05-03,1,30.17,0,Sud,Livrée,Boutique
CMD01177,3,CL0153,PR0042,2025-05-03,2,23.30,0.29,Sud,Annulée,En ligne
CMD01177,4,CL0153,PR0024,2025-05-03,5,15.61,0,Sud,Livrée,En ligne
CMD01178,1,CL0002,PR0022,2025-02-21,3,15.57,0,Occitanie,Livrée,Boutique
CMD01179,1,CL0016,PR0019,2024-04-05,2,17.52,0,Ouest,Livrée,Boutique
CMD01180,1,CL0170,PR0056,2024-12-22,3,23.45,0.16,Nord,Livrée,En ligne
CMD01180,2,CL0170,PR0016,2024-12-22,3,24.37,0,Nord,Livrée,Mobile
CMD01180,3,CL0170,PR0002,2024-12-22,1,9.39,0,Nord,Livrée,Boutique
CMD01181,1,CL0122,PR0031,2024-02-08,5,18.11,0,Ouest,Annulée,Mobile
CMD01181,2,CL0122,PR0060,2024-02-08,5,22.29,0,Ouest,En cours,En ligne
CMD01182,1,CL0193,PR0003,2024-04-03,2,4.93,0,Ouest,En cours,Mobile
CMD01183,1,CL0048,PR0017,2025-08-04,3,36.25,0,Auvergne-Rhône-Alpes,Livrée,Mobile
CMD01183,2,CL0048,PR0039,2025-08-04,5,4.68,0.19,Auvergne-Rhône-Alpes,Livrée,Boutique
CMD01183,3,CL0048,PR0050,2025-08-04,3,10.87,0,Auvergne-Rhône-Alpes,En cours,Boutique
CMD01184,1,CL0057,PR0056,2024-01-21,5,29.23,0,Est,Livrée,Boutique
CMD01184,2,CL0057,PR0039,2024-01-21,2,26.98,0.23,Est,Livrée,Boutique
CMD01184,3,CL0057,PR0034,2024-01-21,5,19.76,0,Est,Livrée,Mobile
CMD01185,1,CL0018,PR0039,2025-10-20,4,24.43,0,Auvergne-Rhône-Alpes,Livrée,Mobile
CMD01185,2,CL0018,PR0010,2025-10-20,1,34.26,0,Auvergne-Rhône-Alpes,Annulée,Boutique
CMD01185,3,CL0018,PR0015,2025-10-20,3,11.35,0,Auvergne-Rhône-Alpes,Annulée,Boutique
CMD01185,4,CL0018,PR0031,2025-10-20,4,11.10,0,Auvergne-Rhône-Alpes,Livrée,Boutique
CMD01186,1,CL0126,PR0002,2024-04-07,5,27.61,0,Occitanie,Livrée,Boutique
CMD01186,2,CL0126,PR0028,2024-04-07,5,32.16,0,Occitanie,Livrée,Mobile
CMD01187,1,CL0198,PR0049,2024-07-09,1,32.51,0,Sud,Annulée,Mobile
CMD01187,2,CL0198,PR0006,2024-07-09,4,35.52,0,Sud,Livrée,En ligne
CMD01188,1,CL0141,PR0056,2025-10-13,3,11.85,0,Occitanie,Annulée,Boutique
CMD01188,2,CL0141,PR0049,2025-10-13,3,46.86,0.11,Occitanie,Livrée,Boutique
CMD01188,3,CL0141,PR0045,2025-10-13,4,7.58,0,Occitanie,Livrée,Mobile
CMD01189,1,CL0131,PR0031,2024-09-12,1,44.99,0,Auvergne-Rhône-Alpes,Livrée,Mobile
CMD01189,2,CL0131,PR0047,2024-09-12,4,44.58,0,Auvergne-Rhône-Alpes,Livrée,Mobile
CMD01189,3,CL0131,PR0036,2024-09-12,3,33.44,0,Auvergne-Rhône-Alpes,Annulée,Mobile
CMD01189,4,CL0131,PR0028,2024-09-12,5,30.71,0.21,Auvergne-Rhône-Alpes,Livrée,En ligne
CMD01190,1,CL0086,PR0055,2024-12-03,4,35.66,0,Bretagne,Livrée,Boutique
CMD01190,2,CL0086,PR0016,2024-12-03,4,10.59,0,Bretagne,Livrée,Boutique
CMD01191,1,CL0031,PR0050,2024-12-25,3,6.52,0,Île-de-France,En cours,Boutique
CMD01191,2,CL0031,PR0026,2024-12-25,2,37.07,0,Île-de-France,En cours,Boutique
CMD01191,3,CL0031,PR0036,2024-12-25,3,21.85,0,Île-de-France,Livrée,En ligne
CMD01191,4,CL0031,PR0054,2024-12-25,5,40.03,0.14,Île-de-France,Livrée,Mobile
CMD01192,1,CL0009,PR0038,2025-06-09,1,44.94,0,Est,En cours,En ligne
CMD01192,2,CL0009,PR0001,2025-06-09,2,9.09,0,Est,En cours,En ligne
CMD01192,3,CL0009,PR0022,2025-06-09,1,34.23,0,Est,Livrée,En ligne
CMD01193,1,CL0158,PR0053,2025-07-01,5,39.48,0,Ouest,Livrée,Boutique
CMD01194,1,CL0104,PR0004,2024-04-25,2,43.34,0,Île-de-France,Livrée,Mobile
CMD01194,2,CL0104,PR0060,2024-04-25,3,6.65,0,Île-de-France,Livrée,Mobile
CMD01194,3,CL0104,PR0023,2024-04-25,5,8.62,0,Île-de-France,Livrée,Boutique
CMD01194,4,CL0104,PR0033,2024-04-25,4,5.35,0,Île-de-France,Livrée,Boutique
CMD01195,1,CL0023,PR0027,2025-07-13,5,45.82,0,Nord,Livrée,Boutique
CMD01195,2,CL0023,PR0006,2025-07-13,4,36.59,0,Nord,Livrée,Mobile
CMD01195,3,CL0023,PR0043,2025-07-13,4,3.68,0,Nord,Livrée,Mobile
CMD01195,4,CL0023,PR0038,2025-07-13,1,10.90,0,Nord,Livrée,En ligne
CMD01196,1,CL0114,PR0050,2024-10-20,1,4.40,0,Occitanie,Livrée,Mobile
CMD01197,1,CL0140,PR0004,2024-07-05,2,35.05,0,Ouest,Annulée,Boutique
CMD01198,1,CL0156,PR0033,2025-12-21,3,17.72,0.04,Auvergne-Rhône-Alpes,Livrée,Boutique
CMD01198,2,CL0156,PR0014,2025-12-21,5,28.83,0,Auvergne-Rhône-Alpes,Livrée,Mobile
CMD01198,3,CL0156,PR0057,2025-12-21,4,38.54,0,Auvergne-Rhône-Alpes,En cours,Boutique
CMD01199,1,CL0178,PR0053,2025-05-28,3,16.34,0,Ouest,Livrée,Mobile
CMD01200,1,CL0023,PR0011,2024-06-08,5,19.38,0.26,Nord,Livrée,Mobile
CMD01200,2,CL0023,PR0023,2024-06-08,1,5.65,0.03,Nord,En cours,Mobile
CMD01200,3,CL0023,PR0054,2024-06-08,4,30.35,0,Nord,Livrée,Boutique
CMD01201,1,CL0050,PR0042,2025-01-22,5,35.06,0,Sud,En cours,Boutique
CMD01201,2,CL0050,PR0050,2025-01-22,4,42.71,0,Sud,Livrée,Mobile
CMD01201,3,CL0050,PR0011,2025-01-22,5,7.84,0,Sud,Livrée,En ligne
CMD01201,4,CL0050,PR0054,2025-01-22,5,31.45,0,Sud,En cours,Mobile
CMD01202,1,CL0103,PR0035,2024-12-19,1,29.86,0,Est,Livrée,En ligne
CMD01202,2,CL0103,PR0047,2024-12-19,1,16.95,0,Est,En cours,Boutique
CMD01202,3,CL0103,PR0030,2024-12-19,3,30.31,0,Est,Livrée,Boutique
CMD01203,1,CL0167,PR0029,2024-06-26,4,41.25,0.16,Auvergne-Rhône-Alpes,Livrée,En ligne
CMD01203,2,CL0167,PR0012,2024-06-26,2,11.99,0,Auvergne-Rhône-Alpes,Annulée,En ligne
CMD01203,3,CL0167,PR0044,2024-06-26,5,26.91,0,Auvergne-Rhône-Alpes,Annulée,Mobile
CMD01204,1,CL0088,PR0037,2025-04-08,5,11.07,0,Ouest,Livrée,En ligne
CMD01204,2,CL0088,PR0049,2025-04-08,2,28.36,0,Ouest,Livrée,Mobile
CMD01205,1,CL0165,PR0002,2024-07-03,1,20.91,0,Occitanie,Livrée,En ligne
CMD01206,1,CL0058,PR0024,2024-06-11,5,6.75,0.02,Bretagne,Annulée,Boutique
CMD01206,2,CL0058,PR0037,2024-06-11,1,11.54,0.20,Bretagne,Livrée,Boutique
CMD01206,3,CL0058,PR0017,2024-06-11,5,45.27,0,Bretagne,Livrée,Boutique
CMD01206,4,CL0058,PR0028,2024-06-11,4,22.24,0.15,Bretagne,Livrée,Mobile
CMD01207,1,CL0197,PR0046,2024-06-02,3,46.03,0,Île-de-France,Livrée,En ligne
CMD01207,2,CL0197,PR0046,2024-06-02,2,43.53,0,Île-de-France,Livrée,Mobile
CMD01207,3,CL0197,PR0057,2024-06-02,3,43.39,0,Île-de-France,En cours,Mobile
CMD01207,4,CL0197,PR0031,2024-06-02,2,45.76,0,Île-de-France,Livrée,En ligne
CMD01208,1,CL0161,PR0042,2025-12-08,4,25.17,0.14,Sud,Livrée,Boutique
CMD01208,2,CL0161,PR0029,2025-12-08,5,9.93,0,Sud,Livrée,Boutique
CMD01209,1,CL0059,PR0047,2025-12-27,4,23.51,0,Est,Livrée,Mobile
CMD01209,2,CL0059,PR0033,2025-12-27,4,25.06,0.27,Est,Livrée,Mobile
CMD01210,1,CL0118,PR0018,2024-02-26,2,15.82,0,Nord,Livrée,Boutique
CMD01210,2,CL0118,PR0055,2024-02-26,3,14.97,0,Nord,Livrée,Mobile
CMD01210,3,CL0118,PR0055,2024-02-26,3,30.25,0,Nord,En cours,Boutique
CMD01210,4,CL0118,PR0004,2024-02-26,2,39.45,0,Nord,Livrée,En ligne
CMD01211,1,CL0196,PR0046,2025-09-28,3,23.01,0,Auvergne-Rhône-Alpes,Livrée,En ligne
CMD01211,2,CL0196,PR0004,2025-09-28,4,9.15,0,Auvergne-Rhône-Alpes,Annulée,Mobile
CMD01211,3,CL0196,PR0018,2025-09-28,5,26.83,0,Auvergne-Rhône-Alpes,Annulée,Mobile
CMD01212,1,CL0149,PR0005,2025-04-03,4,20.09,0.24,Est,En cours,Boutique
CMD01213,1,CL0059,PR0051,2024-02-03,3,12.15,0,Est,En cours,Mobile
CMD01213,2,CL0059,PR0016,2024-02-03,3,42.73,0,Est,Annulée,Boutique
CMD01213,3,CL0059,PR0036,2024-02-03,4,14.02,0,Est,Livrée,En ligne
CMD01214,1,CL0043,PR0018,2025-10-25,1,29.36,0.20,Bretagne,Livrée,Boutique
CMD01214,2,CL0043,PR0059,2025-10-25,1,19.50,0,Bretagne,Annulée,Mobile
CMD01215,1,CL0109,PR0053,2025-07-11,1,34.10,0,Occitanie,Livrée,Mobile
CMD01215,2,CL0109,PR0037,2025-07-11,4,3.48,0,Occitanie,Livrée,En ligne
CMD01215,3,CL0109,PR0035,2025-07-11,1,19.80,0,Occitanie,Livrée,Mobile
CMD01215,4,CL0109,PR0019,2025-07-11,2,2.14,0,Occitanie,En cours,En ligne
CMD01216,1,CL0097,PR0038,2024-07-01,5,26.90,0,Île-de-France,Livrée,Mobile
CMD01216,2,CL0097,PR0038,2024-07-01,2,5.84,0.10,Île-de-France,Annulée,En ligne
CMD01216,3,CL0097,PR0054,2024-07-01,4,17.43,0,Île-de-France,Livrée,En ligne
CMD01217,1,CL0173,PR0020,2024-02-08,4,6.38,0,Ouest,En cours,En ligne
CMD01218,1,CL0198,PR0039,2025-06-05,1,5.31,0,Sud,Livrée,Boutique
CMD01218,2,CL0198,PR0019,2025-06-05,5,10.99,0,Sud,Livrée,Boutique
CMD01218,3,CL0198,PR0019,2025-06-05,3,23.61,0,Sud,Livrée,Mobile
CMD01219,1,CL0164,PR0001,2024-03-11,4,4.07,0,Est,Livrée,Mobile
CMD01219,2,CL0164,PR0013,2024-03-11,2,17.25,0,Est,Livrée,Mobile
CMD01220,1,CL0133,PR0008,2025-02-17,5,25.32,0,Nord,Livrée,Boutique
CMD01220,2,CL0133,PR0031,2025-02-17,3,40.47,0,Nord,Livrée,Mobile
CMD01220,3,CL0133,PR0017,2025-02-17,1,15.87,0,Nord,Annulée,Boutique
CMD01220,4,CL0133,PR0038,2025-02-17,5,33.62,0.07,Nord,Livrée,En ligne
CMD01221,1,CL0051,PR0005,2024-06-26,3,30.48,0,Auvergne-Rhône-Alpes,Livrée,Mobile
CMD01221,2,CL0051,PR0017,2024-06-26,1,30.98,0,Auvergne-Rhône-Alpes,Livrée,En ligne
CMD01221,3,CL0051,PR0036,2024-06-26,4,13.73,0.08,Auvergne-Rhône-Alpes,Livrée,Boutique
CMD01222,1,CL0123,PR0029,2024-07-09,5,21.19,0.27,Est,Livrée,En ligne
CMD01222,2,CL0123,PR0041,2024-07-09,5,8.22,0,Est,Livrée,En ligne
CMD01223,1,CL0002,PR0050,2024-06-21,5,18.90,0,Occitanie,Annulée,Boutique
CMD01224,1,CL0077,PR0048,2025-09-20,4,3.85,0.13,Ouest,Livrée,Boutique
CMD01225,1,CL0099,PR0029,2025-06-06,2,20.48,0,Est,Livrée,Mobile
CMD01225,2,CL0099,PR0033,2025-06-06,2,14.90,0.03,Est,Livrée,En ligne
CMD01225,3,CL0099,PR0002,2025-06-06,5,38.67,0,Est,Livrée,Boutique
CMD01225,4,CL0099,PR0007,2025-06-06,3,22.21,0.21,Est,Annulée,Mobile
CMD01226,1,CL0005,PR0046,2025-03-07,1,45.03,0,Île-de-France,En cours,En ligne
CMD01226,2,CL0005,PR0018,2025-03-07,5,30.96,0,Île-de-France,Annulée,Boutique
CMD01226,3,CL0005,PR0058,2025-03-07,1,6.11,0.28,Île-de-France,Annulée,Mobile
CMD01227,1,CL0022,PR0006,2024-02-03,2,2.66,0,Occitanie,En cours,Mobile
CMD01227,2,CL0022,PR0028,2024-02-03,5,33.75,0,Occitanie,Livrée,Mobile
CMD01228,1,CL0118,PR0028,2025-06-27,4,36.60,0.27,Nord,Livrée,Mobile
CMD01228,2,CL0118,PR0029,2025-06-27,2,12.47,0,Nord,Livrée,Mobile
CMD01228,3,CL0118,PR0042,2025-06-27,1,18.95,0,Nord,Livrée,Mobile
CMD01228,4,CL0118,PR0050,2025-06-27,4,25.37,0,Nord,En cours,Mobile
CMD01229,1,CL0101,PR0017,2024-06-07,1,31.57,0,Île-de-France,Annulée,Boutique
CMD01229,2,CL0101,PR0023,2024-06-07,2,43.38,0.12,Île-de-France,En cours,Mobile
CMD01230,1,CL0198,PR0039,2025-06-05,1,9.39,0.14,Sud,Annulée,Mobile
CMD01231,1,CL0138,PR0040,2024-02-19,2,6.42,0,Île-de-France,En cours,Boutique
CMD01231,2,CL0138,PR0015,2024-02-19,2,40.47,0.01,Île-de-France,En cours,Boutique
CMD01231,3,CL0138,PR0055,2024-02-19,2,2.19,0,Île-de-France,Livrée,En ligne
CMD01231,4,CL0138,PR0010,2024-02-19,2,30.00,0,Île-de-France,Annulée,Mobile
CMD01232,1,CL0091,PR0028,2024-01-20,2,40.34,0.24,Auvergne-Rhône-Alpes,En cours,Mobile
CMD01233,1,CL0092,PR0038,2024-01-24,5,44.54,0,Ouest,Livrée,En ligne
CMD01233,2,CL0092,PR0052,2024-01-24,4,44.77,0,Ouest,Livrée,Mobile
CMD01234,1,CL0039,PR0056,2025-03-07,4,7.38,0,Auvergne-Rhône-Alpes,Livrée,Mobile
CMD01234,2,CL0039,PR0024,2025-03-07,1,10.89,0,Auvergne-Rhône-Alpes,Livrée,En ligne
CMD01234,3,CL0039,PR0012,2025-03-07,2,29.62,0,Auvergne-Rhône-Alpes,Livrée,En ligne
CMD01235,1,CL0140,PR0048,2025-08-19,1,16.72,0.11,Ouest,Livrée,Boutique
CMD01236,1,CL0185,PR0008,2025-10-04,5,31.41,0.05,Auvergne-Rhône-Alpes,Annulée,En ligne
CMD01236,2,CL0185,PR0007,2025-10-04,4,3.06,0,Auvergne-Rhône-Alpes,En cours,En ligne
CMD01237,1,CL0039,PR0051,2024-04-11,1,9.38,0,Auvergne-Rhône-Alpes,Livrée,En ligne
CMD01238,1,CL0090,PR0029,2024-02-06,5,37.67,0,Occitanie,Livrée,Mobile
CMD01238,2,CL0090,PR0028,2024-02-06,4,14.18,0,Occitanie,En cours,Mobile
CMD01238,3,CL0090,PR0038,2024-02-06,4,11.12,0.03,Occitanie,Annulée,En ligne
CMD01239,1,CL0012,PR0023,2024-01-12,1,46.71,0,Auvergne-Rhône-Alpes,Livrée,En ligne
CMD01239,2,CL0012,PR0030,2024-01-12,1,29.50,0,Auvergne-Rhône-Alpes,Livrée,En ligne
CMD01239,3,CL0012,PR0022,2024-01-12,5,46.91,0,Auvergne-Rhône-Alpes,Livrée,En ligne
CMD01239,4,CL0012,PR0017,2024-01-12,3,42.67,0.01,Auvergne-Rhône-Alpes,En cours,Mobile
CMD01240,1,CL0173,PR0012,2024-05-24,3,26.41,0,Ouest,Annulée,Mobile
CMD01240,2,CL0173,PR0054,2024-05-24,1,14.89,0,Ouest,Livrée,Mobile
CMD01240,3,CL0173,PR0034,2024-05-24,3,25.15,0,Ouest,Annulée,En ligne
CMD01241,1,CL0045,PR0002,2024-08-08,2,19.66,0,Sud,Livrée,Boutique
CMD01241,2,CL0045,PR0046,2024-08-08,3,42.57,0,Sud,Livrée,Mobile
CMD01241,3,CL0045,PR0035,2024-08-08,3,35.91,0,Sud,Livrée,Mobile
CMD01241,4,CL0045,PR0044,2024-08-08,2,24.09,0,Sud,Livrée,En ligne
CMD01242,1,CL0110,PR0015,2025-03-07,1,8.60,0,Nord,Annulée,Mobile
CMD01242,2,CL0110,PR0026,2025-03-07,5,8.35,0,Nord,Annulée,Boutique
CMD01243,1,CL0136,PR0018,2025-09-05,1,12.49,0.26,Bretagne,Annulée,En ligne
CMD01243,2,CL0136,PR0002,2025-09-05,4,14.49,0.00,Bretagne,Livrée,En ligne
CMD01243,3,CL0136,PR0026,2025-09-05,1,18.57,0,Bretagne,Livrée,Boutique
CMD01244,1,CL0174,PR0051,2025-11-04,4,34.38,0,Bretagne,En cours,Boutique
CMD01244,2,CL0174,PR0043,2025-11-04,1,2.98,0.21,Bretagne,Livrée,Mobile
CMD01244,3,CL0174,PR0004,2025-11-04,4,12.84,0,Bretagne,Livrée,Mobile
CMD01244,4,CL0174,PR0060,2025-11-04,2,35.73,0,Bretagne,Annulée,Mobile
CMD01245,1,CL0092,PR0018,2025-06-08,3,17.58,0,Ouest,Annulée,Mobile
CMD01245,2,CL0092,PR0027,2025-06-08,4,3.33,0,Ouest,Livrée,Boutique
CMD01245,3,CL0092,PR0050,2025-06-08,4,28.01,0,Ouest,Livrée,Mobile
CMD01245,4,CL0092,PR0025,2025-06-08,5,21.87,0,Ouest,Livrée,Boutique
CMD01246,1,CL0162,PR0032,2024-01-17,3,46.54,0,Sud,Annulée,Mobile
CMD01246,2,CL0162,PR0023,2024-01-17,3,16.68,0,Sud,En cours,Boutique
CMD01246,3,CL0162,PR0006,2024-01-17,4,25.01,0,Sud,Livrée,En ligne
CMD01247,1,CL0179,PR0006,2025-06-08,3,11.95,0.28,Nord,Livrée,En ligne
CMD01248,1,CL0099,PR0001,2025-11-27,4,39.80,0,Est,Annulée,Mobile
CMD01248,2,CL0099,PR0009,2025-11-27,1,6.21,0,Est,Livrée,Mobile
CMD01248,3,CL0099,PR0054,2025-11-27,3,7.88,0,Est,Annulée,Boutique
CMD01248,4,CL0099,PR0017,2025-11-27,5,22.89,0.09,Est,Livrée,Mobile
CMD01249,1,CL0081,PR0057,2024-02-11,2,41.73,0,Ouest,Livrée,En ligne
CMD01249,2,CL0081,PR0038,2024-02-11,5,25.53,0,Ouest,Livrée,En ligne
CMD01249,3,CL0081,PR0019,2024-02-11,2,10.49,0,Ouest,En cours,Mobile
CMD01249,4,CL0081,PR0025,2024-02-11,5,19.67,0,Ouest,Livrée,En ligne
CMD01250,1,CL0129,PR0016,2025-03-17,2,43.05,0,Est,Annulée,En ligne
CMD01250,2,CL0129,PR0049,2025-03-17,5,20.30,0,Est,Livrée,En ligne
CMD01251,1,CL0177,PR0042,2024-08-25,1,42.46,0,Sud,Livrée,En ligne
CMD01251,2,CL0177,PR0031,2024-08-25,3,41.83,0.11,Sud,Livrée,Mobile
CMD01251,3,CL0177,PR0026,2024-08-25,3,15.92,0,Sud,Livrée,Boutique
CMD01251,4,CL0177,PR0020,2024-08-25,1,36.65,0,Sud,En cours,En ligne
CMD01252,1,CL0170,PR0009,2025-03-11,3,12.89,0,Nord,Livrée,Mobile
CMD01252,2,CL0170,PR0037,2025-03-11,3,46.50,0,Nord,Livrée,Boutique
CMD01252,3,CL0170,PR0013,2025-03-11,3,17.69,0,Nord,Livrée,Boutique
CMD01253,1,CL0182,PR0030,2025-09-16,3,38.90,0,Auvergne-Rhône-Alpes,Livrée,Mobile
CMD01253,2,CL0182,PR0009,2025-09-16,2,39.79,0,Auvergne-Rhône-Alpes,Livrée,En ligne
CMD01253,3,CL0182,PR0032,2025-09-16,5,18.04,0,Auvergne-Rhône-Alpes,Livrée,Boutique
CMD01253,4,CL0182,PR0034,2025-09-16,2,19.62,0,Auvergne-Rhône-Alpes,Livrée,Boutique
CMD01254,1,CL0006,PR0019,2024-10-22,2,20.48,0,Ouest,Livrée,Mobile
CMD01254,2,CL0006,PR0036,2024-10-22,4,9.42,0,Ouest,Livrée,En ligne
CMD01254,3,CL0006,PR0059,2024-10-22,4,17.64,0,Ouest,Livrée,Boutique
CMD01255,1,CL0116,PR0005,2025-11-25,3,5.44,0,Bretagne,Livrée,En ligne
CMD01256,1,CL0010,PR0020,2024-02-06,3,20.36,0,Nord,En cours,Boutique
CMD01256,2,CL0010,PR0028,2024-02-06,3,26.18,0,Nord,Livrée,Mobile
CMD01257,1,CL0028,PR0059,2025-02-01,2,45.67,0,Nord,Livrée,Mobile
CMD01257,2,CL0028,PR0017,2025-02-01,5,42.22,0,Nord,Livrée,Mobile
CMD01257,3,CL0028,PR0041,2025-02-01,5,19.98,0,Nord,En cours,Mobile
CMD01257,4,CL0028,PR0056,2025-02-01,3,5.37,0,Nord,Livrée,Boutique
CMD01258,1,CL0062,PR0059,2025-08-04,1,45.18,0,Île-de-France,Livrée,Boutique
CMD01258,2,CL0062,PR0044,2025-08-04,4,29.60,0,Île-de-France,Livrée,Mobile
CMD01258,3,CL0062,PR0031,2025-08-04,5,43.15,0,Île-de-France,Livrée,Mobile
CMD01258,4,CL0062,PR0058,2025-08-04,1,44.02,0,Île-de-France,Livrée,Mobile
CMD01259,1,CL0184,PR0005,2025-07-21,3,19.13,0,Auvergne-Rhône-Alpes,En cours,Boutique
CMD01259,2,CL0184,PR0008,2025-07-21,1,34.21,0,Auvergne-Rhône-Alpes,Livrée,En ligne
CMD01260,1,CL0168,PR0032,2025-12-22,1,36.97,0,Bretagne,En cours,Boutique
CMD01260,2,CL0168,PR0009,2025-12-22,1,18.58,0,Bretagne,Livrée,Mobile
CMD01261,1,CL0191,PR0004,2025-08-21,3,38.88,0.16,Est,Annulée,Mobile
CMD01261,2,CL0191,PR0037,2025-08-21,3,34.98,0,Est,Livrée,Boutique
CMD01261,3,CL0191,PR0013,2025-08-21,4,24.32,0,Est,Livrée,Boutique
CMD01262,1,CL0008,PR0022,2024-05-22,2,46.93,0.14,Occitanie,Livrée,En ligne
CMD01263,1,CL0085,PR0035,2024-02-07,3,20.94,0,Sud,Livrée,Boutique
CMD01263,2,CL0085,PR0002,2024-02-07,5,27.22,0,Sud,Livrée,Boutique
CMD01263,3,CL0085,PR0043,2024-02-07,1,30.02,0,Sud,Annulée,En ligne
CMD01263,4,CL0085,PR0047,2024-02-07,2,45.12,0.29,Sud,Livrée,Boutique
CMD01264,1,CL0002,PR0059,2025-08-07,3,32.95,0,Occitanie,En cours,Boutique
CMD01264,2,CL0002,PR0013,2025-08-07,3,26.57,0,Occitanie,En cours,Mobile
CMD01264,3,CL0002,PR0052,2025-08-07,4,28.63,0,Occitanie,Annulée,En ligne
CMD01264,4,CL0002,PR0003,2025-08-07,5,7.39,0,Occitanie,Annulée,En ligne
CMD01265,1,CL0131,PR0027,2025-01-02,5,42.96,0,Auvergne-Rhône-Alpes,Livrée,Mobile
CMD01265,2,CL0131,PR0004,2025-01-02,3,27.11,0,Auvergne-Rhône-Alpes,En cours,Boutique
CMD01266,1,CL0010,PR0054,2024-12-01,3,28.72,0,Nord,Livrée,En ligne
CMD01267,1,CL0058,PR0027,2024-02-25,2,6.60,0,Bretagne,Annulée,Mobile
CMD01267,2,CL0058,PR0012,2024-02-25,1,42.05,0,Bretagne,Livrée,En ligne
CMD01267,3,CL0058,PR0043,2024-02-25,1,19.02,0.29,Bretagne,Livrée,Boutique
CMD01268,1,CL0047,PR0056,2024-12-07,4,46.77,0,Occitanie,Livrée,Mobile
CMD01269,1,CL0012,PR0008,2024-08-20,5,40.76,0.04,Auvergne-Rhône-Alpes,Livrée,Boutique
CMD01269,2,CL0012,PR0049,2024-08-20,3,26.01,0.06,Auvergne-Rhône-Alpes,Livrée,Boutique
CMD01270,1,CL0031,PR0049,2025-04-07,3,40.85,0,Île-de-France,Livrée,Mobile
CMD01271,1,CL0124,PR0049,2024-06-22,5,2.08,0,Est,Livrée,Boutique
CMD01271,2,CL0124,PR0060,2024-06-22,2,35.01,0,Est,Livrée,En ligne
CMD01272,1,CL0082,PR0053,2024-09-14,3,22.74,0,Bretagne,Annulée,En ligne
CMD01272,2,CL0082,PR0036,2024-09-14,5,32.68,0,Bretagne,Livrée,Mobile
CMD01273,1,CL0096,PR0060,2025-04-03,3,46.61,0.09,Nord,Livrée,Mobile
CMD01273,2,CL0096,PR0034,2025-04-03,5,38.74,0,Nord,En cours,En ligne
CMD01274,1,CL0169,PR0004,2025-03-23,1,28.39,0,Bretagne,Livrée,Mobile
CMD01274,2,CL0169,PR0006,2025-03-23,2,34.73,0,Bretagne,Livrée,Boutique
CMD01275,1,CL0190,PR0029,2024-07-22,3,36.72,0,Île-de-France,Livrée,En ligne
CMD01276,1,CL0089,PR0025,2025-01-09,5,46.51,0.30,Occitanie,Livrée,En ligne
CMD01276,2,CL0089,PR0047,2025-01-09,1,40.92,0,Occitanie,Livrée,Boutique
CMD01276,3,CL0089,PR0043,2025-01-09,5,14.16,0,Occitanie,Annulée,Boutique
CMD01276,4,CL0089,PR0024,2025-01-09,4,16.17,0,Occitanie,Livrée,Boutique
CMD01277,1,CL0019,PR0006,2025-01-13,3,31.71,0,Est,Livrée,Boutique
CMD01278,1,CL0109,PR0029,2024-07-03,5,17.35,0.22,Occitanie,Livrée,En ligne
CMD01278,2,CL0109,PR0056,2024-07-03,2,16.72,0,Occitanie,Livrée,Mobile
CMD01278,3,CL0109,PR0059,2024-07-03,4,6.14,0.09,Occitanie,En cours,Boutique
CMD01279,1,CL0133,PR0049,2025-11-23,5,27.72,0,Nord,Livrée,Boutique
CMD01279,2,CL0133,PR0010,2025-11-23,4,6.43,0,Nord,En cours,Mobile
CMD01280,1,CL0025,PR0028,2025-03-08,3,10.06,0,Occitanie,Livrée,En ligne
CMD01280,2,CL0025,PR0052,2025-03-08,4,46.14,0,Occitanie,Livrée,En ligne
CMD01280,3,CL0025,PR0044,2025-03-08,5,36.63,0,Occitanie,En cours,Mobile
CMD01280,4,CL0025,PR0047,2025-03-08,3,17.11,0,Occitanie,Annulée,Boutique
CMD01281,1,CL0112,PR0041,2025-10-25,2,42.52,0,Ouest,Livrée,Boutique
CMD01282,1,CL0153,PR0022,2025-06-13,1,45.74,0,Sud,Livrée,En ligne
CMD01282,2,CL0153,PR0029,2025-06-13,3,14.10,0,Sud,En cours,Mobile
CMD01283,1,CL0111,PR0006,2024-07-05,3,40.00,0,Sud,Livrée,Mobile
CMD01283,2,CL0111,PR0020,2024-07-05,1,22.14,0,Sud,Livrée,Mobile
CMD01283,3,CL0111,PR0033,2024-07-05,2,35.61,0,Sud,Livrée,En ligne
CMD01284,1,CL0109,PR0033,2025-03-26,5,10.53,0.11,Occitanie,En cours,En ligne
CMD01284,2,CL0109,PR0011,2025-03-26,3,39.21,0,Occitanie,Livrée,Mobile
CMD01285,1,CL0061,PR0010,2024-07-10,5,24.79,0,Auvergne-Rhône-Alpes,Annulée,En ligne
CMD01285,2,CL0061,PR0044,2024-07-10,4,13.26,0,Auvergne-Rhône-Alpes,Livrée,Mobile
CMD01285,3,CL0061,PR0050,2024-07-10,3,40.69,0.16,Auvergne-Rhône-Alpes,Livrée,Mobile
CMD01285,4,CL0061,PR0043,2024-07-10,1,9.91,0,Auvergne-Rhône-Alpes,Annulée,Boutique
CMD01286,1,CL0058,PR0015,2025-03-21,2,10.18,0,Bretagne,Livrée,Boutique
CMD01287,1,CL0196,PR0003,2025-08-02,3,3.32,0,Auvergne-Rhône-Alpes,Annulée,Boutique
CMD01288,1,CL0103,PR0060,2025-02-15,5,16.78,0,Est,Annulée,Boutique
CMD01289,1,CL0057,PR0036,2025-06-05,3,26.49,0,Est,Livrée,En ligne
CMD01289,2,CL0057,PR0043,2025-06-05,2,43.53,0,Est,Livrée,En ligne
CMD01289,3,CL0057,PR0036,2025-06-05,4,7.54,0,Est,Livrée,Mobile
CMD01289,4,CL0057,PR0056,2025-06-05,3,20.46,0,Est,En cours,Mobile
CMD01290,1,CL0037,PR0010,2024-01-22,4,36.49,0,Île-de-France,Livrée,Mobile
CMD01290,2,CL0037,PR0033,2024-01-22,1,38.60,0.29,Île-de-France,Livrée,Boutique
CMD01290,3,CL0037,PR0044,2024-01-22,2,10.91,0,Île-de-France,Annulée,Mobile
CMD01290,4,CL0037,PR0006,2024-01-22,4,8.87,0,Île-de-France,Annulée,Boutique
CMD01291,1,CL0045,PR0055,2024-06-01,5,43.68,0,Sud,Livrée,Boutique
CMD01291,2,CL0045,PR0032,2024-06-01,2,43.44,0,Sud,Livrée,Mobile
CMD01291,3,CL0045,PR0012,2024-06-01,2,45.70,0,Sud,Livrée,En ligne
CMD01291,4,CL0045,PR0048,2024-06-01,4,6.73,0,Sud,Livrée,En ligne
CMD01292,1,CL0163,PR0056,2024-06-09,5,11.81,0,Est,Livrée,Mobile
CMD01292,2,CL0163,PR0060,2024-06-09,5,36.98,0,Est,Livrée,En ligne
CMD01292,3,CL0163,PR0018,2024-06-09,1,38.54,0,Est,En cours,Mobile
CMD01292,4,CL0163,PR0043,2024-06-09,1,37.80,0,Est,Annulée,En ligne
CMD01293,1,CL0199,PR0012,2025-10-10,4,10.52,0,Île-de-France,Annulée,Boutique
CMD01294,1,CL0147,PR0022,2024-03-06,4,45.04,0,Nord,Livrée,En ligne
CMD01294,2,CL0147,PR0040,2024-03-06,3,29.72,0,Nord,Livrée,Boutique
CMD01294,3,CL0147,PR0060,2024-03-06,2,41.70,0.16,Nord,Livrée,Boutique
CMD01295,1,CL0112,PR0050,2024-10-09,2,32.42,0.09,Ouest,Annulée,Mobile
CMD01295,2,CL0112,PR0014,2024-10-09,3,27.72,0,Ouest,Livrée,En ligne
CMD01295,3,CL0112,PR0005,2024-10-09,5,23.66,0,Ouest,Annulée,En ligne
CMD01296,1,CL0148,PR0041,2024-11-24,1,35.29,0,Auvergne-Rhône-Alpes,Livrée,Mobile
CMD01296,2,CL0148,PR0016,2024-11-24,2,32.70,0,Auvergne-Rhône-Alpes,En cours,Boutique
CMD01297,1,CL0142,PR0040,2025-12-07,1,42.56,0.28,Ouest,En cours,Boutique
CMD01297,2,CL0142,PR0012,2025-12-07,3,11.96,0,Ouest,Livrée,Mobile
CMD01297,3,CL0142,PR0045,2025-12-07,5,29.87,0.09,Ouest,Annulée,Boutique
CMD01298,1,CL0083,PR0021,2025-01-08,5,35.73,0,Bretagne,Livrée,En ligne
CMD01298,2,CL0083,PR0015,2025-01-08,5,26.92,0.16,Bretagne,Livrée,Mobile
CMD01298,3,CL0083,PR0049,2025-01-08,5,13.87,0,Bretagne,Livrée,Mobile
CMD01299,1,CL0126,PR0052,2025-07-12,1,5.05,0,Occitanie,Livrée,Mobile
CMD01299,2,CL0126,PR0038,2025-07-12,5,10.96,0,Occitanie,Livrée,En ligne
CMD01299,3,CL0126,PR0049,2025-07-12,2,7.98,0,Occitanie,Livrée,Mobile
CMD01300,1,CL0196,PR0025,2024-08-19,5,18.60,0,Auvergne-Rhône-Alpes,En cours,En ligne
CMD01300,2,CL0196,PR0026,2024-08-19,2,42.99,0,Auvergne-Rhône-Alpes,Livrée,Mobile
CMD01300,3,CL0196,PR0033,2024-08-19,3,27.13,0,Auvergne-Rhône-Alpes,Livrée,En ligne
CMD01301,1,CL0141,PR0031,2024-06-14,1,21.01,0,Occitanie,Livrée,En ligne
CMD01302,1,CL0024,PR0013,2024-10-03,3,6.83,0,Est,Livrée,En ligne
CMD01302,2,CL0024,PR0057,2024-10-03,1,12.40,0,Est,Livrée,Boutique
CMD01302,3,CL0024,PR0001,2024-10-03,1,14.02,0,Est,En cours,Mobile
CMD01302,4,CL0024,PR0032,2024-10-03,2,4.16,0,Est,En cours,En ligne
CMD01303,1,CL0185,PR0002,2025-07-08,4,22.59,0,Auvergne-Rhône-Alpes,En cours,Mobile
CMD01303,2,CL0185,PR0042,2025-07-08,4,41.43,0,Auvergne-Rhône-Alpes,Livrée,Mobile
CMD01303,3,CL0185,PR0045,2025-07-08,3,8.76,0.13,Auvergne-Rhône-Alpes,Livrée,Boutique
CMD01304,1,CL0166,PR0033,2024-08-22,4,27.64,0,Sud,Livrée,En ligne
CMD01304,2,CL0166,PR0024,2024-08-22,5,39.05,0,Sud,Livrée,Mobile
CMD01304,3,CL0166,PR0029,2024-08-22,5,38.45,0,Sud,Livrée,Boutique
CMD01304,4,CL0166,PR0017,2024-08-22,5,22.18,0.27,Sud,Livrée,Mobile
CMD01305,1,CL0054,PR0053,2025-06-01,3,25.73,0,Est,Livrée,En ligne
CMD01305,2,CL0054,PR0018,2025-06-01,4,5.21,0,Est,Livrée,Boutique
CMD01305,3,CL0054,PR0029,2025-06-01,3,41.53,0,Est,Livrée,Boutique
CMD01306,1,CL0054,PR0037,2024-04-09,2,32.59,0.14,Est,En cours,En ligne
CMD01307,1,CL0042,PR0048,2024-07-15,1,35.05,0,Bretagne,En cours,En ligne
CMD01307,2,CL0042,PR0034,2024-07-15,5,4.60,0,Bretagne,Annulée,En ligne
CMD01307,3,CL0042,PR0060,2024-07-15,3,30.09,0,Bretagne,Livrée,Boutique
CMD01308,1,CL0155,PR0043,2024-09-05,2,31.28,0,Nord,Livrée,Mobile
CMD01308,2,CL0155,PR0018,2024-09-05,4,38.19,0.06,Nord,Livrée,En ligne
CMD01308,3,CL0155,PR0026,2024-09-05,1,26.85,0,Nord,En cours,Boutique
CMD01308,4,CL0155,PR0051,2024-09-05,5,3.41,0,Nord,Livrée,Boutique
CMD01309,1,CL0100,PR0018,2024-11-17,1,41.43,0,Sud,Livrée,Boutique
CMD01309,2,CL0100,PR0002,2024-11-17,3,43.39,0,Sud,Livrée,Boutique
CMD01310,1,CL0068,PR0059,2024-01-24,5,12.14,0,Est,Annulée,Mobile
CMD01310,2,CL0068,PR0016,2024-01-24,3,13.47,0,Est,Livrée,En ligne
CMD01310,3,CL0068,PR0007,2024-01-24,4,2.19,0.29,Est,Annulée,En ligne
CMD01310,4,CL0068,PR0006,2024-01-24,4,4.47,0,Est,Livrée,Boutique
CMD01311,1,CL0122,PR0015,2025-11-25,4,16.27,0.25,Ouest,Livrée,Boutique
CMD01311,2,CL0122,PR0013,2025-11-25,3,2.12,0.10,Ouest,Livrée,En ligne
CMD01311,3,CL0122,PR0050,2025-11-25,2,32.11,0.07,Ouest,Annulée,En ligne
CMD01312,1,CL0085,PR0014,2024-03-12,1,44.66,0.23,Sud,En cours,Boutique
CMD01312,2,CL0085,PR0029,2024-03-12,2,5.63,0.19,Sud,Livrée,En ligne
CMD01312,3,CL0085,PR0053,2024-03-12,3,28.75,0.18,Sud,En cours,Mobile
CMD01313,1,CL0198,PR0037,2025-02-14,1,23.15,0.27,Sud,Livrée,Boutique
CMD01314,1,CL0118,PR0005,2024-01-11,2,29.34,0,Nord,Livrée,Boutique
CMD01314,2,CL0118,PR0006,2024-01-11,5,5.61,0,Nord,Livrée,Mobile
CMD01314,3,CL0118,PR0044,2024-01-11,2,22.72,0,Nord,En cours,Boutique
CMD01315,1,CL0105,PR0003,2024-04-04,2,4.20,0,Ouest,Livrée,Mobile
CMD01315,2,CL0105,PR0042,2024-04-04,3,38.51,0,Ouest,Livrée,En ligne
CMD01315,3,CL0105,PR0030,2024-04-04,1,12.12,0,Ouest,Livrée,Boutique
CMD01316,1,CL0112,PR0045,2025-08-16,3,33.67,0,Ouest,Livrée,Boutique
CMD01317,1,CL0029,PR0046,2025-06-25,1,5.77,0,Île-de-France,Livrée,Mobile
CMD01317,2,CL0029,PR0036,2025-06-25,4,32.24,0,Île-de-France,En cours,Boutique
CMD01318,1,CL0186,PR0035,2024-09-02,4,18.15,0.30,Sud,En cours,Boutique
CMD01319,1,CL0047,PR0060,2025-02-26,2,32.44,0.22,Occitanie,En cours,Boutique
CMD01319,2,CL0047,PR0019,2025-02-26,4,44.38,0,Occitanie,Livrée,Mobile
CMD01320,1,CL0074,PR0001,2025-02-19,2,43.71,0,Auvergne-Rhône-Alpes,Annulée,En ligne
CMD01320,2,CL0074,PR0004,2025-02-19,1,38.57,0,Auvergne-Rhône-Alpes,Livrée,Mobile
CMD01320,3,CL0074,PR0016,2025-02-19,5,7.83,0,Auvergne-Rhône-Alpes,Livrée,Boutique
CMD01321,1,CL0122,PR0006,2024-10-24,5,29.96,0,Ouest,Livrée,En ligne
CMD01322,1,CL0006,PR0009,2024-01-01,3,42.09,0.27,Ouest,Livrée,En ligne
CMD01322,2,CL0006,PR0021,2024-01-01,3,21.38,0,Ouest,Livrée,Mobile
CMD01323,1,CL0133,PR0009,2025-11-02,4,5.87,0,Nord,Livrée,En ligne
CMD01323,2,CL0133,PR0002,2025-11-02,4,33.49,0,Nord,Livrée,Mobile
CMD01324,1,CL0115,PR0043,2025-05-20,1,43.41,0,Auvergne-Rhône-Alpes,Annulée,En ligne
CMD01325,1,CL0125,PR0059,2024-09-09,2,36.28,0,Ouest,Livrée,Mobile
CMD01326,1,CL0030,PR0033,2025-03-24,1,38.03,0,Est,Livrée,En ligne
CMD01326,2,CL0030,PR0028,2025-03-24,4,24.34,0,Est,Livrée,Boutique
CMD01327,1,CL0105,PR0009,2025-09-14,4,9.78,0,Ouest,Livrée,Mobile
CMD01327,2,CL0105,PR0022,2025-09-14,4,23.52,0,Ouest,Livrée,En ligne
CMD01328,1,CL0116,PR0010,2024-08-14,4,39.85,0,Bretagne,En cours,Mobile
CMD01328,2,CL0116,PR0033,2024-08-14,3,35.27,0,Bretagne,Livrée,Boutique
CMD01328,3,CL0116,PR0028,2024-08-14,4,46.35,0,Bretagne,Livrée,En ligne
CMD01329,1,CL0161,PR0024,2024-03-20,5,31.48,0.03,Sud,Livrée,Boutique
CMD01330,1,CL0195,PR0051,2025-09-22,3,25.81,0,Bretagne,Livrée,Mobile
CMD01330,2,CL0195,PR0018,2025-09-22,2,30.25,0,Bretagne,Livrée,Boutique
CMD01331,1,CL0008,PR0003,2024-06-18,4,33.13,0.25,Occitanie,Livrée,Mobile
CMD01331,2,CL0008,PR0022,2024-06-18,2,46.12,0,Occitanie,En cours,En ligne
CMD01331,3,CL0008,PR0010,2024-06-18,1,45.84,0,Occitanie,Annulée,Mobile
CMD01332,1,CL0090,PR0022,2024-01-15,3,19.00,0,Occitanie,En cours,Mobile
CMD01332,2,CL0090,PR0031,2024-01-15,4,19.30,0,Occitanie,Annulée,Mobile
CMD01332,3,CL0090,PR0039,2024-01-15,5,46.58,0,Occitanie,Livrée,En ligne
CMD01332,4,CL0090,PR0028,2024-01-15,1,33.71,0,Occitanie,En cours,Boutique
CMD01333,1,CL0020,PR0010,2024-06-07,2,15.06,0,Bretagne,Livrée,En ligne
CMD01333,2,CL0020,PR0034,2024-06-07,4,7.94,0,Bretagne,Livrée,Mobile
CMD01333,3,CL0020,PR0011,2024-06-07,4,45.73,0.15,Bretagne,Livrée,En ligne
CMD01334,1,CL0200,PR0008,2024-03-02,3,6.43,0,Bretagne,Annulée,Boutique
CMD01334,2,CL0200,PR0055,2024-03-02,2,29.07,0,Bretagne,Annulée,Mobile
CMD01334,3,CL0200,PR0046,2024-03-02,5,16.82,0,Bretagne,Livrée,Boutique
CMD01335,1,CL0060,PR0012,2024-04-02,4,28.77,0,Auvergne-Rhône-Alpes,En cours,En ligne
CMD01335,2,CL0060,PR0041,2024-04-02,3,15.87,0,Auvergne-Rhône-Alpes,Livrée,Boutique
CMD01335,3,CL0060,PR0049,2024-04-02,4,20.01,0,Auvergne-Rhône-Alpes,Annulée,Boutique
CMD01335,4,CL0060,PR0058,2024-04-02,4,5.97,0,Auvergne-Rhône-Alpes,Livrée,Mobile
CMD01336,1,CL0074,PR0056,2024-03-08,5,21.45,0,Auvergne-Rhône-Alpes,Livrée,Boutique
CMD01337,1,CL0072,PR0006,2025-06-07,4,33.46,0,Île-de-France,Livrée,Boutique
CMD01337,2,CL0072,PR0010,2025-06-07,5,45.28,0.23,Île-de-France,Livrée,Boutique
CMD01337,3,CL0072,PR0020,2025-06-07,4,16.04,0.05,Île-de-France,Livrée,Mobile
CMD01338,1,CL0016,PR0049,2024-03-18,3,10.32,0,Ouest,Livrée,Mobile
CMD01338,2,CL0016,PR0015,2024-03-18,3,44.39,0,Ouest,Livrée,En ligne
CMD01338,3,CL0016,PR0058,2024-03-18,5,22.27,0,Ouest,Annulée,Mobile
CMD01339,1,CL0179,PR0054,2025-10-25,4,25.90,0,Nord,Livrée,Mobile
CMD01340,1,CL0025,PR0047,2024-11-19,1,46.01,0,Occitanie,En cours,Mobile
CMD01340,2,CL0025,PR0017,2024-11-19,1,11.10,0,Occitanie,Livrée,Mobile
CMD01340,3,CL0025,PR0040,2024-11-19,3,3.79,0.23,Occitanie,Annulée,Mobile
CMD01340,4,CL0025,PR0015,2024-11-19,3,38.45,0.01,Occitanie,En cours,En ligne
CMD01341,1,CL0014,PR0007,2025-05-04,5,14.13,0,Occitanie,Annulée,Boutique
CMD01341,2,CL0014,PR0043,2025-05-04,1,16.41,0,Occitanie,Livrée,Mobile
CMD01341,3,CL0014,PR0054,2025-05-04,2,16.42,0,Occitanie,Livrée,En ligne
CMD01342,1,CL0074,PR0051,2025-11-27,4,35.32,0,Auvergne-Rhône-Alpes,En cours,En ligne
CMD01342,2,CL0074,PR0025,2025-11-27,2,21.54,0,Auvergne-Rhône-Alpes,En cours,En ligne
CMD01342,3,CL0074,PR0050,2025-11-27,5,5.47,0,Auvergne-Rhône-Alpes,Livrée,Mobile
CMD01342,4,CL0074,PR0043,2025-11-27,2,3.11,0,Auvergne-Rhône-Alpes,Livrée,Boutique
CMD01343,1,CL0100,PR0055,2024-10-23,1,14.93,0,Sud,Livrée,Boutique
CMD01344,1,CL0152,PR0021,2025-11-01,5,29.62,0,Auvergne-Rhône-Alpes,Livrée,En ligne
CMD01344,2,CL0152,PR0044,2025-11-01,2,27.78,0,Auvergne-Rhône-Alpes,Livrée,Mobile
CMD01344,3,CL0152,PR0006,2025-11-01,3,7.23,0.17,Auvergne-Rhône-Alpes,Livrée,Boutique
CMD01344,4,CL0152,PR0040,2025-11-01,4,36.50,0,Auvergne-Rhône-Alpes,Annulée,Boutique
CMD01345,1,CL0190,PR0038,2025-01-11,3,8.71,0,Île-de-France,Livrée,En ligne
CMD01345,2,CL0190,PR0041,2025-01-11,1,25.28,0.07,Île-de-France,En cours,Mobile
CMD01345,3,CL0190,PR0057,2025-01-11,2,34.12,0,Île-de-France,Livrée,Mobile
CMD01345,4,CL0190,PR0056,2025-01-11,3,30.68,0,Île-de-France,Livrée,Mobile
CMD01346,1,CL0022,PR0049,2025-05-03,1,4.25,0,Occitanie,Livrée,Boutique
CMD01346,2,CL0022,PR0037,2025-05-03,4,45.00,0,Occitanie,En cours,Mobile
CMD01346,3,CL0022,PR0035,2025-05-03,2,28.51,0,Occitanie,Livrée,Mobile
CMD01347,1,CL0151,PR0047,2025-11-24,3,24.19,0,Ouest,Livrée,Boutique
CMD01347,2,CL0151,PR0005,2025-11-24,2,26.73,0,Ouest,Livrée,Mobile
CMD01347,3,CL0151,PR0048,2025-11-24,5,12.89,0,Ouest,Livrée,Boutique
CMD01348,1,CL0053,PR0052,2024-02-07,4,19.68,0,Île-de-France,En cours,Boutique
CMD01349,1,CL0173,PR0004,2025-06-10,3,22.97,0,Ouest,Annulée,Boutique
CMD01349,2,CL0173,PR0025,2025-06-10,5,40.22,0,Ouest,Livrée,En ligne
CMD01350,1,CL0088,PR0031,2024-07-17,5,8.73,0,Ouest,Livrée,En ligne
CMD01350,2,CL0088,PR0029,2024-07-17,4,11.63,0,Ouest,Annulée,Mobile
CMD01350,3,CL0088,PR0045,2024-07-17,4,17.38,0,Ouest,Livrée,Mobile
CMD01351,1,CL0107,PR0024,2024-10-18,1,22.04,0,Auvergne-Rhône-Alpes,Livrée,En ligne
CMD01351,2,CL0107,PR0046,2024-10-18,5,47.00,0,Auvergne-Rhône-Alpes,Livrée,Boutique
CMD01351,3,CL0107,PR0038,2024-10-18,4,15.30,0,Auvergne-Rhône-Alpes,Livrée,En ligne
CMD01352,1,CL0039,PR0011,2025-02-28,5,35.32,0,Auvergne-Rhône-Alpes,Livrée,Mobile
CMD01353,1,CL0026,PR0008,2024-05-27,5,33.02,0,Nord,Livrée,En ligne
CMD01354,1,CL0170,PR0014,2025-05-15,4,8.46,0,Nord,Livrée,Mobile
CMD01354,2,CL0170,PR0058,2025-05-15,5,30.39,0.20,Nord,Livrée,Mobile
CMD01354,3,CL0170,PR0039,2025-05-15,1,8.46,0,Nord,En cours,En ligne
CMD01354,4,CL0170,PR0055,2025-05-15,5,6.95,0.28,Nord,Annulée,Mobile
CMD01355,1,CL0156,PR0056,2024-12-22,2,9.28,0,Auvergne-Rhône-Alpes,Livrée,En ligne
CMD01355,2,CL0156,PR0039,2024-12-22,3,21.60,0,Auvergne-Rhône-Alpes,Livrée,En ligne
CMD01356,1,CL0083,PR0015,2024-08-17,5,13.08,0.07,Bretagne,En cours,Boutique
CMD01356,2,CL0083,PR0023,2024-08-17,1,10.63,0,Bretagne,Livrée,Mobile
CMD01356,3,CL0083,PR0018,2024-08-17,5,25.89,0.22,Bretagne,Livrée,En ligne
CMD01356,4,CL0083,PR0043,2024-08-17,2,25.76,0,Bretagne,Livrée,En ligne
CMD01357,1,CL0021,PR0049,2025-07-20,5,12.86,0,Île-de-France,Annulée,Boutique
CMD01357,2,CL0021,PR0055,2025-07-20,2,24.59,0,Île-de-France,Livrée,Boutique
CMD01357,3,CL0021,PR0058,2025-07-20,3,40.62,0,Île-de-France,Livrée,Mobile
CMD01357,4,CL0021,PR0004,2025-07-20,2,43.90,0,Île-de-France,Annulée,Mobile
CMD01358,1,CL0128,PR0023,2025-08-25,5,14.29,0,Auvergne-Rhône-Alpes,Livrée,Mobile
CMD01358,2,CL0128,PR0050,2025-08-25,1,24.76,0,Auvergne-Rhône-Alpes,Livrée,Boutique
CMD01358,3,CL0128,PR0042,2025-08-25,4,14.06,0,Auvergne-Rhône-Alpes,Livrée,En ligne
CMD01358,4,CL0128,PR0056,2025-08-25,3,4.49,0,Auvergne-Rhône-Alpes,Livrée,Boutique
CMD01359,1,CL0068,PR0010,2024-11-05,1,2.74,0.18,Est,Livrée,Boutique
CMD01359,2,CL0068,PR0008,2024-11-05,5,40.93,0,Est,Annulée,Mobile
CMD01360,1,CL0100,PR0035,2024-12-28,3,24.66,0,Sud,Livrée,Boutique
CMD01361,1,CL0134,PR0033,2024-05-28,5,31.69,0,Ouest,Livrée,Boutique
CMD01361,2,CL0134,PR0022,2024-05-28,5,7.27,0,Ouest,Annulée,En ligne
CMD01361,3,CL0134,PR0031,2024-05-28,3,46.93,0.01,Ouest,Annulée,Boutique
CMD01362,1,CL0046,PR0040,2024-05-25,4,5.83,0,Île-de-France,Livrée,Mobile
CMD01362,2,CL0046,PR0020,2024-05-25,2,34.71,0,Île-de-France,Livrée,En ligne
CMD01363,1,CL0161,PR0057,2025-05-14,5,35.77,0.12,Sud,Livrée,En ligne
CMD01363,2,CL0161,PR0056,2025-05-14,2,25.80,0,Sud,Annulée,En ligne
CMD01364,1,CL0047,PR0034,2025-06-13,3,6.23,0,Occitanie,Livrée,Boutique
CMD01365,1,CL0178,PR0025,2024-11-08,4,36.11,0,Ouest,Annulée,En ligne
CMD01365,2,CL0178,PR0015,2024-11-08,4,12.91,0,Ouest,En cours,Boutique
CMD01366,1,CL0120,PR0009,2025-12-23,1,17.93,0,Sud,En cours,Boutique
CMD01366,2,CL0120,PR0037,2025-12-23,5,31.12,0,Sud,Livrée,Boutique
CMD01366,3,CL0120,PR0039,2025-12-23,1,34.72,0,Sud,Annulée,En ligne
CMD01366,4,CL0120,PR0016,2025-12-23,3,3.52,0,Sud,Annulée,En ligne
CMD01367,1,CL0109,PR0027,2025-12-08,1,4.97,0,Occitanie,Livrée,Mobile
CMD01367,2,CL0109,PR0034,2025-12-08,4,25.46,0,Occitanie,Livrée,Boutique
CMD01367,3,CL0109,PR0034,2025-12-08,2,35.61,0.05,Occitanie,Livrée,Boutique
CMD01368,1,CL0187,PR0040,2024-10-05,5,3.82,0,Auvergne-Rhône-Alpes,Annulée,En ligne
CMD01369,1,CL0127,PR0052,2024-06-17,4,15.45,0,Est,Livrée,En ligne
CMD01369,2,CL0127,PR0026,2024-06-17,2,19.22,0.24,Est,En cours,Boutique
CMD01369,3,CL0127,PR0039,2024-06-17,2,41.30,0.14,Est,Livrée,En ligne
CMD01370,1,CL0030,PR0041,2025-09-14,4,38.60,0.06,Est,Livrée,Mobile
CMD01370,2,CL0030,PR0026,2025-09-14,1,9.68,0,Est,Annulée,En ligne
CMD01371,1,CL0008,PR0034,2024-02-26,2,2.12,0,Occitanie,Livrée,Boutique
CMD01371,2,CL0008,PR0044,2024-02-26,3,43.23,0.29,Occitanie,Livrée,Mobile
CMD01371,3,CL0008,PR0038,2024-02-26,2,2.75,0,Occitanie,Annulée,Boutique
CMD01371,4,CL0008,PR0022,2024-02-26,3,3.54,0,Occitanie,Livrée,En ligne
CMD01372,1,CL0143,PR0024,2025-09-08,2,17.92,0,Auvergne-Rhône-Alpes,Livrée,En ligne
CMD01372,2,CL0143,PR0035,2025-09-08,2,33.60,0,Auvergne-Rhône-Alpes,Livrée,Mobile
CMD01372,3,CL0143,PR0045,2025-09-08,4,33.22,0,Auvergne-Rhône-Alpes,Livrée,Mobile
CMD01373,1,CL0045,PR0017,2025-09-18,3,16.96,0,Sud,Livrée,Mobile
CMD01373,2,CL0045,PR0036,2025-09-18,2,14.20,0,Sud,En cours,Boutique
CMD01374,1,CL0055,PR0026,2025-05-11,4,13.74,0,Est,Livrée,En ligne
CMD01374,2,CL0055,PR0035,2025-05-11,1,6.12,0.30,Est,En cours,Mobile
CMD01374,3,CL0055,PR0033,2025-05-11,4,23.12,0,Est,Livrée,Boutique
CMD01375,1,CL0168,PR0035,2024-12-05,3,10.74,0,Bretagne,Annulée,En ligne
CMD01375,2,CL0168,PR0054,2024-12-05,4,45.78,0,Bretagne,Annulée,Boutique
CMD01375,3,CL0168,PR0017,2024-12-05,2,21.91,0,Bretagne,En cours,En ligne
CMD01375,4,CL0168,PR0057,2024-12-05,2,17.88,0.29,Bretagne,Livrée,Mobile
CMD01376,1,CL0072,PR0035,2025-03-05,3,42.01,0,Île-de-France,Annulée,Boutique
CMD01377,1,CL0007,PR0030,2025-10-19,3,5.60,0,Est,Livrée,Boutique
CMD01377,2,CL0007,PR0019,2025-10-19,5,42.53,0,Est,Livrée,En ligne
CMD01377,3,CL0007,PR0013,2025-10-19,1,12.73,0,Est,Livrée,En ligne
CMD01378,1,CL0125,PR0033,2025-04-18,5,31.49,0,Ouest,Livrée,Mobile
CMD01378,2,CL0125,PR0019,2025-04-18,4,6.85,0.01,Ouest,Livrée,Boutique
CMD01378,3,CL0125,PR0052,2025-04-18,2,34.19,0,Ouest,Livrée,Mobile
CMD01378,4,CL0125,PR0028,2025-04-18,4,30.11,0,Ouest,Livrée,Boutique
CMD01379,1,CL0011,PR0027,2025-07-22,1,25.65,0,Auvergne-Rhône-Alpes,Livrée,En ligne
CMD01380,1,CL0019,PR0033,2025-07-06,2,31.42,0,Est,Livrée,En ligne
CMD01380,2,CL0019,PR0013,2025-07-06,5,8.20,0,Est,Livrée,Mobile
CMD01380,3,CL0019,PR0059,2025-07-06,2,25.83,0.12,Est,Livrée,Mobile
CMD01381,1,CL0124,PR0053,2025-07-06,1,19.70,0,Est,Livrée,Boutique
CMD01381,2,CL0124,PR0031,2025-07-06,5,12.25,0,Est,Annulée,En ligne
CMD01381,3,CL0124,PR0054,2025-07-06,3,13.29,0,Est,Livrée,En ligne
CMD01381,4,CL0124,PR0012,2025-07-06,3,31.34,0,Est,Livrée,Mobile
CMD01382,1,CL0131,PR0047,2024-04-08,5,11.15,0.13,Auvergne-Rhône-Alpes,Livrée,Boutique
CMD01383,1,CL0158,PR0041,2025-08-16,1,6.32,0,Ouest,Livrée,En ligne
CMD01383,2,CL0158,PR0046,2025-08-16,1,7.46,0.20,Ouest,En cours,En ligne
CMD01384,1,CL0101,PR0051,2024-04-07,3,34.27,0,Île-de-France,Livrée,Boutique
CMD01384,2,CL0101,PR0018,2024-04-07,2,10.46,0,Île-de-France,Livrée,Mobile
CMD01384,3,CL0101,PR0048,2024-04-07,1,35.74,0,Île-de-France,Livrée,En ligne
CMD01384,4,CL0101,PR0029,2024-04-07,5,33.94,0,Île-de-France,Livrée,Boutique
CMD01385,1,CL0102,PR0055,2025-07-05,2,3.52,0.03,Est,Livrée,Mobile
CMD01386,1,CL0077,PR0009,2024-03-17,1,40.05,0.15,Ouest,Livrée,En ligne
CMD01387,1,CL0152,PR0019,2024-07-12,1,22.87,0,Auvergne-Rhône-Alpes,Livrée,Boutique
CMD01388,1,CL0115,PR0057,2025-09-14,2,19.30,0,Auvergne-Rhône-Alpes,Livrée,Boutique
CMD01388,2,CL0115,PR0043,2025-09-14,1,26.62,0,Auvergne-Rhône-Alpes,En cours,Boutique
CMD01388,3,CL0115,PR0046,2025-09-14,4,22.48,0,Auvergne-Rhône-Alpes,Livrée,En ligne
CMD01388,4,CL0115,PR0003,2025-09-14,4,2.95,0,Auvergne-Rhône-Alpes,Livrée,Boutique
CMD01389,1,CL0167,PR0046,2024-01-22,3,20.83,0.28,Auvergne-Rhône-Alpes,Livrée,Mobile
CMD01389,2,CL0167,PR0018,2024-01-22,3,27.69,0,Auvergne-Rhône-Alpes,En cours,Boutique
CMD01390,1,CL0121,PR0013,2025-04-01,1,30.80,0,Île-de-France,En cours,Boutique
CMD01390,2,CL0121,PR0028,2025-04-01,2,31.78,0,Île-de-France,Livrée,Boutique
CMD01391,1,CL0098,PR0018,2024-04-01,3,36.12,0,Ouest,Livrée,En ligne
CMD01391,2,CL0098,PR0014,2024-04-01,4,25.21,0.29,Ouest,Livrée,En ligne
CMD01392,1,CL0185,PR0043,2024-08-08,2,29.96,0,Auvergne-Rhône-Alpes,Livrée,En ligne
CMD01392,2,CL0185,PR0043,2024-08-08,1,38.78,0,Auvergne-Rhône-Alpes,Livrée,Boutique
CMD01393,1,CL0043,PR0012,2024-07-17,1,27.71,0,Bretagne,Livrée,Boutique
CMD01393,2,CL0043,PR0037,2024-07-17,4,45.79,0.07,Bretagne,En cours,En ligne
CMD01393,3,CL0043,PR0032,2024-07-17,1,34.83,0,Bretagne,Livrée,Boutique
CMD01394,1,CL0149,PR0004,2025-10-04,4,26.34,0,Est,Annulée,Boutique
CMD01394,2,CL0149,PR0009,2025-10-04,5,44.62,0,Est,En cours,Mobile
CMD01395,1,CL0190,PR0021,2025-02-14,5,46.67,0,Île-de-France,Livrée,Mobile
CMD01395,2,CL0190,PR0027,2025-02-14,3,10.01,0,Île-de-France,Livrée,Mobile
CMD01395,3,CL0190,PR0020,2025-02-14,5,6.62,0,Île-de-France,En cours,Boutique
CMD01395,4,CL0190,PR0034,2025-02-14,3,12.60,0,Île-de-France,Annulée,En ligne
CMD01396,1,CL0122,PR0003,2024-04-23,5,22.63,0,Ouest,En cours,Boutique
CMD01396,2,CL0122,PR0041,2024-04-23,5,12.96,0,Ouest,Livrée,En ligne
CMD01397,1,CL0050,PR0003,2024-09-24,4,11.50,0.00,Sud,Livrée,En ligne
CMD01397,2,CL0050,PR0025,2024-09-24,1,42.25,0,Sud,En cours,Boutique
CMD01398,1,CL0008,PR0023,2024-02-14,5,8.58,0,Occitanie,Annulée,Boutique
CMD01398,2,CL0008,PR0011,2024-02-14,2,32.43,0,Occitanie,Livrée,En ligne
CMD01398,3,CL0008,PR0043,2024-02-14,5,34.01,0,Occitanie,Livrée,En ligne
CMD01399,1,CL0177,PR0046,2025-08-09,4,34.59,0,Sud,Livrée,Boutique
CMD01400,1,CL0073,PR0016,2025-04-02,4,10.48,0,Nord,Annulée,Mobile
CMD01400,2,CL0073,PR0029,2025-04-02,5,29.36,0,Nord,Livrée,Boutique
CMD01401,1,CL0059,PR0037,2025-09-01,3,4.96,0,Est,Livrée,En ligne
CMD01401,2,CL0059,PR0022,2025-09-01,1,40.69,0,Est,En cours,En ligne
CMD01401,3,CL0059,PR0013,2025-09-01,4,8.02,0,Est,Livrée,En ligne
CMD01402,1,CL0181,PR0016,2024-04-03,5,41.73,0,Bretagne,Livrée,Mobile
CMD01403,1,CL0134,PR0055,2024-02-25,1,28.62,0,Ouest,Livrée,Mobile
CMD01403,2,CL0134,PR0024,2024-02-25,4,44.89,0,Ouest,Livrée,En ligne
CMD01403,3,CL0134,PR0037,2024-02-25,4,46.23,0.29,Ouest,Livrée,En ligne
CMD01404,1,CL0165,PR0027,2024-03-05,5,38.47,0,Occitanie,Livrée,Mobile
CMD01404,2,CL0165,PR0010,2024-03-05,1,36.75,0.04,Occitanie,Livrée,Mobile
CMD01404,3,CL0165,PR0047,2024-03-05,5,15.88,0,Occitanie,Livrée,Mobile
CMD01405,1,CL0040,PR0018,2024-01-08,4,36.33,0.25,Occitanie,Livrée,Boutique
CMD01405,2,CL0040,PR0011,2024-01-08,4,38.97,0,Occitanie,Livrée,Mobile
CMD01406,1,CL0107,PR0034,2024-07-25,5,29.53,0,Auvergne-Rhône-Alpes,En cours,Boutique
CMD01407,1,CL0005,PR0030,2024-02-02,1,30.18,0,Île-de-France,Livrée,En ligne
CMD01407,2,CL0005,PR0008,2024-02-02,4,22.80,0,Île-de-France,Annulée,Mobile
CMD01407,3,CL0005,PR0042,2024-02-02,5,25.56,0,Île-de-France,Livrée,En ligne
CMD01408,1,CL0064,PR0010,2024-04-07,2,41.62,0.12,Est,Livrée,En ligne
CMD01409,1,CL0003,PR0055,2025-01-20,5,45.17,0,Est,Livrée,En ligne
CMD01410,1,CL0089,PR0006,2025-03-02,3,45.13,0.16,Occitanie,En cours,Boutique
CMD01410,2,CL0089,PR0043,2025-03-02,2,3.90,0.00,Occitanie,Livrée,En ligne
CMD01410,3,CL0089,PR0036,2025-03-02,1,12.11,0.21,Occitanie,Livrée,Mobile
CMD01410,4,CL0089,PR0016,2025-03-02,3,11.56,0.26,Occitanie,Livrée,En ligne
CMD01411,1,CL0059,PR0032,2025-09-20,1,9.79,0.14,Est,Annulée,Boutique
CMD01411,2,CL0059,PR0051,2025-09-20,2,4.45,0,Est,Livrée,En ligne
CMD01411,3,CL0059,PR0035,2025-09-20,3,33.09,0,Est,Livrée,En ligne
CMD01411,4,CL0059,PR0038,2025-09-20,3,4.58,0,Est,Livrée,Mobile
CMD01412,1,CL0076,PR0060,2024-06-15,3,39.85,0,Sud,Livrée,En ligne
CMD01412,2,CL0076,PR0037,2024-06-15,2,23.83,0,Sud,Annulée,En ligne
CMD01412,3,CL0076,PR0009,2024-06-15,3,22.76,0.27,Sud,Livrée,Boutique
CMD01413,1,CL0046,PR0059,2025-10-04,4,31.17,0,Île-de-France,Annulée,Boutique
CMD01413,2,CL0046,PR0017,2025-10-04,3,19.54,0,Île-de-France,Livrée,En ligne
CMD01413,3,CL0046,PR0045,2025-10-04,5,5.00,0,Île-de-France,Livrée,En ligne
CMD01413,4,CL0046,PR0016,2025-10-04,5,37.43,0,Île-de-France,Livrée,Mobile
CMD01414,1,CL0143,PR0002,2024-02-11,1,4.49,0,Auvergne-Rhône-Alpes,Annulée,En ligne
CMD01414,2,CL0143,PR0034,2024-02-11,2,42.23,0,Auvergne-Rhône-Alpes,Livrée,En ligne
CMD01414,3,CL0143,PR0018,2024-02-11,1,30.17,0.19,Auvergne-Rhône-Alpes,En cours,En ligne
CMD01415,1,CL0139,PR0025,2025-06-25,1,40.13,0.05,Bretagne,Livrée,En ligne
CMD01415,2,CL0139,PR0054,2025-06-25,1,45.46,0,Bretagne,Livrée,Boutique
CMD01415,3,CL0139,PR0013,2025-06-25,3,3.92,0,Bretagne,En cours,Boutique
CMD01415,4,CL0139,PR0031,2025-06-25,3,39.54,0,Bretagne,Livrée,Boutique
CMD01416,1,CL0026,PR0007,2024-02-15,1,28.94,0,Nord,Livrée,En ligne
CMD01416,2,CL0026,PR0029,2024-02-15,2,39.18,0,Nord,Livrée,Mobile
CMD01416,3,CL0026,PR0002,2024-02-15,5,43.18,0,Nord,Annulée,Mobile
CMD01417,1,CL0174,PR0003,2024-04-25,5,31.70,0,Bretagne,Livrée,En ligne
CMD01417,2,CL0174,PR0003,2024-04-25,2,12.46,0,Bretagne,Livrée,Boutique
CMD01418,1,CL0055,PR0014,2025-09-13,4,8.95,0,Est,Livrée,Boutique
CMD01418,2,CL0055,PR0031,2025-09-13,5,24.38,0,Est,Livrée,Boutique
CMD01419,1,CL0073,PR0055,2024-10-20,1,32.92,0,Nord,Livrée,Boutique
CMD01419,2,CL0073,PR0025,2024-10-20,2,7.89,0,Nord,Livrée,Mobile
CMD01419,3,CL0073,PR0059,2024-10-20,3,15.22,0,Nord,Livrée,En ligne
CMD01420,1,CL0014,PR0051,2025-09-19,4,44.38,0.13,Occitanie,Livrée,Boutique
CMD01420,2,CL0014,PR0040,2025-09-19,2,13.48,0.09,Occitanie,Livrée,En ligne
CMD01420,3,CL0014,PR0028,2025-09-19,3,44.82,0,Occitanie,Livrée,En ligne
CMD01421,1,CL0040,PR0037,2024-02-15,5,5.26,0.10,Occitanie,Livrée,Mobile
CMD01421,2,CL0040,PR0049,2024-02-15,4,17.13,0,Occitanie,En cours,En ligne
CMD01421,3,CL0040,PR0039,2024-02-15,4,19.16,0.05,Occitanie,Annulée,Boutique
CMD01421,4,CL0040,PR0049,2024-02-15,5,27.04,0,Occitanie,Livrée,Boutique
CMD01422,1,CL0165,PR0056,2025-01-09,2,4.57,0,Occitanie,Livrée,Mobile
CMD01422,2,CL0165,PR0060,2025-01-09,2,18.17,0.05,Occitanie,Annulée,En ligne
CMD01423,1,CL0145,PR0017,2025-12-22,3,33.26,0,Nord,Livrée,Boutique
CMD01424,1,CL0190,PR0052,2025-06-26,4,9.70,0,Île-de-France,Livrée,En ligne
CMD01424,2,CL0190,PR0040,2025-06-26,1,34.96,0,Île-de-France,Livrée,En ligne
CMD01424,3,CL0190,PR0050,2025-06-26,2,19.57,0,Île-de-France,Annulée,En ligne
CMD01425,1,CL0050,PR0006,2024-05-07,1,21.38,0,Sud,Livrée,Boutique
CMD01425,2,CL0050,PR0035,2024-05-07,4,17.36,0.20,Sud,Livrée,Mobile
CMD01426,1,CL0178,PR0054,2025-07-12,1,33.20,0.01,Ouest,Livrée,En ligne
CMD01426,2,CL0178,PR0020,2025-07-12,3,19.04,0.07,Ouest,En cours,En ligne
CMD01426,3,CL0178,PR0029,2025-07-12,3,23.94,0,Ouest,Livrée,Mobile
CMD01426,4,CL0178,PR0047,2025-07-12,2,32.70,0.01,Ouest,Livrée,Mobile
CMD01427,1,CL0118,PR0035,2024-08-19,4,19.53,0.08,Nord,Livrée,En ligne
CMD01427,2,CL0118,PR0031,2024-08-19,1,26.89,0,Nord,Livrée,Mobile
CMD01427,3,CL0118,PR0031,2024-08-19,5,31.69,0,Nord,En cours,En ligne
CMD01428,1,CL0112,PR0031,2025-06-13,4,4.20,0,Ouest,Livrée,Boutique
CMD01428,2,CL0112,PR0057,2025-06-13,1,7.16,0,Ouest,Livrée,Mobile
CMD01428,3,CL0112,PR0023,2025-06-13,5,40.95,0,Ouest,En cours,Boutique
CMD01428,4,CL0112,PR0010,2025-06-13,3,33.22,0.14,Ouest,Livrée,En ligne
CMD01429,1,CL0147,PR0036,2025-06-05,3,33.15,0.17,Nord,Annulée,En ligne
CMD01429,2,CL0147,PR0007,2025-06-05,3,27.61,0,Nord,Livrée,Mobile
CMD01429,3,CL0147,PR0024,2025-06-05,3,39.10,0,Nord,Livrée,En ligne
CMD01429,4,CL0147,PR0022,2025-06-05,1,29.02,0,Nord,Annulée,Mobile
CMD01430,1,CL0138,PR0014,2025-06-20,3,44.71,0,Île-de-France,Livrée,En ligne
CMD01430,2,CL0138,PR0024,2025-06-20,3,3.59,0,Île-de-France,Livrée,Mobile
CMD01431,1,CL0064,PR0053,2025-07-06,1,44.76,0,Est,Livrée,En ligne
CMD01431,2,CL0064,PR0036,2025-07-06,5,20.87,0,Est,Livrée,Boutique
CMD01431,3,CL0064,PR0035,2025-07-06,4,30.67,0,Est,Annulée,En ligne
CMD01432,1,CL0177,PR0053,2025-08-09,1,18.06,0,Sud,Livrée,En ligne
CMD01432,2,CL0177,PR0031,2025-08-09,4,44.57,0.07,Sud,Livrée,En ligne
CMD01432,3,CL0177,PR0007,2025-08-09,3,8.44,0,Sud,Livrée,Boutique
CMD01432,4,CL0177,PR0009,2025-08-09,2,39.04,0,Sud,Livrée,Boutique
CMD01433,1,CL0040,PR0021,2025-02-18,3,19.95,0,Occitanie,Annulée,En ligne
CMD01434,1,CL0120,PR0020,2024-09-12,3,21.27,0.07,Sud,Livrée,En ligne
CMD01434,2,CL0120,PR0013,2024-09-12,4,25.33,0,Sud,Livrée,Mobile
CMD01434,3,CL0120,PR0026,2024-09-12,1,5.99,0,Sud,Livrée,Boutique
CMD01435,1,CL0125,PR0043,2025-05-18,5,25.69,0,Ouest,Livrée,Boutique
CMD01435,2,CL0125,PR0017,2025-05-18,5,22.77,0,Ouest,En cours,Mobile
CMD01435,3,CL0125,PR0051,2025-05-18,5,36.16,0.25,Ouest,En cours,Boutique
CMD01436,1,CL0167,PR0002,2024-03-21,1,8.87,0,Auvergne-Rhône-Alpes,En cours,Boutique
CMD01437,1,CL0168,PR0015,2025-02-06,2,22.43,0,Bretagne,Annulée,Mobile
CMD01437,2,CL0168,PR0006,2025-02-06,2,8.89,0,Bretagne,En cours,En ligne
CMD01437,3,CL0168,PR0007,2025-02-06,4,37.63,0,Bretagne,Livrée,Boutique
CMD01438,1,CL0010,PR0059,2024-06-06,4,8.74,0,Nord,Livrée,Boutique
CMD01438,2,CL0010,PR0055,2024-06-06,3,10.88,0,Nord,Livrée,En ligne
CMD01438,3,CL0010,PR0013,2024-06-06,4,26.34,0,Nord,En cours,Boutique
CMD01439,1,CL0093,PR0049,2025-08-16,1,18.76,0,Auvergne-Rhône-Alpes,Livrée,Boutique
CMD01439,2,CL0093,PR0030,2025-08-16,4,20.08,0.27,Auvergne-Rhône-Alpes,Livrée,En ligne
CMD01440,1,CL0053,PR0020,2024-08-14,1,11.30,0,Île-de-France,Livrée,Boutique
CMD01440,2,CL0053,PR0034,2024-08-14,1,7.79,0,Île-de-France,Livrée,Mobile
CMD01440,3,CL0053,PR0021,2024-08-14,3,35.98,0,Île-de-France,Livrée,Mobile
CMD01440,4,CL0053,PR0057,2024-08-14,1,24.77,0.13,Île-de-France,Livrée,Mobile
CMD01441,1,CL0030,PR0025,2025-04-21,5,43.85,0,Est,Livrée,Boutique
CMD01441,2,CL0030,PR0038,2025-04-21,2,12.81,0.06,Est,Livrée,En ligne
CMD01441,3,CL0030,PR0037,2025-04-21,5,22.07,0,Est,Livrée,Mobile
CMD01441,4,CL0030,PR0052,2025-04-21,1,21.04,0.07,Est,Livrée,Mobile
CMD01442,1,CL0117,PR0020,2024-09-25,3,12.23,0,Auvergne-Rhône-Alpes,En cours,Mobile
CMD01442,2,CL0117,PR0048,2024-09-25,3,44.81,0.25,Auvergne-Rhône-Alpes,En cours,Boutique
CMD01442,3,CL0117,PR0009,2024-09-25,3,6.06,0.16,Auvergne-Rhône-Alpes,Livrée,Mobile
CMD01442,4,CL0117,PR0027,2024-09-25,3,34.91,0.09,Auvergne-Rhône-Alpes,Livrée,En ligne
CMD01443,1,CL0111,PR0026,2025-05-20,2,20.92,0,Sud,Livrée,En ligne
CMD01443,2,CL0111,PR0056,2025-05-20,4,46.34,0,Sud,Livrée,En ligne
CMD01444,1,CL0059,PR0039,2025-10-18,3,19.76,0,Est,Annulée,Mobile
CMD01444,2,CL0059,PR0033,2025-10-18,3,23.19,0,Est,Livrée,Boutique
CMD01444,3,CL0059,PR0019,2025-10-18,4,3.08,0,Est,En cours,Mobile
CMD01444,4,CL0059,PR0019,2025-10-18,3,44.73,0,Est,Annulée,Boutique
CMD01445,1,CL0101,PR0055,2025-12-28,4,20.74,0,Île-de-France,Livrée,Boutique
CMD01445,2,CL0101,PR0003,2025-12-28,4,13.02,0,Île-de-France,Livrée,Boutique
CMD01445,3,CL0101,PR0047,2025-12-28,2,19.26,0,Île-de-France,Livrée,Boutique
CMD01446,1,CL0045,PR0057,2024-03-04,1,20.02,0,Sud,Livrée,En ligne
CMD01446,2,CL0045,PR0058,2024-03-04,2,46.78,0,Sud,Livrée,Boutique
CMD01446,3,CL0045,PR0022,2024-03-04,5,36.75,0.06,Sud,Livrée,Boutique
CMD01446,4,CL0045,PR0028,2024-03-04,3,15.96,0,Sud,Annulée,Boutique
CMD01447,1,CL0103,PR0012,2025-08-04,5,18.69,0,Est,Livrée,Boutique
CMD01448,1,CL0123,PR0007,2025-08-08,5,15.72,0,Est,Livrée,En ligne
CMD01449,1,CL0148,PR0053,2024-08-10,4,28.15,0,Auvergne-Rhône-Alpes,Livrée,Boutique
CMD01449,2,CL0148,PR0051,2024-08-10,5,45.94,0,Auvergne-Rhône-Alpes,Livrée,Boutique
CMD01449,3,CL0148,PR0053,2024-08-10,1,12.84,0,Auvergne-Rhône-Alpes,Livrée,Mobile
CMD01449,4,CL0148,PR0059,2024-08-10,5,7.96,0,Auvergne-Rhône-Alpes,Livrée,En ligne
CMD01450,1,CL0103,PR0012,2025-06-04,5,2.47,0.22,Est,Livrée,En ligne
CMD01451,1,CL0049,PR0042,2025-05-18,5,31.21,0,Auvergne-Rhône-Alpes,Livrée,En ligne
CMD01451,2,CL0049,PR0043,2025-05-18,2,31.29,0,Auvergne-Rhône-Alpes,Livrée,Mobile
CMD01452,1,CL0136,PR0004,2025-03-27,2,46.86,0,Bretagne,Livrée,Boutique
CMD01453,1,CL0065,PR0033,2024-10-18,4,24.33,0,Occitanie,Livrée,Boutique
CMD01453,2,CL0065,PR0030,2024-10-18,5,7.31,0,Occitanie,Livrée,Boutique
CMD01453,3,CL0065,PR0008,2024-10-18,2,32.48,0,Occitanie,Livrée,Boutique
CMD01454,1,CL0176,PR0051,2024-10-21,1,12.42,0.20,Occitanie,Livrée,En ligne
CMD01454,2,CL0176,PR0056,2024-10-21,2,14.19,0.14,Occitanie,Livrée,En ligne
CMD01455,1,CL0100,PR0015,2025-12-17,3,5.41,0,Sud,En cours,Mobile
CMD01455,2,CL0100,PR0021,2025-12-17,2,14.30,0,Sud,Annulée,Boutique
CMD01455,3,CL0100,PR0022,2025-12-17,4,31.85,0,Sud,Livrée,En ligne
CMD01455,4,CL0100,PR0040,2025-12-17,1,12.27,0,Sud,Annulée,Mobile
CMD01456,1,CL0139,PR0031,2024-07-12,4,18.30,0,Bretagne,Annulée,Boutique
CMD01456,2,CL0139,PR0041,2024-07-12,5,35.35,0,Bretagne,Livrée,Boutique
CMD01456,3,CL0139,PR0020,2024-07-12,2,31.38,0,Bretagne,Livrée,Mobile
CMD01456,4,CL0139,PR0017,2024-07-12,1,9.64,0,Bretagne,Annulée,En ligne
CMD01457,1,CL0103,PR0042,2025-10-14,1,19.69,0,Est,Annulée,Boutique
CMD01458,1,CL0169,PR0008,2024-03-10,5,37.18,0,Bretagne,Livrée,Mobile
CMD01458,2,CL0169,PR0048,2024-03-10,3,19.65,0,Bretagne,Livrée,En ligne
CMD01458,3,CL0169,PR0040,2024-03-10,3,18.20,0.20,Bretagne,Livrée,Mobile
CMD01459,1,CL0145,PR0056,2024-01-02,5,40.53,0,Nord,Livrée,Mobile
CMD01459,2,CL0145,PR0010,2024-01-02,5,26.51,0,Nord,Annulée,Boutique
CMD01459,3,CL0145,PR0007,2024-01-02,5,12.13,0,Nord,Livrée,En ligne
CMD01459,4,CL0145,PR0003,2024-01-02,4,39.78,0.10,Nord,Livrée,Mobile
CMD01460,1,CL0123,PR0053,2024-11-20,1,10.64,0.07,Est,Livrée,Boutique
CMD01460,2,CL0123,PR0015,2024-11-20,5,19.07,0,Est,Livrée,En ligne
CMD01461,1,CL0122,PR0039,2024-02-27,5,10.75,0.20,Ouest,Livrée,Boutique
CMD01461,2,CL0122,PR0038,2024-02-27,3,23.74,0.23,Ouest,Livrée,Mobile
CMD01462,1,CL0069,PR0039,2024-07-26,3,10.81,0,Sud,Livrée,Mobile
CMD01462,2,CL0069,PR0014,2024-07-26,3,18.27,0.09,Sud,Livrée,Boutique
CMD01463,1,CL0154,PR0006,2025-07-17,4,9.13,0,Bretagne,Livrée,En ligne
CMD01464,1,CL0112,PR0041,2025-12-07,5,21.10,0,Ouest,En cours,Mobile
CMD01465,1,CL0060,PR0014,2025-04-20,2,21.04,0,Auvergne-Rhône-Alpes,Livrée,Mobile
CMD01465,2,CL0060,PR0019,2025-04-20,5,5.61,0,Auvergne-Rhône-Alpes,Livrée,En ligne
CMD01466,1,CL0017,PR0001,2025-04-09,2,13.03,0,Occitanie,Livrée,Boutique
CMD01466,2,CL0017,PR0056,2025-04-09,2,41.93,0,Occitanie,En cours,En ligne
CMD01466,3,CL0017,PR0044,2025-04-09,4,36.85,0,Occitanie,Livrée,En ligne
CMD01467,1,CL0121,PR0035,2024-11-16,4,41.87,0,Île-de-France,Livrée,Boutique
CMD01468,1,CL0090,PR0027,2025-03-04,1,5.17,0,Occitanie,Livrée,Mobile
CMD01468,2,CL0090,PR0015,2025-03-04,1,25.74,0.24,Occitanie,Annulée,En ligne
CMD01469,1,CL0131,PR0008,2024-05-19,5,30.41,0,Auvergne-Rhône-Alpes,Livrée,En ligne
CMD01469,2,CL0131,PR0022,2024-05-19,3,2.59,0,Auvergne-Rhône-Alpes,Livrée,Mobile
CMD01469,3,CL0131,PR0025,2024-05-19,5,36.45,0,Auvergne-Rhône-Alpes,Livrée,Boutique
CMD01470,1,CL0175,PR0025,2025-03-26,1,41.12,0.20,Ouest,Livrée,Mobile
CMD01470,2,CL0175,PR0008,2025-03-26,2,15.37,0,Ouest,Livrée,En ligne
CMD01470,3,CL0175,PR0014,2025-03-26,5,38.41,0,Ouest,Livrée,En ligne
CMD01470,4,CL0175,PR0001,2025-03-26,1,13.95,0.10,Ouest,Annulée,En ligne
CMD01471,1,CL0029,PR0003,2025-07-01,2,36.30,0.09,Île-de-France,Livrée,Boutique
CMD01472,1,CL0197,PR0020,2025-03-05,5,2.52,0.12,Île-de-France,Livrée,En ligne
CMD01472,2,CL0197,PR0047,2025-03-05,1,42.73,0,Île-de-France,Livrée,En ligne
CMD01472,3,CL0197,PR0042,2025-03-05,5,39.47,0,Île-de-France,En cours,Boutique
CMD01472,4,CL0197,PR0040,2025-03-05,5,9.99,0,Île-de-France,Annulée,Mobile
CMD01473,1,CL0118,PR0007,2024-11-13,4,44.84,0,Nord,Annulée,Boutique
CMD01473,2,CL0118,PR0056,2024-11-13,2,44.91,0,Nord,Livrée,Mobile
CMD01474,1,CL0004,PR0029,2025-01-05,2,35.14,0,Est,Livrée,Mobile
CMD01474,2,CL0004,PR0047,2025-01-05,1,24.08,0,Est,Livrée,Mobile
CMD01475,1,CL0037,PR0013,2024-09-28,4,14.11,0,Île-de-France,Livrée,Boutique
CMD01475,2,CL0037,PR0051,2024-09-28,3,37.07,0,Île-de-France,Livrée,En ligne
CMD01475,3,CL0037,PR0043,2024-09-28,3,21.67,0,Île-de-France,Annulée,En ligne
CMD01476,1,CL0006,PR0009,2024-09-13,2,26.36,0,Ouest,Livrée,Boutique
CMD01476,2,CL0006,PR0020,2024-09-13,3,34.98,0.28,Ouest,Livrée,Mobile
CMD01477,1,CL0034,PR0047,2024-01-16,2,34.47,0,Île-de-France,Livrée,Boutique
CMD01477,2,CL0034,PR0049,2024-01-16,3,10.12,0.27,Île-de-France,Livrée,En ligne
CMD01477,3,CL0034,PR0042,2024-01-16,2,6.95,0,Île-de-France,Livrée,Mobile
CMD01478,1,CL0129,PR0007,2025-12-08,4,28.18,0,Est,Livrée,Boutique
CMD01478,2,CL0129,PR0038,2025-12-08,4,21.74,0,Est,En cours,Boutique
CMD01479,1,CL0192,PR0057,2024-02-04,3,27.04,0,Occitanie,Livrée,Mobile
CMD01479,2,CL0192,PR0007,2024-02-04,2,37.37,0,Occitanie,Livrée,Boutique
CMD01480,1,CL0068,PR0039,2025-08-10,1,5.19,0,Est,Annulée,Mobile
CMD01480,2,CL0068,PR0021,2025-08-10,1,17.21,0.28,Est,En cours,Boutique
CMD01481,1,CL0181,PR0011,2024-06-01,5,39.82,0,Bretagne,Annulée,Boutique
CMD01481,2,CL0181,PR0033,2024-06-01,1,17.22,0,Bretagne,Livrée,En ligne
CMD01482,1,CL0094,PR0011,2024-03-26,4,7.49,0,Nord,Livrée,Mobile
CMD01482,2,CL0094,PR0026,2024-03-26,1,6.90,0.06,Nord,Livrée,En ligne
CMD01482,3,CL0094,PR0002,2024-03-26,4,31.09,0,Nord,Livrée,En ligne
CMD01482,4,CL0094,PR0025,2024-03-26,3,33.46,0,Nord,Livrée,En ligne
CMD01483,1,CL0051,PR0036,2024-04-10,1,17.10,0,Auvergne-Rhône-Alpes,Annulée,En ligne
CMD01483,2,CL0051,PR0055,2024-04-10,1,24.71,0,Auvergne-Rhône-Alpes,Annulée,En ligne
CMD01483,3,CL0051,PR0045,2024-04-10,4,2.02,0.16,Auvergne-Rhône-Alpes,En cours,Boutique
CMD01484,1,CL0190,PR0018,2025-08-22,2,30.54,0,Île-de-France,En cours,Mobile
CMD01484,2,CL0190,PR0058,2025-08-22,1,13.04,0,Île-de-France,Livrée,Boutique
CMD01484,3,CL0190,PR0045,2025-08-22,1,39.08,0,Île-de-France,Annulée,Mobile
CMD01485,1,CL0029,PR0042,2024-06-10,2,26.22,0,Île-de-France,Livrée,Mobile
CMD01485,2,CL0029,PR0001,2024-06-10,2,21.04,0,Île-de-France,En cours,Boutique
CMD01485,3,CL0029,PR0026,2024-06-10,5,41.86,0,Île-de-France,Livrée,Mobile
CMD01485,4,CL0029,PR0029,2024-06-10,3,28.71,0,Île-de-France,Livrée,En ligne
CMD01486,1,CL0106,PR0003,2024-04-28,3,37.65,0,Auvergne-Rhône-Alpes,En cours,En ligne
CMD01486,2,CL0106,PR0022,2024-04-28,5,10.20,0,Auvergne-Rhône-Alpes,Livrée,Boutique
CMD01486,3,CL0106,PR0040,2024-04-28,3,17.91,0,Auvergne-Rhône-Alpes,Livrée,Mobile
CMD01487,1,CL0124,PR0039,2025-03-15,1,40.87,0,Est,Annulée,Boutique
CMD01488,1,CL0038,PR0060,2025-08-22,3,40.74,0,Bretagne,Livrée,Boutique
CMD01489,1,CL0113,PR0002,2024-06-08,1,9.01,0,Occitanie,Annulée,En ligne
CMD01490,1,CL0193,PR0014,2025-06-08,5,27.88,0,Ouest,Livrée,Boutique
CMD01490,2,CL0193,PR0051,2025-06-08,4,46.41,0,Ouest,Livrée,Mobile
CMD01490,3,CL0193,PR0056,2025-06-08,4,2.17,0,Ouest,En cours,Boutique
CMD01490,4,CL0193,PR0020,2025-06-08,2,7.82,0,Ouest,Annulée,Boutique
CMD01491,1,CL0110,PR0056,2024-05-17,5,24.65,0,Nord,Annulée,Mobile
CMD01491,2,CL0110,PR0001,2024-05-17,1,9.98,0,Nord,Livrée,Boutique
CMD01492,1,CL0057,PR0013,2024-04-11,2,43.15,0.04,Est,Livrée,Mobile
CMD01492,2,CL0057,PR0001,2024-04-11,3,15.62,0,Est,En cours,Mobile
CMD01492,3,CL0057,PR0001,2024-04-11,4,38.48,0,Est,En cours,Mobile
CMD01493,1,CL0022,PR0058,2025-10-28,4,5.41,0,Occitanie,Livrée,Mobile
CMD01494,1,CL0137,PR0019,2024-09-08,2,41.41,0,Bretagne,Livrée,Boutique
CMD01494,2,CL0137,PR0036,2024-09-08,3,29.97,0,Bretagne,Livrée,Boutique
CMD01495,1,CL0089,PR0043,2025-03-26,4,23.14,0,Occitanie,En cours,Boutique
CMD01495,2,CL0089,PR0036,2025-03-26,4,6.79,0,Occitanie,Livrée,En ligne
CMD01496,1,CL0034,PR0006,2024-02-08,3,2.61,0,Île-de-France,En cours,Mobile
CMD01496,2,CL0034,PR0026,2024-02-08,4,32.37,0,Île-de-France,Livrée,En ligne
CMD01496,3,CL0034,PR0048,2024-02-08,3,20.74,0,Île-de-France,Livrée,Mobile
CMD01496,4,CL0034,PR0020,2024-02-08,1,6.18,0.02,Île-de-France,Livrée,Boutique
CMD01497,1,CL0093,PR0050,2025-09-06,1,18.81,0,Auvergne-Rhône-Alpes,En cours,Boutique
CMD01497,2,CL0093,PR0044,2025-09-06,2,39.00,0.10,Auvergne-Rhône-Alpes,Livrée,En ligne
CMD01497,3,CL0093,PR0042,2025-09-06,3,20.20,0,Auvergne-Rhône-Alpes,Livrée,Mobile
CMD01498,1,CL0053,PR0024,2025-08-28,4,30.76,0,Île-de-France,Livrée,En ligne
CMD01498,2,CL0053,PR0042,2025-08-28,5,10.58,0,Île-de-France,Livrée,Boutique
CMD01499,1,CL0077,PR0054,2024-12-27,4,35.01,0,Ouest,Livrée,Boutique
CMD01499,2,CL0077,PR0040,2024-12-27,4,10.06,0,Ouest,Livrée,En ligne
CMD01500,1,CL0019,PR0001,2024-01-21,3,9.41,0,Est,Livrée,Mobile
CMD01500,2,CL0019,PR0049,2024-01-21,3,18.93,0,Est,Livrée,Mobile
CMD01500,3,CL0019,PR0012,2024-01-21,3,8.16,0,Est,Livrée,En ligne
